
> hri@1.2.6 dev:turbo
> powershell -ExecutionPolicy Bypass -Command "$env:NEXT_TELEMETRY_DISABLED='1'; next dev -p 8021 --turbo"

   ▲ Next.js 15.5.9 (Turbopack)
   - Local:        http://localhost:8021
   - Network:      http://26.170.213.222:8021
   - Environments: .env.local, .env
   - Experiments (use with caution):
     · serverActions
     · optimizePackageImports

 ✓ Starting...
 ✓ Compiled instrumentation Node.js in 16ms
 ✓ Compiled instrumentation Edge in 28ms
 ✓ Compiled middleware in 127ms
 ✓ Ready in 2.3s
 ○ Compiling /api/sse ...
 ✓ Compiled /api/sse in 1202ms
 ○ Compiling /payroll ...
 ✓ Compiled /payroll in 9.8s
 GET /payroll 200 in 10231ms
 ○ Compiling /_not-found/page ...
 ✓ Compiled /_not-found/page in 1021ms
 GET /_next/_next/static/chunks/src_app_icon_png_mjs_3156d20d._.js 404 in 2002ms
 GET /_next/_next/static/chunks/src_lib_4d035bc4._.js 404 in 253ms
 GET /_next/_next/static/chunks/src_components_layout_b00434ac._.js 404 in 215ms
 GET /_next/_next/static/chunks/src_317e1f44._.js 404 in 188ms
 GET /_next/_next/static/chunks/node_modules_tailwind-merge_dist_bundle-mjs_mjs_56b6fd65._.js 404 in 200ms
 GET /_next/_next/static/chunks/node_modules_entities_lib_2ca50a9e._.js 404 in 187ms
 GET /_next/_next/static/chunks/node_modules_validator_fb99dfc5._.js 404 in 190ms
 GET /_next/_next/static/chunks/node_modules_zod_v3_511383c7._.js 404 in 207ms
 GET /_next/_next/static/chunks/src_app_layout_tsx_0a548d63._.js 404 in 487ms
 GET /_next/_next/static/chunks/src_components_payroll_PayrollWorkspace_tsx_3ecd4da1._.js 404 in 189ms
 GET /_next/_next/static/chunks/src_75b6a2ac._.js 404 in 200ms
 GET /_next/_next/static/chunks/src_app_payroll_page_tsx_555ecb6c._.js 404 in 182ms
 ✓ Compiled instrumentation Node.js in 0ms
 ✓ Compiled instrumentation Edge in 0ms
 ✓ Compiled middleware in 1ms
 ✓ Compiled instrumentation Node.js in 0ms
 ✓ Compiled instrumentation Edge in 0ms
 ✓ Compiled middleware in 1ms
 GET /api/sse 200 in 189360ms
 GET /payroll 200 in 1050ms
 ○ Compiling /api/user-preferences ...
 ✓ Compiled /api/user-preferences in 1032ms
 GET /api/user-preferences 200 in 2416ms
 GET /api/auth/session 200 in 2466ms
 ✓ Compiled /api/settings/system-settings in 475ms
 GET /api/settings/system-settings?keys=appLogoDataUrl%2CappName%2CshowLogoOnly%2CsidebarLogoSize%2CcollapsedSidebarLogoSize%2CsidebarLogoCollapsedLightMode%2CsidebarLogoExpandedLightMode%2CsidebarLogoCollapsedDarkMode%2CsidebarLogoExpandedDarkMode%2CthemePreference%2CprimaryGradient%2CprimaryButtonShadowL%2CprimaryButtonShadowHoverL%2CprimaryButtonShadowD%2CprimaryButtonShadowHoverD%2CsidebarBackgroundType%2CsidebarBackgroundImageUrl%2CsidebarBackgroundImageFit%2CsidebarBackgroundImagePosition%2CsidebarNavigationMode%2CsidebarSecondaryGroupLabels%2CsidebarBgStartL%2CsidebarBgEndL%2CsidebarTextL%2CsidebarActiveBgStartL%2CsidebarActiveBgEndL%2CsidebarActiveTextL%2CsidebarHoverBgL%2CsidebarHoverTextL%2CsidebarBorderL%2CbuttonTextColorL%2CbuttonTextColorD%2CsidebarBgStartD%2CsidebarBgEndD%2CsidebarTextD%2CsidebarActiveBgStartD%2CsidebarActiveBgEndD%2CsidebarActiveTextD%2CsidebarHoverBgD%2CsidebarHoverTextD%2CsidebarBorderD%2CsidebarFontFamilyL%2CsidebarFontSizeL%2CsidebarFontWeightL%2CsidebarLineHeightL%2CsidebarLetterSpacingL%2CsidebarTextTransformL%2CsidebarFontFamilyD%2CsidebarFontSizeD%2CsidebarFontWeightD%2CsidebarLineHeightD%2CsidebarLetterSpacingD%2CsidebarTextTransformD%2CsidebarBorderWidthL%2CsidebarBorderStyleL%2CsidebarBorderRadiusL%2CsidebarShadowL%2CsidebarShadowHoverL%2CsidebarShadowActiveL%2CsidebarBorderWidthD%2CsidebarBorderStyleD%2CsidebarBorderRadiusD%2CsidebarShadowD%2CsidebarShadowHoverD%2CsidebarShadowActiveD%2CsidebarPaddingXL%2CsidebarPaddingYL%2CsidebarMarginL%2CsidebarGapL%2CsidebarWidthL%2CsidebarWidthCollapsedL%2CsidebarTransitionDurationL%2CsidebarTransitionTimingL%2CsidebarPaddingXD%2CsidebarPaddingYD%2CsidebarMarginD%2CsidebarGapD%2CsidebarWidthD%2CsidebarWidthCollapsedD%2CsidebarTransitionDurationD%2CsidebarTransitionTimingD%2CsidebarMenuItemBgL%2CsidebarMenuItemBgHoverL%2CsidebarMenuItemBgActiveL%2CsidebarMenuItemColorL%2CsidebarMenuItemColorHoverL%2CsidebarMenuItemColorActiveL%2CsidebarMenuItemBorderL%2CsidebarMenuItemBorderHoverL%2CsidebarMenuItemBorderActiveL%2CsidebarMenuItemBorderRadiusL%2CsidebarMenuItemPaddingXL%2CsidebarMenuItemPaddingYL%2CsidebarMenuItemMarginL%2CsidebarMenuItemFontWeightL%2CsidebarMenuItemFontWeightActiveL%2CsidebarMenuItemFontSizeL%2CsidebarMenuItemLineHeightL%2CsidebarMenuItemTransitionL%2CsidebarMenuItemBgD%2CsidebarMenuItemBgHoverD%2CsidebarMenuItemBgActiveD%2CsidebarMenuItemColorD%2CsidebarMenuItemColorHoverD%2CsidebarMenuItemColorActiveD%2CsidebarMenuItemBorderD%2CsidebarMenuItemBorderHoverD%2CsidebarMenuItemBorderActiveD%2CsidebarMenuItemBorderRadiusD%2CsidebarMenuItemPaddingXD%2CsidebarMenuItemPaddingYD%2CsidebarMenuItemMarginD%2CsidebarMenuItemFontWeightD%2CsidebarMenuItemFontWeightActiveD%2CsidebarMenuItemFontSizeD%2CsidebarMenuItemLineHeightD%2CsidebarMenuItemTransitionD%2CsidebarIconSizeL%2CsidebarIconColorL%2CsidebarIconColorHoverL%2CsidebarIconColorActiveL%2CsidebarIconMarginRightL%2CsidebarIconTransitionL%2CsidebarIconSizeD%2CsidebarIconColorD%2CsidebarIconColorHoverD%2CsidebarIconColorActiveD%2CsidebarIconMarginRightD%2CsidebarIconTransitionD%2CsidebarGroupLabelColorL%2CsidebarGroupLabelFontSizeL%2CsidebarGroupLabelFontWeightL%2CsidebarGroupLabelTextTransformL%2CsidebarGroupLabelLetterSpacingL%2CsidebarGroupLabelPaddingL%2CsidebarGroupLabelMarginL%2CsidebarGroupLabelColorD%2CsidebarGroupLabelFontSizeD%2CsidebarGroupLabelFontWeightD%2CsidebarGroupLabelTextTransformD%2CsidebarGroupLabelLetterSpacingD%2CsidebarGroupLabelPaddingD%2CsidebarGroupLabelMarginD 200 in 1054ms
 GET /api/settings/system-settings?keys=appName%2CappLogoDataUrl%2CappFaviconDataUrl%2CorganizationLogoDataUrl%2CappThemePreference%2CshowLogoOnly%2CsidebarLogoSize%2CsidebarLogoCollapsedLightMode%2CsidebarLogoExpandedLightMode%2CsidebarLogoCollapsedDarkMode%2CsidebarLogoExpandedDarkMode%2CloginPageLogoLightMode%2CloginPageLogoDarkMode%2CsplashBackgroundColor%2CsplashLogoDataUrl%2CsplashAnimationType%2CpwaEnabled%2CpwaThemeColor%2CpwaBackgroundColor%2CpwaAppleMobileWebAppTitle%2CpwaAppleMobileWebAppStatusBarStyle%2CrightClickProtectionEnabled%2CscreenCaptureProtectionEnabled 200 in 1795ms
 ✓ Compiled /icon.png in 210ms
 GET /icon.png?icon.31d034ff.png 200 in 672ms
 ✓ Compiled /api/broadcast/active in 230ms
 GET /api/broadcast/active 200 in 1155ms
 ✓ Compiled /api/upload-queue/health in 177ms
 GET /api/upload-queue/health 200 in 764ms
 ✓ Compiled /api/payroll/workspace/[resource] in 238ms
 GET /api/payroll/workspace/overview 200 in 2457ms
 ✓ Compiled /api/privacy-support/categories in 316ms
 GET /api/privacy-support/categories 200 in 1324ms
 ✓ Compiled /api/settings/platform-setup/status in 280ms
 GET /api/settings/platform-setup/status 200 in 1187ms
 ○ Compiling /auth/signin ...
 GET /api/realtime/notifications?limit=50 200 in 1394ms
 ✓ Compiled /auth/signin in 1662ms
 GET /api/broadcast/active 200 in 1079ms
 GET /api/settings/system-settings?keys=appLogoDataUrl%2CappName%2CshowLogoOnly%2CsidebarLogoSize%2CcollapsedSidebarLogoSize%2CsidebarLogoCollapsedLightMode%2CsidebarLogoExpandedLightMode%2CsidebarLogoCollapsedDarkMode%2CsidebarLogoExpandedDarkMode%2CthemePreference%2CprimaryGradient%2CprimaryButtonShadowL%2CprimaryButtonShadowHoverL%2CprimaryButtonShadowD%2CprimaryButtonShadowHoverD%2CsidebarBackgroundType%2CsidebarBackgroundImageUrl%2CsidebarBackgroundImageFit%2CsidebarBackgroundImagePosition%2CsidebarNavigationMode%2CsidebarSecondaryGroupLabels%2CsidebarBgStartL%2CsidebarBgEndL%2CsidebarTextL%2CsidebarActiveBgStartL%2CsidebarActiveBgEndL%2CsidebarActiveTextL%2CsidebarHoverBgL%2CsidebarHoverTextL%2CsidebarBorderL%2CbuttonTextColorL%2CbuttonTextColorD%2CsidebarBgStartD%2CsidebarBgEndD%2CsidebarTextD%2CsidebarActiveBgStartD%2CsidebarActiveBgEndD%2CsidebarActiveTextD%2CsidebarHoverBgD%2CsidebarHoverTextD%2CsidebarBorderD%2CsidebarFontFamilyL%2CsidebarFontSizeL%2CsidebarFontWeightL%2CsidebarLineHeightL%2CsidebarLetterSpacingL%2CsidebarTextTransformL%2CsidebarFontFamilyD%2CsidebarFontSizeD%2CsidebarFontWeightD%2CsidebarLineHeightD%2CsidebarLetterSpacingD%2CsidebarTextTransformD%2CsidebarBorderWidthL%2CsidebarBorderStyleL%2CsidebarBorderRadiusL%2CsidebarShadowL%2CsidebarShadowHoverL%2CsidebarShadowActiveL%2CsidebarBorderWidthD%2CsidebarBorderStyleD%2CsidebarBorderRadiusD%2CsidebarShadowD%2CsidebarShadowHoverD%2CsidebarShadowActiveD%2CsidebarPaddingXL%2CsidebarPaddingYL%2CsidebarMarginL%2CsidebarGapL%2CsidebarWidthL%2CsidebarWidthCollapsedL%2CsidebarTransitionDurationL%2CsidebarTransitionTimingL%2CsidebarPaddingXD%2CsidebarPaddingYD%2CsidebarMarginD%2CsidebarGapD%2CsidebarWidthD%2CsidebarWidthCollapsedD%2CsidebarTransitionDurationD%2CsidebarTransitionTimingD%2CsidebarMenuItemBgL%2CsidebarMenuItemBgHoverL%2CsidebarMenuItemBgActiveL%2CsidebarMenuItemColorL%2CsidebarMenuItemColorHoverL%2CsidebarMenuItemColorActiveL%2CsidebarMenuItemBorderL%2CsidebarMenuItemBorderHoverL%2CsidebarMenuItemBorderActiveL%2CsidebarMenuItemBorderRadiusL%2CsidebarMenuItemPaddingXL%2CsidebarMenuItemPaddingYL%2CsidebarMenuItemMarginL%2CsidebarMenuItemFontWeightL%2CsidebarMenuItemFontWeightActiveL%2CsidebarMenuItemFontSizeL%2CsidebarMenuItemLineHeightL%2CsidebarMenuItemTransitionL%2CsidebarMenuItemBgD%2CsidebarMenuItemBgHoverD%2CsidebarMenuItemBgActiveD%2CsidebarMenuItemColorD%2CsidebarMenuItemColorHoverD%2CsidebarMenuItemColorActiveD%2CsidebarMenuItemBorderD%2CsidebarMenuItemBorderHoverD%2CsidebarMenuItemBorderActiveD%2CsidebarMenuItemBorderRadiusD%2CsidebarMenuItemPaddingXD%2CsidebarMenuItemPaddingYD%2CsidebarMenuItemMarginD%2CsidebarMenuItemFontWeightD%2CsidebarMenuItemFontWeightActiveD%2CsidebarMenuItemFontSizeD%2CsidebarMenuItemLineHeightD%2CsidebarMenuItemTransitionD%2CsidebarIconSizeL%2CsidebarIconColorL%2CsidebarIconColorHoverL%2CsidebarIconColorActiveL%2CsidebarIconMarginRightL%2CsidebarIconTransitionL%2CsidebarIconSizeD%2CsidebarIconColorD%2CsidebarIconColorHoverD%2CsidebarIconColorActiveD%2CsidebarIconMarginRightD%2CsidebarIconTransitionD%2CsidebarGroupLabelColorL%2CsidebarGroupLabelFontSizeL%2CsidebarGroupLabelFontWeightL%2CsidebarGroupLabelTextTransformL%2CsidebarGroupLabelLetterSpacingL%2CsidebarGroupLabelPaddingL%2CsidebarGroupLabelMarginL%2CsidebarGroupLabelColorD%2CsidebarGroupLabelFontSizeD%2CsidebarGroupLabelFontWeightD%2CsidebarGroupLabelTextTransformD%2CsidebarGroupLabelLetterSpacingD%2CsidebarGroupLabelPaddingD%2CsidebarGroupLabelMarginD 200 in 819ms
 GET /api/payroll/workspace/overview 200 in 3044ms
 GET /api/settings/system-settings?keys=appName%2CappLogoDataUrl%2CappFaviconDataUrl%2CorganizationLogoDataUrl%2CappThemePreference%2CshowLogoOnly%2CsidebarLogoSize%2CsidebarLogoCollapsedLightMode%2CsidebarLogoExpandedLightMode%2CsidebarLogoCollapsedDarkMode%2CsidebarLogoExpandedDarkMode%2CloginPageLogoLightMode%2CloginPageLogoDarkMode%2CsplashBackgroundColor%2CsplashLogoDataUrl%2CsplashAnimationType%2CpwaEnabled%2CpwaThemeColor%2CpwaBackgroundColor%2CpwaAppleMobileWebAppTitle%2CpwaAppleMobileWebAppStatusBarStyle%2CrightClickProtectionEnabled%2CscreenCaptureProtectionEnabled 200 in 4511ms
 GET /api/privacy-support/categories 200 in 1476ms
 GET /auth/signin 200 in 7415ms
 GET /api/settings/platform-setup/status 200 in 801ms
 GET /api/settings/system-settings?keys=drawerStyle 200 in 423ms
 GET /api/settings/system-settings 200 in 1434ms
 GET /api/broadcast/active 200 in 986ms
 GET /api/settings/system-settings 200 in 1109ms
 GET /api/payroll/workspace/overview 200 in 1109ms
 GET /api/user-preferences 200 in 575ms
 GET /api/broadcast/active 200 in 1338ms
 GET /api/payroll/workspace/overview 200 in 1426ms
 GET /api/settings/system-settings?keys=broadcastBannerActiveId,broadcastBannerOneTitle,broadcastBannerOneMessage,broadcastBannerOneTone,broadcastBannerTwoTitle,broadcastBannerTwoMessage,broadcastBannerTwoTone,broadcastBannerThreeTitle,broadcastBannerThreeMessage,broadcastBannerThreeTone 200 in 510ms
 GET /api/upload-queue/health 200 in 825ms
 GET /api/settings/system-settings?keys=drawerStyle 200 in 444ms
 GET /api/settings/system-settings?keys=drawerStyle 200 in 440ms
 GET /api/user-preferences 200 in 584ms
 GET /api/broadcast/active 200 in 962ms
 GET /api/payroll/workspace/overview 200 in 1146ms
 GET /api/user-preferences 200 in 1392ms
 GET /api/settings/system-settings?keys=broadcastBannerActiveId,broadcastBannerOneTitle,broadcastBannerOneMessage,broadcastBannerOneTone,broadcastBannerTwoTitle,broadcastBannerTwoMessage,broadcastBannerTwoTone,broadcastBannerThreeTitle,broadcastBannerThreeMessage,broadcastBannerThreeTone 200 in 580ms
 GET /api/settings/system-settings?keys=drawerStyle 200 in 453ms
 GET /api/settings/system-settings?keys=broadcastBannerActiveId,broadcastBannerOneTitle,broadcastBannerOneMessage,broadcastBannerOneTone,broadcastBannerTwoTitle,broadcastBannerTwoMessage,broadcastBannerTwoTone,broadcastBannerThreeTitle,broadcastBannerThreeMessage,broadcastBannerThreeTone 200 in 466ms
 GET /api/settings/system-settings?keys=broadcastBannerActiveId,broadcastBannerOneTitle,broadcastBannerOneMessage,broadcastBannerOneTone,broadcastBannerTwoTitle,broadcastBannerTwoMessage,broadcastBannerTwoTone,broadcastBannerThreeTitle,broadcastBannerThreeMessage,broadcastBannerThreeTone 200 in 422ms
 GET /api/settings/system-settings?keys=broadcastBannerActiveId,broadcastBannerOneTitle,broadcastBannerOneMessage,broadcastBannerOneTone,broadcastBannerTwoTitle,broadcastBannerTwoMessage,broadcastBannerTwoTone,broadcastBannerThreeTitle,broadcastBannerThreeMessage,broadcastBannerThreeTone 200 in 434ms
[AUTH UTILS] Authenticating user: a***n@example.com
 ○ Compiling /payroll/compensation ...
[AUTH UTILS] Releasing client for: a***n@example.com
[SESSION] Invalidated 1 existing session(s) for user: 43b4988a-2a9d-4c2a-b00b-1fab52de03dc
 ✓ Compiled /payroll/compensation in 891ms
[SESSION] Created new session for user: 43b4988a-2a9d-4c2a-b00b-1fab52de03dc, sessionId: 5add0cf2-27d6-471b-b4d5-08fd449918e8
[AUTH EVENT] Invalidated 1 previous session(s) for user: a***n@example.com
 GET /payroll/compensation?preview=1 200 in 1121ms
 POST /auth/signin 303 in 1980ms
 ○ Compiling / ...
 GET /api/settings/system-settings?keys=appLogoDataUrl%2CappName%2CshowLogoOnly%2CsidebarLogoSize%2CcollapsedSidebarLogoSize%2CsidebarLogoCollapsedLightMode%2CsidebarLogoExpandedLightMode%2CsidebarLogoCollapsedDarkMode%2CsidebarLogoExpandedDarkMode%2CthemePreference%2CprimaryGradient%2CprimaryButtonShadowL%2CprimaryButtonShadowHoverL%2CprimaryButtonShadowD%2CprimaryButtonShadowHoverD%2CsidebarBackgroundType%2CsidebarBackgroundImageUrl%2CsidebarBackgroundImageFit%2CsidebarBackgroundImagePosition%2CsidebarNavigationMode%2CsidebarSecondaryGroupLabels%2CsidebarBgStartL%2CsidebarBgEndL%2CsidebarTextL%2CsidebarActiveBgStartL%2CsidebarActiveBgEndL%2CsidebarActiveTextL%2CsidebarHoverBgL%2CsidebarHoverTextL%2CsidebarBorderL%2CbuttonTextColorL%2CbuttonTextColorD%2CsidebarBgStartD%2CsidebarBgEndD%2CsidebarTextD%2CsidebarActiveBgStartD%2CsidebarActiveBgEndD%2CsidebarActiveTextD%2CsidebarHoverBgD%2CsidebarHoverTextD%2CsidebarBorderD%2CsidebarFontFamilyL%2CsidebarFontSizeL%2CsidebarFontWeightL%2CsidebarLineHeightL%2CsidebarLetterSpacingL%2CsidebarTextTransformL%2CsidebarFontFamilyD%2CsidebarFontSizeD%2CsidebarFontWeightD%2CsidebarLineHeightD%2CsidebarLetterSpacingD%2CsidebarTextTransformD%2CsidebarBorderWidthL%2CsidebarBorderStyleL%2CsidebarBorderRadiusL%2CsidebarShadowL%2CsidebarShadowHoverL%2CsidebarShadowActiveL%2CsidebarBorderWidthD%2CsidebarBorderStyleD%2CsidebarBorderRadiusD%2CsidebarShadowD%2CsidebarShadowHoverD%2CsidebarShadowActiveD%2CsidebarPaddingXL%2CsidebarPaddingYL%2CsidebarMarginL%2CsidebarGapL%2CsidebarWidthL%2CsidebarWidthCollapsedL%2CsidebarTransitionDurationL%2CsidebarTransitionTimingL%2CsidebarPaddingXD%2CsidebarPaddingYD%2CsidebarMarginD%2CsidebarGapD%2CsidebarWidthD%2CsidebarWidthCollapsedD%2CsidebarTransitionDurationD%2CsidebarTransitionTimingD%2CsidebarMenuItemBgL%2CsidebarMenuItemBgHoverL%2CsidebarMenuItemBgActiveL%2CsidebarMenuItemColorL%2CsidebarMenuItemColorHoverL%2CsidebarMenuItemColorActiveL%2CsidebarMenuItemBorderL%2CsidebarMenuItemBorderHoverL%2CsidebarMenuItemBorderActiveL%2CsidebarMenuItemBorderRadiusL%2CsidebarMenuItemPaddingXL%2CsidebarMenuItemPaddingYL%2CsidebarMenuItemMarginL%2CsidebarMenuItemFontWeightL%2CsidebarMenuItemFontWeightActiveL%2CsidebarMenuItemFontSizeL%2CsidebarMenuItemLineHeightL%2CsidebarMenuItemTransitionL%2CsidebarMenuItemBgD%2CsidebarMenuItemBgHoverD%2CsidebarMenuItemBgActiveD%2CsidebarMenuItemColorD%2CsidebarMenuItemColorHoverD%2CsidebarMenuItemColorActiveD%2CsidebarMenuItemBorderD%2CsidebarMenuItemBorderHoverD%2CsidebarMenuItemBorderActiveD%2CsidebarMenuItemBorderRadiusD%2CsidebarMenuItemPaddingXD%2CsidebarMenuItemPaddingYD%2CsidebarMenuItemMarginD%2CsidebarMenuItemFontWeightD%2CsidebarMenuItemFontWeightActiveD%2CsidebarMenuItemFontSizeD%2CsidebarMenuItemLineHeightD%2CsidebarMenuItemTransitionD%2CsidebarIconSizeL%2CsidebarIconColorL%2CsidebarIconColorHoverL%2CsidebarIconColorActiveL%2CsidebarIconMarginRightL%2CsidebarIconTransitionL%2CsidebarIconSizeD%2CsidebarIconColorD%2CsidebarIconColorHoverD%2CsidebarIconColorActiveD%2CsidebarIconMarginRightD%2CsidebarIconTransitionD%2CsidebarGroupLabelColorL%2CsidebarGroupLabelFontSizeL%2CsidebarGroupLabelFontWeightL%2CsidebarGroupLabelTextTransformL%2CsidebarGroupLabelLetterSpacingL%2CsidebarGroupLabelPaddingL%2CsidebarGroupLabelMarginL%2CsidebarGroupLabelColorD%2CsidebarGroupLabelFontSizeD%2CsidebarGroupLabelFontWeightD%2CsidebarGroupLabelTextTransformD%2CsidebarGroupLabelLetterSpacingD%2CsidebarGroupLabelPaddingD%2CsidebarGroupLabelMarginD 200 in 964ms
 ✓ Compiled / in 917ms
 GET / 200 in 1255ms
 GET /api/settings/system-settings?keys=appName%2CappLogoDataUrl%2CappFaviconDataUrl%2CorganizationLogoDataUrl%2CappThemePreference%2CshowLogoOnly%2CsidebarLogoSize%2CsidebarLogoCollapsedLightMode%2CsidebarLogoExpandedLightMode%2CsidebarLogoCollapsedDarkMode%2CsidebarLogoExpandedDarkMode%2CloginPageLogoLightMode%2CloginPageLogoDarkMode%2CsplashBackgroundColor%2CsplashLogoDataUrl%2CsplashAnimationType%2CpwaEnabled%2CpwaThemeColor%2CpwaBackgroundColor%2CpwaAppleMobileWebAppTitle%2CpwaAppleMobileWebAppStatusBarStyle%2CrightClickProtectionEnabled%2CscreenCaptureProtectionEnabled 200 in 1495ms
 ○ Compiling /settings ...
 GET /api/user-preferences 200 in 639ms
 GET /api/auth/session 200 in 516ms
 GET /api/settings/system-settings?keys=appLogoDataUrl%2CappName%2CshowLogoOnly%2CsidebarLogoSize%2CcollapsedSidebarLogoSize%2CsidebarLogoCollapsedLightMode%2CsidebarLogoExpandedLightMode%2CsidebarLogoCollapsedDarkMode%2CsidebarLogoExpandedDarkMode%2CthemePreference%2CprimaryGradient%2CprimaryButtonShadowL%2CprimaryButtonShadowHoverL%2CprimaryButtonShadowD%2CprimaryButtonShadowHoverD%2CsidebarBackgroundType%2CsidebarBackgroundImageUrl%2CsidebarBackgroundImageFit%2CsidebarBackgroundImagePosition%2CsidebarNavigationMode%2CsidebarSecondaryGroupLabels%2CsidebarBgStartL%2CsidebarBgEndL%2CsidebarTextL%2CsidebarActiveBgStartL%2CsidebarActiveBgEndL%2CsidebarActiveTextL%2CsidebarHoverBgL%2CsidebarHoverTextL%2CsidebarBorderL%2CbuttonTextColorL%2CbuttonTextColorD%2CsidebarBgStartD%2CsidebarBgEndD%2CsidebarTextD%2CsidebarActiveBgStartD%2CsidebarActiveBgEndD%2CsidebarActiveTextD%2CsidebarHoverBgD%2CsidebarHoverTextD%2CsidebarBorderD%2CsidebarFontFamilyL%2CsidebarFontSizeL%2CsidebarFontWeightL%2CsidebarLineHeightL%2CsidebarLetterSpacingL%2CsidebarTextTransformL%2CsidebarFontFamilyD%2CsidebarFontSizeD%2CsidebarFontWeightD%2CsidebarLineHeightD%2CsidebarLetterSpacingD%2CsidebarTextTransformD%2CsidebarBorderWidthL%2CsidebarBorderStyleL%2CsidebarBorderRadiusL%2CsidebarShadowL%2CsidebarShadowHoverL%2CsidebarShadowActiveL%2CsidebarBorderWidthD%2CsidebarBorderStyleD%2CsidebarBorderRadiusD%2CsidebarShadowD%2CsidebarShadowHoverD%2CsidebarShadowActiveD%2CsidebarPaddingXL%2CsidebarPaddingYL%2CsidebarMarginL%2CsidebarGapL%2CsidebarWidthL%2CsidebarWidthCollapsedL%2CsidebarTransitionDurationL%2CsidebarTransitionTimingL%2CsidebarPaddingXD%2CsidebarPaddingYD%2CsidebarMarginD%2CsidebarGapD%2CsidebarWidthD%2CsidebarWidthCollapsedD%2CsidebarTransitionDurationD%2CsidebarTransitionTimingD%2CsidebarMenuItemBgL%2CsidebarMenuItemBgHoverL%2CsidebarMenuItemBgActiveL%2CsidebarMenuItemColorL%2CsidebarMenuItemColorHoverL%2CsidebarMenuItemColorActiveL%2CsidebarMenuItemBorderL%2CsidebarMenuItemBorderHoverL%2CsidebarMenuItemBorderActiveL%2CsidebarMenuItemBorderRadiusL%2CsidebarMenuItemPaddingXL%2CsidebarMenuItemPaddingYL%2CsidebarMenuItemMarginL%2CsidebarMenuItemFontWeightL%2CsidebarMenuItemFontWeightActiveL%2CsidebarMenuItemFontSizeL%2CsidebarMenuItemLineHeightL%2CsidebarMenuItemTransitionL%2CsidebarMenuItemBgD%2CsidebarMenuItemBgHoverD%2CsidebarMenuItemBgActiveD%2CsidebarMenuItemColorD%2CsidebarMenuItemColorHoverD%2CsidebarMenuItemColorActiveD%2CsidebarMenuItemBorderD%2CsidebarMenuItemBorderHoverD%2CsidebarMenuItemBorderActiveD%2CsidebarMenuItemBorderRadiusD%2CsidebarMenuItemPaddingXD%2CsidebarMenuItemPaddingYD%2CsidebarMenuItemMarginD%2CsidebarMenuItemFontWeightD%2CsidebarMenuItemFontWeightActiveD%2CsidebarMenuItemFontSizeD%2CsidebarMenuItemLineHeightD%2CsidebarMenuItemTransitionD%2CsidebarIconSizeL%2CsidebarIconColorL%2CsidebarIconColorHoverL%2CsidebarIconColorActiveL%2CsidebarIconMarginRightL%2CsidebarIconTransitionL%2CsidebarIconSizeD%2CsidebarIconColorD%2CsidebarIconColorHoverD%2CsidebarIconColorActiveD%2CsidebarIconMarginRightD%2CsidebarIconTransitionD%2CsidebarGroupLabelColorL%2CsidebarGroupLabelFontSizeL%2CsidebarGroupLabelFontWeightL%2CsidebarGroupLabelTextTransformL%2CsidebarGroupLabelLetterSpacingL%2CsidebarGroupLabelPaddingL%2CsidebarGroupLabelMarginL%2CsidebarGroupLabelColorD%2CsidebarGroupLabelFontSizeD%2CsidebarGroupLabelFontWeightD%2CsidebarGroupLabelTextTransformD%2CsidebarGroupLabelLetterSpacingD%2CsidebarGroupLabelPaddingD%2CsidebarGroupLabelMarginD 200 in 515ms
 ✓ Compiled /settings in 1735ms
 GET /settings?adminTab=hr-setup&config=compensation-approval-routes 200 in 2358ms
 GET /api/settings/system-settings?keys=appName%2CappLogoDataUrl%2CappFaviconDataUrl%2CorganizationLogoDataUrl%2CappThemePreference%2CshowLogoOnly%2CsidebarLogoSize%2CsidebarLogoCollapsedLightMode%2CsidebarLogoExpandedLightMode%2CsidebarLogoCollapsedDarkMode%2CsidebarLogoExpandedDarkMode%2CloginPageLogoLightMode%2CloginPageLogoDarkMode%2CsplashBackgroundColor%2CsplashLogoDataUrl%2CsplashAnimationType%2CpwaEnabled%2CpwaThemeColor%2CpwaBackgroundColor%2CpwaAppleMobileWebAppTitle%2CpwaAppleMobileWebAppStatusBarStyle%2CrightClickProtectionEnabled%2CscreenCaptureProtectionEnabled 200 in 1072ms
 GET /api/settings/system-settings?keys=appLogoDataUrl%2CappName%2CshowLogoOnly%2CsidebarLogoSize%2CcollapsedSidebarLogoSize%2CsidebarLogoCollapsedLightMode%2CsidebarLogoExpandedLightMode%2CsidebarLogoCollapsedDarkMode%2CsidebarLogoExpandedDarkMode%2CthemePreference%2CprimaryGradient%2CprimaryButtonShadowL%2CprimaryButtonShadowHoverL%2CprimaryButtonShadowD%2CprimaryButtonShadowHoverD%2CsidebarBackgroundType%2CsidebarBackgroundImageUrl%2CsidebarBackgroundImageFit%2CsidebarBackgroundImagePosition%2CsidebarNavigationMode%2CsidebarSecondaryGroupLabels%2CsidebarBgStartL%2CsidebarBgEndL%2CsidebarTextL%2CsidebarActiveBgStartL%2CsidebarActiveBgEndL%2CsidebarActiveTextL%2CsidebarHoverBgL%2CsidebarHoverTextL%2CsidebarBorderL%2CbuttonTextColorL%2CbuttonTextColorD%2CsidebarBgStartD%2CsidebarBgEndD%2CsidebarTextD%2CsidebarActiveBgStartD%2CsidebarActiveBgEndD%2CsidebarActiveTextD%2CsidebarHoverBgD%2CsidebarHoverTextD%2CsidebarBorderD%2CsidebarFontFamilyL%2CsidebarFontSizeL%2CsidebarFontWeightL%2CsidebarLineHeightL%2CsidebarLetterSpacingL%2CsidebarTextTransformL%2CsidebarFontFamilyD%2CsidebarFontSizeD%2CsidebarFontWeightD%2CsidebarLineHeightD%2CsidebarLetterSpacingD%2CsidebarTextTransformD%2CsidebarBorderWidthL%2CsidebarBorderStyleL%2CsidebarBorderRadiusL%2CsidebarShadowL%2CsidebarShadowHoverL%2CsidebarShadowActiveL%2CsidebarBorderWidthD%2CsidebarBorderStyleD%2CsidebarBorderRadiusD%2CsidebarShadowD%2CsidebarShadowHoverD%2CsidebarShadowActiveD%2CsidebarPaddingXL%2CsidebarPaddingYL%2CsidebarMarginL%2CsidebarGapL%2CsidebarWidthL%2CsidebarWidthCollapsedL%2CsidebarTransitionDurationL%2CsidebarTransitionTimingL%2CsidebarPaddingXD%2CsidebarPaddingYD%2CsidebarMarginD%2CsidebarGapD%2CsidebarWidthD%2CsidebarWidthCollapsedD%2CsidebarTransitionDurationD%2CsidebarTransitionTimingD%2CsidebarMenuItemBgL%2CsidebarMenuItemBgHoverL%2CsidebarMenuItemBgActiveL%2CsidebarMenuItemColorL%2CsidebarMenuItemColorHoverL%2CsidebarMenuItemColorActiveL%2CsidebarMenuItemBorderL%2CsidebarMenuItemBorderHoverL%2CsidebarMenuItemBorderActiveL%2CsidebarMenuItemBorderRadiusL%2CsidebarMenuItemPaddingXL%2CsidebarMenuItemPaddingYL%2CsidebarMenuItemMarginL%2CsidebarMenuItemFontWeightL%2CsidebarMenuItemFontWeightActiveL%2CsidebarMenuItemFontSizeL%2CsidebarMenuItemLineHeightL%2CsidebarMenuItemTransitionL%2CsidebarMenuItemBgD%2CsidebarMenuItemBgHoverD%2CsidebarMenuItemBgActiveD%2CsidebarMenuItemColorD%2CsidebarMenuItemColorHoverD%2CsidebarMenuItemColorActiveD%2CsidebarMenuItemBorderD%2CsidebarMenuItemBorderHoverD%2CsidebarMenuItemBorderActiveD%2CsidebarMenuItemBorderRadiusD%2CsidebarMenuItemPaddingXD%2CsidebarMenuItemPaddingYD%2CsidebarMenuItemMarginD%2CsidebarMenuItemFontWeightD%2CsidebarMenuItemFontWeightActiveD%2CsidebarMenuItemFontSizeD%2CsidebarMenuItemLineHeightD%2CsidebarMenuItemTransitionD%2CsidebarIconSizeL%2CsidebarIconColorL%2CsidebarIconColorHoverL%2CsidebarIconColorActiveL%2CsidebarIconMarginRightL%2CsidebarIconTransitionL%2CsidebarIconSizeD%2CsidebarIconColorD%2CsidebarIconColorHoverD%2CsidebarIconColorActiveD%2CsidebarIconMarginRightD%2CsidebarIconTransitionD%2CsidebarGroupLabelColorL%2CsidebarGroupLabelFontSizeL%2CsidebarGroupLabelFontWeightL%2CsidebarGroupLabelTextTransformL%2CsidebarGroupLabelLetterSpacingL%2CsidebarGroupLabelPaddingL%2CsidebarGroupLabelMarginL%2CsidebarGroupLabelColorD%2CsidebarGroupLabelFontSizeD%2CsidebarGroupLabelFontWeightD%2CsidebarGroupLabelTextTransformD%2CsidebarGroupLabelLetterSpacingD%2CsidebarGroupLabelPaddingD%2CsidebarGroupLabelMarginD 200 in 1476ms
 GET /api/user-preferences 200 in 1874ms
 GET /api/settings/system-settings?keys=appName%2CappLogoDataUrl%2CappFaviconDataUrl%2CorganizationLogoDataUrl%2CappThemePreference%2CshowLogoOnly%2CsidebarLogoSize%2CsidebarLogoCollapsedLightMode%2CsidebarLogoExpandedLightMode%2CsidebarLogoCollapsedDarkMode%2CsidebarLogoExpandedDarkMode%2CloginPageLogoLightMode%2CloginPageLogoDarkMode%2CsplashBackgroundColor%2CsplashLogoDataUrl%2CsplashAnimationType%2CpwaEnabled%2CpwaThemeColor%2CpwaBackgroundColor%2CpwaAppleMobileWebAppTitle%2CpwaAppleMobileWebAppStatusBarStyle%2CrightClickProtectionEnabled%2CscreenCaptureProtectionEnabled 200 in 1943ms
 GET /api/auth/session 200 in 1962ms
 ○ Compiling /settings/compensation-approval-routes ...
 GET /api/broadcast/active 200 in 2300ms
 ✓ Compiled /settings/compensation-approval-routes in 1418ms
 GET /api/upload-queue/health 200 in 1250ms
 GET /api/realtime/notifications?limit=50 200 in 901ms
 GET /api/settings/platform-setup/status 200 in 1585ms
 GET /settings/compensation-approval-routes?adminCenterEmbed=1 200 in 2132ms
 GET /api/privacy-support/categories 200 in 1744ms
 GET /api/settings/system-settings?keys=drawerStyle 200 in 668ms
 GET /api/privacy-support/categories 200 in 1122ms
 GET /api/broadcast/active 200 in 1390ms
 GET /api/settings/platform-setup/status 200 in 1105ms
 GET /api/broadcast/active 200 in 1127ms
 GET /api/user-preferences 200 in 730ms
 GET /api/settings/platform-setup/status 200 in 910ms
 GET /api/settings/system-settings?keys=broadcastBannerActiveId,broadcastBannerOneTitle,broadcastBannerOneMessage,broadcastBannerOneTone,broadcastBannerTwoTitle,broadcastBannerTwoMessage,broadcastBannerTwoTone,broadcastBannerThreeTitle,broadcastBannerThreeMessage,broadcastBannerThreeTone 200 in 440ms
 GET /api/settings/platform-setup/status 200 in 1063ms
 GET /api/broadcast/active 200 in 1110ms
 GET /api/settings/system-settings?keys=drawerStyle 200 in 802ms
 GET /api/upload-queue/health 200 in 1177ms
 GET /api/user-preferences 200 in 1089ms
 GET /api/settings/system-settings?keys=broadcastBannerActiveId,broadcastBannerOneTitle,broadcastBannerOneMessage,broadcastBannerOneTone,broadcastBannerTwoTitle,broadcastBannerTwoMessage,broadcastBannerTwoTone,broadcastBannerThreeTitle,broadcastBannerThreeMessage,broadcastBannerThreeTone 200 in 1037ms
 GET /api/broadcast/active 200 in 1887ms
 GET /api/user-preferences 200 in 2469ms
 GET /api/settings/system-settings?keys=broadcastBannerActiveId,broadcastBannerOneTitle,broadcastBannerOneMessage,broadcastBannerOneTone,broadcastBannerTwoTitle,broadcastBannerTwoMessage,broadcastBannerTwoTone,broadcastBannerThreeTitle,broadcastBannerThreeMessage,broadcastBannerThreeTone 200 in 2407ms
 GET /api/settings/system-settings?keys=appLogoDataUrl%2CappName%2CshowLogoOnly%2CsidebarLogoSize%2CcollapsedSidebarLogoSize%2CsidebarLogoCollapsedLightMode%2CsidebarLogoExpandedLightMode%2CsidebarLogoCollapsedDarkMode%2CsidebarLogoExpandedDarkMode%2CthemePreference%2CprimaryGradient%2CprimaryButtonShadowL%2CprimaryButtonShadowHoverL%2CprimaryButtonShadowD%2CprimaryButtonShadowHoverD%2CsidebarBackgroundType%2CsidebarBackgroundImageUrl%2CsidebarBackgroundImageFit%2CsidebarBackgroundImagePosition%2CsidebarNavigationMode%2CsidebarSecondaryGroupLabels%2CsidebarBgStartL%2CsidebarBgEndL%2CsidebarTextL%2CsidebarActiveBgStartL%2CsidebarActiveBgEndL%2CsidebarActiveTextL%2CsidebarHoverBgL%2CsidebarHoverTextL%2CsidebarBorderL%2CbuttonTextColorL%2CbuttonTextColorD%2CsidebarBgStartD%2CsidebarBgEndD%2CsidebarTextD%2CsidebarActiveBgStartD%2CsidebarActiveBgEndD%2CsidebarActiveTextD%2CsidebarHoverBgD%2CsidebarHoverTextD%2CsidebarBorderD%2CsidebarFontFamilyL%2CsidebarFontSizeL%2CsidebarFontWeightL%2CsidebarLineHeightL%2CsidebarLetterSpacingL%2CsidebarTextTransformL%2CsidebarFontFamilyD%2CsidebarFontSizeD%2CsidebarFontWeightD%2CsidebarLineHeightD%2CsidebarLetterSpacingD%2CsidebarTextTransformD%2CsidebarBorderWidthL%2CsidebarBorderStyleL%2CsidebarBorderRadiusL%2CsidebarShadowL%2CsidebarShadowHoverL%2CsidebarShadowActiveL%2CsidebarBorderWidthD%2CsidebarBorderStyleD%2CsidebarBorderRadiusD%2CsidebarShadowD%2CsidebarShadowHoverD%2CsidebarShadowActiveD%2CsidebarPaddingXL%2CsidebarPaddingYL%2CsidebarMarginL%2CsidebarGapL%2CsidebarWidthL%2CsidebarWidthCollapsedL%2CsidebarTransitionDurationL%2CsidebarTransitionTimingL%2CsidebarPaddingXD%2CsidebarPaddingYD%2CsidebarMarginD%2CsidebarGapD%2CsidebarWidthD%2CsidebarWidthCollapsedD%2CsidebarTransitionDurationD%2CsidebarTransitionTimingD%2CsidebarMenuItemBgL%2CsidebarMenuItemBgHoverL%2CsidebarMenuItemBgActiveL%2CsidebarMenuItemColorL%2CsidebarMenuItemColorHoverL%2CsidebarMenuItemColorActiveL%2CsidebarMenuItemBorderL%2CsidebarMenuItemBorderHoverL%2CsidebarMenuItemBorderActiveL%2CsidebarMenuItemBorderRadiusL%2CsidebarMenuItemPaddingXL%2CsidebarMenuItemPaddingYL%2CsidebarMenuItemMarginL%2CsidebarMenuItemFontWeightL%2CsidebarMenuItemFontWeightActiveL%2CsidebarMenuItemFontSizeL%2CsidebarMenuItemLineHeightL%2CsidebarMenuItemTransitionL%2CsidebarMenuItemBgD%2CsidebarMenuItemBgHoverD%2CsidebarMenuItemBgActiveD%2CsidebarMenuItemColorD%2CsidebarMenuItemColorHoverD%2CsidebarMenuItemColorActiveD%2CsidebarMenuItemBorderD%2CsidebarMenuItemBorderHoverD%2CsidebarMenuItemBorderActiveD%2CsidebarMenuItemBorderRadiusD%2CsidebarMenuItemPaddingXD%2CsidebarMenuItemPaddingYD%2CsidebarMenuItemMarginD%2CsidebarMenuItemFontWeightD%2CsidebarMenuItemFontWeightActiveD%2CsidebarMenuItemFontSizeD%2CsidebarMenuItemLineHeightD%2CsidebarMenuItemTransitionD%2CsidebarIconSizeL%2CsidebarIconColorL%2CsidebarIconColorHoverL%2CsidebarIconColorActiveL%2CsidebarIconMarginRightL%2CsidebarIconTransitionL%2CsidebarIconSizeD%2CsidebarIconColorD%2CsidebarIconColorHoverD%2CsidebarIconColorActiveD%2CsidebarIconMarginRightD%2CsidebarIconTransitionD%2CsidebarGroupLabelColorL%2CsidebarGroupLabelFontSizeL%2CsidebarGroupLabelFontWeightL%2CsidebarGroupLabelTextTransformL%2CsidebarGroupLabelLetterSpacingL%2CsidebarGroupLabelPaddingL%2CsidebarGroupLabelMarginL%2CsidebarGroupLabelColorD%2CsidebarGroupLabelFontSizeD%2CsidebarGroupLabelFontWeightD%2CsidebarGroupLabelTextTransformD%2CsidebarGroupLabelLetterSpacingD%2CsidebarGroupLabelPaddingD%2CsidebarGroupLabelMarginD 200 in 2547ms
 GET /api/auth/session 200 in 2595ms
 ✓ Compiled /api/settings/compensation-approval-routes in 291ms
 GET /api/settings/system-settings?keys=appName%2CappLogoDataUrl%2CappFaviconDataUrl%2CorganizationLogoDataUrl%2CappThemePreference%2CshowLogoOnly%2CsidebarLogoSize%2CsidebarLogoCollapsedLightMode%2CsidebarLogoExpandedLightMode%2CsidebarLogoCollapsedDarkMode%2CsidebarLogoExpandedDarkMode%2CloginPageLogoLightMode%2CloginPageLogoDarkMode%2CsplashBackgroundColor%2CsplashLogoDataUrl%2CsplashAnimationType%2CpwaEnabled%2CpwaThemeColor%2CpwaBackgroundColor%2CpwaAppleMobileWebAppTitle%2CpwaAppleMobileWebAppStatusBarStyle%2CrightClickProtectionEnabled%2CscreenCaptureProtectionEnabled 200 in 1452ms
 GET /api/realtime/notifications?limit=50 200 in 789ms
 GET /api/settings/compensation-approval-routes 200 in 1340ms
 GET /api/settings/compensation-approval-routes 200 in 1013ms
 GET /api/settings/system-settings?keys=broadcastBannerActiveId,broadcastBannerOneTitle,broadcastBannerOneMessage,broadcastBannerOneTone,broadcastBannerTwoTitle,broadcastBannerTwoMessage,broadcastBannerTwoTone,broadcastBannerThreeTitle,broadcastBannerThreeMessage,broadcastBannerThreeTone 200 in 544ms
 GET /api/user-preferences 200 in 583ms
 GET /api/settings/system-settings?keys=broadcastBannerActiveId,broadcastBannerOneTitle,broadcastBannerOneMessage,broadcastBannerOneTone,broadcastBannerTwoTitle,broadcastBannerTwoMessage,broadcastBannerTwoTone,broadcastBannerThreeTitle,broadcastBannerThreeMessage,broadcastBannerThreeTone 200 in 508ms
 GET /api/user-preferences 200 in 560ms
 GET /api/user-preferences 200 in 516ms
 GET /api/user-preferences 200 in 489ms
 GET /api/settings/system-settings?keys=drawerStyle 200 in 1989ms
 GET /api/upload-queue/health 200 in 2318ms
 GET /api/settings/system-settings?keys=drawerStyle 200 in 720ms
 GET /api/upload-queue/health 200 in 661ms
 ✓ Compiled in 497ms
 GET /api/settings/system-settings?keys=drawerStyle 200 in 1010ms
 GET /api/upload-queue/health 200 in 1262ms
 GET /api/settings/system-settings?keys=drawerStyle 200 in 426ms
 GET /api/upload-queue/health 200 in 676ms
 ✓ Compiled in 423ms
 ✓ Compiled in 547ms
 ○ Compiling /people/onboarding ...
 ✓ Compiled /people/onboarding in 1195ms
 GET /people/onboarding 200 in 2287ms
 GET /api/auth/session 200 in 1167ms
 GET /api/settings/system-settings?keys=appLogoDataUrl%2CappName%2CshowLogoOnly%2CsidebarLogoSize%2CcollapsedSidebarLogoSize%2CsidebarLogoCollapsedLightMode%2CsidebarLogoExpandedLightMode%2CsidebarLogoCollapsedDarkMode%2CsidebarLogoExpandedDarkMode%2CthemePreference%2CprimaryGradient%2CprimaryButtonShadowL%2CprimaryButtonShadowHoverL%2CprimaryButtonShadowD%2CprimaryButtonShadowHoverD%2CsidebarBackgroundType%2CsidebarBackgroundImageUrl%2CsidebarBackgroundImageFit%2CsidebarBackgroundImagePosition%2CsidebarNavigationMode%2CsidebarSecondaryGroupLabels%2CsidebarBgStartL%2CsidebarBgEndL%2CsidebarTextL%2CsidebarActiveBgStartL%2CsidebarActiveBgEndL%2CsidebarActiveTextL%2CsidebarHoverBgL%2CsidebarHoverTextL%2CsidebarBorderL%2CbuttonTextColorL%2CbuttonTextColorD%2CsidebarBgStartD%2CsidebarBgEndD%2CsidebarTextD%2CsidebarActiveBgStartD%2CsidebarActiveBgEndD%2CsidebarActiveTextD%2CsidebarHoverBgD%2CsidebarHoverTextD%2CsidebarBorderD%2CsidebarFontFamilyL%2CsidebarFontSizeL%2CsidebarFontWeightL%2CsidebarLineHeightL%2CsidebarLetterSpacingL%2CsidebarTextTransformL%2CsidebarFontFamilyD%2CsidebarFontSizeD%2CsidebarFontWeightD%2CsidebarLineHeightD%2CsidebarLetterSpacingD%2CsidebarTextTransformD%2CsidebarBorderWidthL%2CsidebarBorderStyleL%2CsidebarBorderRadiusL%2CsidebarShadowL%2CsidebarShadowHoverL%2CsidebarShadowActiveL%2CsidebarBorderWidthD%2CsidebarBorderStyleD%2CsidebarBorderRadiusD%2CsidebarShadowD%2CsidebarShadowHoverD%2CsidebarShadowActiveD%2CsidebarPaddingXL%2CsidebarPaddingYL%2CsidebarMarginL%2CsidebarGapL%2CsidebarWidthL%2CsidebarWidthCollapsedL%2CsidebarTransitionDurationL%2CsidebarTransitionTimingL%2CsidebarPaddingXD%2CsidebarPaddingYD%2CsidebarMarginD%2CsidebarGapD%2CsidebarWidthD%2CsidebarWidthCollapsedD%2CsidebarTransitionDurationD%2CsidebarTransitionTimingD%2CsidebarMenuItemBgL%2CsidebarMenuItemBgHoverL%2CsidebarMenuItemBgActiveL%2CsidebarMenuItemColorL%2CsidebarMenuItemColorHoverL%2CsidebarMenuItemColorActiveL%2CsidebarMenuItemBorderL%2CsidebarMenuItemBorderHoverL%2CsidebarMenuItemBorderActiveL%2CsidebarMenuItemBorderRadiusL%2CsidebarMenuItemPaddingXL%2CsidebarMenuItemPaddingYL%2CsidebarMenuItemMarginL%2CsidebarMenuItemFontWeightL%2CsidebarMenuItemFontWeightActiveL%2CsidebarMenuItemFontSizeL%2CsidebarMenuItemLineHeightL%2CsidebarMenuItemTransitionL%2CsidebarMenuItemBgD%2CsidebarMenuItemBgHoverD%2CsidebarMenuItemBgActiveD%2CsidebarMenuItemColorD%2CsidebarMenuItemColorHoverD%2CsidebarMenuItemColorActiveD%2CsidebarMenuItemBorderD%2CsidebarMenuItemBorderHoverD%2CsidebarMenuItemBorderActiveD%2CsidebarMenuItemBorderRadiusD%2CsidebarMenuItemPaddingXD%2CsidebarMenuItemPaddingYD%2CsidebarMenuItemMarginD%2CsidebarMenuItemFontWeightD%2CsidebarMenuItemFontWeightActiveD%2CsidebarMenuItemFontSizeD%2CsidebarMenuItemLineHeightD%2CsidebarMenuItemTransitionD%2CsidebarIconSizeL%2CsidebarIconColorL%2CsidebarIconColorHoverL%2CsidebarIconColorActiveL%2CsidebarIconMarginRightL%2CsidebarIconTransitionL%2CsidebarIconSizeD%2CsidebarIconColorD%2CsidebarIconColorHoverD%2CsidebarIconColorActiveD%2CsidebarIconMarginRightD%2CsidebarIconTransitionD%2CsidebarGroupLabelColorL%2CsidebarGroupLabelFontSizeL%2CsidebarGroupLabelFontWeightL%2CsidebarGroupLabelTextTransformL%2CsidebarGroupLabelLetterSpacingL%2CsidebarGroupLabelPaddingL%2CsidebarGroupLabelMarginL%2CsidebarGroupLabelColorD%2CsidebarGroupLabelFontSizeD%2CsidebarGroupLabelFontWeightD%2CsidebarGroupLabelTextTransformD%2CsidebarGroupLabelLetterSpacingD%2CsidebarGroupLabelPaddingD%2CsidebarGroupLabelMarginD 200 in 1190ms
 GET /api/user-preferences 200 in 1407ms
 GET /api/settings/system-settings?keys=appName%2CappLogoDataUrl%2CappFaviconDataUrl%2CorganizationLogoDataUrl%2CappThemePreference%2CshowLogoOnly%2CsidebarLogoSize%2CsidebarLogoCollapsedLightMode%2CsidebarLogoExpandedLightMode%2CsidebarLogoCollapsedDarkMode%2CsidebarLogoExpandedDarkMode%2CloginPageLogoLightMode%2CloginPageLogoDarkMode%2CsplashBackgroundColor%2CsplashLogoDataUrl%2CsplashAnimationType%2CpwaEnabled%2CpwaThemeColor%2CpwaBackgroundColor%2CpwaAppleMobileWebAppTitle%2CpwaAppleMobileWebAppStatusBarStyle%2CrightClickProtectionEnabled%2CscreenCaptureProtectionEnabled 200 in 1622ms
 ✓ Compiled /api/hr/onboarding in 278ms
 GET /api/upload-queue/health 200 in 907ms
 GET /api/broadcast/active 200 in 1241ms
 ✓ Compiled /api/hr/employees in 222ms
 GET /api/hr/onboarding 200 in 1166ms
 GET /api/hr/onboarding?view=tasks 200 in 874ms
 ✓ Compiled /api/hr/learning in 306ms
 GET /api/hr/employees 200 in 1117ms
 GET /api/hr/learning?view=courses 200 in 950ms
 GET /api/hr/learning 200 in 1647ms
 GET /api/privacy-support/categories 200 in 2227ms
 GET /api/realtime/notifications?limit=50 200 in 1342ms
 GET /api/settings/platform-setup/status 200 in 1874ms
 GET /api/hr/onboarding?view=tasks 200 in 853ms
 GET /api/hr/onboarding 200 in 955ms
 GET /api/broadcast/active 200 in 1053ms
 GET /api/hr/learning?view=courses 200 in 938ms
 GET /api/hr/employees 200 in 1035ms
 GET /api/hr/learning 200 in 1293ms
 GET /api/settings/system-settings?keys=drawerStyle 200 in 448ms
 GET /api/settings/platform-setup/status 200 in 847ms
 GET /api/privacy-support/categories 200 in 1082ms
 GET /api/user-preferences 200 in 580ms
 GET /api/broadcast/active 200 in 920ms
 GET /api/broadcast/active 200 in 895ms
 GET /api/upload-queue/health 200 in 604ms
 GET /api/settings/system-settings?keys=broadcastBannerActiveId,broadcastBannerOneTitle,broadcastBannerOneMessage,broadcastBannerOneTone,broadcastBannerTwoTitle,broadcastBannerTwoMessage,broadcastBannerTwoTone,broadcastBannerThreeTitle,broadcastBannerThreeMessage,broadcastBannerThreeTone 200 in 412ms
 GET /api/settings/system-settings?keys=drawerStyle 200 in 586ms
 GET /api/user-preferences 200 in 701ms
 GET /api/settings/system-settings?keys=broadcastBannerActiveId,broadcastBannerOneTitle,broadcastBannerOneMessage,broadcastBannerOneTone,broadcastBannerTwoTitle,broadcastBannerTwoMessage,broadcastBannerTwoTone,broadcastBannerThreeTitle,broadcastBannerThreeMessage,broadcastBannerThreeTone 200 in 422ms
 GET /api/broadcast/active 200 in 925ms
 GET /api/user-preferences 200 in 508ms
 GET /api/hr/employees?id=6f939ba5-f0a9-483b-a2b4-e3df94a96c56 200 in 1985ms
 GET /api/settings/system-settings?keys=broadcastBannerActiveId,broadcastBannerOneTitle,broadcastBannerOneMessage,broadcastBannerOneTone,broadcastBannerTwoTitle,broadcastBannerTwoMessage,broadcastBannerTwoTone,broadcastBannerThreeTitle,broadcastBannerThreeMessage,broadcastBannerThreeTone 200 in 425ms
 GET /api/settings/system-settings?keys=broadcastBannerActiveId,broadcastBannerOneTitle,broadcastBannerOneMessage,broadcastBannerOneTone,broadcastBannerTwoTitle,broadcastBannerTwoMessage,broadcastBannerTwoTone,broadcastBannerThreeTitle,broadcastBannerThreeMessage,broadcastBannerThreeTone 200 in 426ms
 GET /api/settings/system-settings?keys=broadcastBannerActiveId,broadcastBannerOneTitle,broadcastBannerOneMessage,broadcastBannerOneTone,broadcastBannerTwoTitle,broadcastBannerTwoMessage,broadcastBannerTwoTone,broadcastBannerThreeTitle,broadcastBannerThreeMessage,broadcastBannerThreeTone 200 in 452ms
 ✓ Compiled in 340ms
 GET /api/hr/onboarding?view=tasks 200 in 1548ms
 GET /api/hr/onboarding 200 in 1606ms
 GET /api/hr/employees 200 in 1618ms
 GET /api/hr/learning?view=courses 200 in 868ms
 GET /api/hr/learning 200 in 929ms
 ✓ Compiled in 325ms
 GET /api/hr/onboarding?view=tasks 200 in 1489ms
 GET /api/hr/onboarding 200 in 1554ms
 GET /api/hr/employees 200 in 1607ms
 GET /api/hr/learning 200 in 1089ms
 GET /api/hr/learning?view=courses 200 in 1113ms
 ✓ Compiled in 313ms
 ✓ Compiled /api/hr/employee-options in 214ms
 GET /api/hr/employee-options 200 in 457ms
 GET /api/hr/employees?id=9180a346-84c7-4341-b550-8ac2f1b4e7b0 200 in 2843ms
 GET /api/hr/employees?id=6f939ba5-f0a9-483b-a2b4-e3df94a96c56 200 in 2300ms
 ○ Compiling /learning/certificates ...
 ✓ Compiled /learning/certificates in 922ms
 HEAD /learning/certificates 200 in 1500ms
 GET /api/sse 200 in 622145ms
 GET /learning/certificates 200 in 672ms
 ○ Compiling /settings/system-preferences ...
 ✓ Compiled /settings/system-preferences in 882ms
 GET /settings/system-preferences?tab=general&adminCenterEmbed=1 200 in 1179ms
 GET /api/broadcast/active 200 in 1126ms
 GET /api/upload-queue/health 200 in 576ms
 ○ Compiling /dashboard ...
 ✓ Compiled /dashboard in 2.8s
 GET /dashboard 200 in 3861ms
 GET /api/privacy-support/categories 200 in 874ms
 GET /api/settings/platform-setup/status 200 in 756ms
 GET /api/realtime/notifications?limit=50 200 in 582ms
 GET /api/broadcast/active 200 in 811ms
 GET /api/privacy-support/categories 200 in 878ms
 GET /api/settings/platform-setup/status 200 in 716ms
 GET /api/settings/system-settings?keys=drawerStyle 200 in 422ms
 GET /icon.png?icon.31d034ff.png 200 in 352ms
 GET /api/broadcast/active 200 in 924ms
 GET /api/user-preferences 200 in 719ms
 GET /api/broadcast/active 200 in 1698ms
 GET /api/upload-queue/health 200 in 589ms
 GET /dashboard 200 in 959ms
 GET /api/settings/system-settings?keys=drawerStyle 200 in 424ms
 GET /api/user-preferences 200 in 516ms
 GET /api/auth/session 200 in 449ms
 GET /api/settings/system-settings?keys=broadcastBannerActiveId,broadcastBannerOneTitle,broadcastBannerOneMessage,broadcastBannerOneTone,broadcastBannerTwoTitle,broadcastBannerTwoMessage,broadcastBannerTwoTone,broadcastBannerThreeTitle,broadcastBannerThreeMessage,broadcastBannerThreeTone 200 in 498ms
 GET /api/auth/session 200 in 444ms
 GET /api/broadcast/active 200 in 832ms
 GET /api/user-preferences 200 in 522ms
 GET /icon.png?icon.31d034ff.png 200 in 384ms
 ✓ Compiled in 438ms
 GET /api/broadcast/active 200 in 1028ms
 GET /api/settings/platform-setup/status 200 in 755ms
 GET /api/auth/session 200 in 489ms
 GET /api/settings/system-settings?keys=appLogoDataUrl%2CappName%2CshowLogoOnly%2CsidebarLogoSize%2CcollapsedSidebarLogoSize%2CsidebarLogoCollapsedLightMode%2CsidebarLogoExpandedLightMode%2CsidebarLogoCollapsedDarkMode%2CsidebarLogoExpandedDarkMode%2CthemePreference%2CprimaryGradient%2CprimaryButtonShadowL%2CprimaryButtonShadowHoverL%2CprimaryButtonShadowD%2CprimaryButtonShadowHoverD%2CsidebarBackgroundType%2CsidebarBackgroundImageUrl%2CsidebarBackgroundImageFit%2CsidebarBackgroundImagePosition%2CsidebarNavigationMode%2CsidebarSecondaryGroupLabels%2CsidebarBgStartL%2CsidebarBgEndL%2CsidebarTextL%2CsidebarActiveBgStartL%2CsidebarActiveBgEndL%2CsidebarActiveTextL%2CsidebarHoverBgL%2CsidebarHoverTextL%2CsidebarBorderL%2CbuttonTextColorL%2CbuttonTextColorD%2CsidebarBgStartD%2CsidebarBgEndD%2CsidebarTextD%2CsidebarActiveBgStartD%2CsidebarActiveBgEndD%2CsidebarActiveTextD%2CsidebarHoverBgD%2CsidebarHoverTextD%2CsidebarBorderD%2CsidebarFontFamilyL%2CsidebarFontSizeL%2CsidebarFontWeightL%2CsidebarLineHeightL%2CsidebarLetterSpacingL%2CsidebarTextTransformL%2CsidebarFontFamilyD%2CsidebarFontSizeD%2CsidebarFontWeightD%2CsidebarLineHeightD%2CsidebarLetterSpacingD%2CsidebarTextTransformD%2CsidebarBorderWidthL%2CsidebarBorderStyleL%2CsidebarBorderRadiusL%2CsidebarShadowL%2CsidebarShadowHoverL%2CsidebarShadowActiveL%2CsidebarBorderWidthD%2CsidebarBorderStyleD%2CsidebarBorderRadiusD%2CsidebarShadowD%2CsidebarShadowHoverD%2CsidebarShadowActiveD%2CsidebarPaddingXL%2CsidebarPaddingYL%2CsidebarMarginL%2CsidebarGapL%2CsidebarWidthL%2CsidebarWidthCollapsedL%2CsidebarTransitionDurationL%2CsidebarTransitionTimingL%2CsidebarPaddingXD%2CsidebarPaddingYD%2CsidebarMarginD%2CsidebarGapD%2CsidebarWidthD%2CsidebarWidthCollapsedD%2CsidebarTransitionDurationD%2CsidebarTransitionTimingD%2CsidebarMenuItemBgL%2CsidebarMenuItemBgHoverL%2CsidebarMenuItemBgActiveL%2CsidebarMenuItemColorL%2CsidebarMenuItemColorHoverL%2CsidebarMenuItemColorActiveL%2CsidebarMenuItemBorderL%2CsidebarMenuItemBorderHoverL%2CsidebarMenuItemBorderActiveL%2CsidebarMenuItemBorderRadiusL%2CsidebarMenuItemPaddingXL%2CsidebarMenuItemPaddingYL%2CsidebarMenuItemMarginL%2CsidebarMenuItemFontWeightL%2CsidebarMenuItemFontWeightActiveL%2CsidebarMenuItemFontSizeL%2CsidebarMenuItemLineHeightL%2CsidebarMenuItemTransitionL%2CsidebarMenuItemBgD%2CsidebarMenuItemBgHoverD%2CsidebarMenuItemBgActiveD%2CsidebarMenuItemColorD%2CsidebarMenuItemColorHoverD%2CsidebarMenuItemColorActiveD%2CsidebarMenuItemBorderD%2CsidebarMenuItemBorderHoverD%2CsidebarMenuItemBorderActiveD%2CsidebarMenuItemBorderRadiusD%2CsidebarMenuItemPaddingXD%2CsidebarMenuItemPaddingYD%2CsidebarMenuItemMarginD%2CsidebarMenuItemFontWeightD%2CsidebarMenuItemFontWeightActiveD%2CsidebarMenuItemFontSizeD%2CsidebarMenuItemLineHeightD%2CsidebarMenuItemTransitionD%2CsidebarIconSizeL%2CsidebarIconColorL%2CsidebarIconColorHoverL%2CsidebarIconColorActiveL%2CsidebarIconMarginRightL%2CsidebarIconTransitionL%2CsidebarIconSizeD%2CsidebarIconColorD%2CsidebarIconColorHoverD%2CsidebarIconColorActiveD%2CsidebarIconMarginRightD%2CsidebarIconTransitionD%2CsidebarGroupLabelColorL%2CsidebarGroupLabelFontSizeL%2CsidebarGroupLabelFontWeightL%2CsidebarGroupLabelTextTransformL%2CsidebarGroupLabelLetterSpacingL%2CsidebarGroupLabelPaddingL%2CsidebarGroupLabelMarginL%2CsidebarGroupLabelColorD%2CsidebarGroupLabelFontSizeD%2CsidebarGroupLabelFontWeightD%2CsidebarGroupLabelTextTransformD%2CsidebarGroupLabelLetterSpacingD%2CsidebarGroupLabelPaddingD%2CsidebarGroupLabelMarginD 200 in 495ms
 GET /api/settings/system-settings?keys=broadcastBannerActiveId,broadcastBannerOneTitle,broadcastBannerOneMessage,broadcastBannerOneTone,broadcastBannerTwoTitle,broadcastBannerTwoMessage,broadcastBannerTwoTone,broadcastBannerThreeTitle,broadcastBannerThreeMessage,broadcastBannerThreeTone 200 in 448ms
 GET /api/auth/session 200 in 441ms
 GET /api/settings/system-settings?keys=appLogoDataUrl%2CappName%2CshowLogoOnly%2CsidebarLogoSize%2CcollapsedSidebarLogoSize%2CsidebarLogoCollapsedLightMode%2CsidebarLogoExpandedLightMode%2CsidebarLogoCollapsedDarkMode%2CsidebarLogoExpandedDarkMode%2CthemePreference%2CprimaryGradient%2CprimaryButtonShadowL%2CprimaryButtonShadowHoverL%2CprimaryButtonShadowD%2CprimaryButtonShadowHoverD%2CsidebarBackgroundType%2CsidebarBackgroundImageUrl%2CsidebarBackgroundImageFit%2CsidebarBackgroundImagePosition%2CsidebarNavigationMode%2CsidebarSecondaryGroupLabels%2CsidebarBgStartL%2CsidebarBgEndL%2CsidebarTextL%2CsidebarActiveBgStartL%2CsidebarActiveBgEndL%2CsidebarActiveTextL%2CsidebarHoverBgL%2CsidebarHoverTextL%2CsidebarBorderL%2CbuttonTextColorL%2CbuttonTextColorD%2CsidebarBgStartD%2CsidebarBgEndD%2CsidebarTextD%2CsidebarActiveBgStartD%2CsidebarActiveBgEndD%2CsidebarActiveTextD%2CsidebarHoverBgD%2CsidebarHoverTextD%2CsidebarBorderD%2CsidebarFontFamilyL%2CsidebarFontSizeL%2CsidebarFontWeightL%2CsidebarLineHeightL%2CsidebarLetterSpacingL%2CsidebarTextTransformL%2CsidebarFontFamilyD%2CsidebarFontSizeD%2CsidebarFontWeightD%2CsidebarLineHeightD%2CsidebarLetterSpacingD%2CsidebarTextTransformD%2CsidebarBorderWidthL%2CsidebarBorderStyleL%2CsidebarBorderRadiusL%2CsidebarShadowL%2CsidebarShadowHoverL%2CsidebarShadowActiveL%2CsidebarBorderWidthD%2CsidebarBorderStyleD%2CsidebarBorderRadiusD%2CsidebarShadowD%2CsidebarShadowHoverD%2CsidebarShadowActiveD%2CsidebarPaddingXL%2CsidebarPaddingYL%2CsidebarMarginL%2CsidebarGapL%2CsidebarWidthL%2CsidebarWidthCollapsedL%2CsidebarTransitionDurationL%2CsidebarTransitionTimingL%2CsidebarPaddingXD%2CsidebarPaddingYD%2CsidebarMarginD%2CsidebarGapD%2CsidebarWidthD%2CsidebarWidthCollapsedD%2CsidebarTransitionDurationD%2CsidebarTransitionTimingD%2CsidebarMenuItemBgL%2CsidebarMenuItemBgHoverL%2CsidebarMenuItemBgActiveL%2CsidebarMenuItemColorL%2CsidebarMenuItemColorHoverL%2CsidebarMenuItemColorActiveL%2CsidebarMenuItemBorderL%2CsidebarMenuItemBorderHoverL%2CsidebarMenuItemBorderActiveL%2CsidebarMenuItemBorderRadiusL%2CsidebarMenuItemPaddingXL%2CsidebarMenuItemPaddingYL%2CsidebarMenuItemMarginL%2CsidebarMenuItemFontWeightL%2CsidebarMenuItemFontWeightActiveL%2CsidebarMenuItemFontSizeL%2CsidebarMenuItemLineHeightL%2CsidebarMenuItemTransitionL%2CsidebarMenuItemBgD%2CsidebarMenuItemBgHoverD%2CsidebarMenuItemBgActiveD%2CsidebarMenuItemColorD%2CsidebarMenuItemColorHoverD%2CsidebarMenuItemColorActiveD%2CsidebarMenuItemBorderD%2CsidebarMenuItemBorderHoverD%2CsidebarMenuItemBorderActiveD%2CsidebarMenuItemBorderRadiusD%2CsidebarMenuItemPaddingXD%2CsidebarMenuItemPaddingYD%2CsidebarMenuItemMarginD%2CsidebarMenuItemFontWeightD%2CsidebarMenuItemFontWeightActiveD%2CsidebarMenuItemFontSizeD%2CsidebarMenuItemLineHeightD%2CsidebarMenuItemTransitionD%2CsidebarIconSizeL%2CsidebarIconColorL%2CsidebarIconColorHoverL%2CsidebarIconColorActiveL%2CsidebarIconMarginRightL%2CsidebarIconTransitionL%2CsidebarIconSizeD%2CsidebarIconColorD%2CsidebarIconColorHoverD%2CsidebarIconColorActiveD%2CsidebarIconMarginRightD%2CsidebarIconTransitionD%2CsidebarGroupLabelColorL%2CsidebarGroupLabelFontSizeL%2CsidebarGroupLabelFontWeightL%2CsidebarGroupLabelTextTransformL%2CsidebarGroupLabelLetterSpacingL%2CsidebarGroupLabelPaddingL%2CsidebarGroupLabelMarginL%2CsidebarGroupLabelColorD%2CsidebarGroupLabelFontSizeD%2CsidebarGroupLabelFontWeightD%2CsidebarGroupLabelTextTransformD%2CsidebarGroupLabelLetterSpacingD%2CsidebarGroupLabelPaddingD%2CsidebarGroupLabelMarginD 200 in 437ms
 GET /api/settings/system-settings?keys=broadcastBannerActiveId,broadcastBannerOneTitle,broadcastBannerOneMessage,broadcastBannerOneTone,broadcastBannerTwoTitle,broadcastBannerTwoMessage,broadcastBannerTwoTone,broadcastBannerThreeTitle,broadcastBannerThreeMessage,broadcastBannerThreeTone 200 in 432ms
 GET /api/auth/session 200 in 431ms
 GET /api/settings/system-settings?keys=appLogoDataUrl%2CappName%2CshowLogoOnly%2CsidebarLogoSize%2CcollapsedSidebarLogoSize%2CsidebarLogoCollapsedLightMode%2CsidebarLogoExpandedLightMode%2CsidebarLogoCollapsedDarkMode%2CsidebarLogoExpandedDarkMode%2CthemePreference%2CprimaryGradient%2CprimaryButtonShadowL%2CprimaryButtonShadowHoverL%2CprimaryButtonShadowD%2CprimaryButtonShadowHoverD%2CsidebarBackgroundType%2CsidebarBackgroundImageUrl%2CsidebarBackgroundImageFit%2CsidebarBackgroundImagePosition%2CsidebarNavigationMode%2CsidebarSecondaryGroupLabels%2CsidebarBgStartL%2CsidebarBgEndL%2CsidebarTextL%2CsidebarActiveBgStartL%2CsidebarActiveBgEndL%2CsidebarActiveTextL%2CsidebarHoverBgL%2CsidebarHoverTextL%2CsidebarBorderL%2CbuttonTextColorL%2CbuttonTextColorD%2CsidebarBgStartD%2CsidebarBgEndD%2CsidebarTextD%2CsidebarActiveBgStartD%2CsidebarActiveBgEndD%2CsidebarActiveTextD%2CsidebarHoverBgD%2CsidebarHoverTextD%2CsidebarBorderD%2CsidebarFontFamilyL%2CsidebarFontSizeL%2CsidebarFontWeightL%2CsidebarLineHeightL%2CsidebarLetterSpacingL%2CsidebarTextTransformL%2CsidebarFontFamilyD%2CsidebarFontSizeD%2CsidebarFontWeightD%2CsidebarLineHeightD%2CsidebarLetterSpacingD%2CsidebarTextTransformD%2CsidebarBorderWidthL%2CsidebarBorderStyleL%2CsidebarBorderRadiusL%2CsidebarShadowL%2CsidebarShadowHoverL%2CsidebarShadowActiveL%2CsidebarBorderWidthD%2CsidebarBorderStyleD%2CsidebarBorderRadiusD%2CsidebarShadowD%2CsidebarShadowHoverD%2CsidebarShadowActiveD%2CsidebarPaddingXL%2CsidebarPaddingYL%2CsidebarMarginL%2CsidebarGapL%2CsidebarWidthL%2CsidebarWidthCollapsedL%2CsidebarTransitionDurationL%2CsidebarTransitionTimingL%2CsidebarPaddingXD%2CsidebarPaddingYD%2CsidebarMarginD%2CsidebarGapD%2CsidebarWidthD%2CsidebarWidthCollapsedD%2CsidebarTransitionDurationD%2CsidebarTransitionTimingD%2CsidebarMenuItemBgL%2CsidebarMenuItemBgHoverL%2CsidebarMenuItemBgActiveL%2CsidebarMenuItemColorL%2CsidebarMenuItemColorHoverL%2CsidebarMenuItemColorActiveL%2CsidebarMenuItemBorderL%2CsidebarMenuItemBorderHoverL%2CsidebarMenuItemBorderActiveL%2CsidebarMenuItemBorderRadiusL%2CsidebarMenuItemPaddingXL%2CsidebarMenuItemPaddingYL%2CsidebarMenuItemMarginL%2CsidebarMenuItemFontWeightL%2CsidebarMenuItemFontWeightActiveL%2CsidebarMenuItemFontSizeL%2CsidebarMenuItemLineHeightL%2CsidebarMenuItemTransitionL%2CsidebarMenuItemBgD%2CsidebarMenuItemBgHoverD%2CsidebarMenuItemBgActiveD%2CsidebarMenuItemColorD%2CsidebarMenuItemColorHoverD%2CsidebarMenuItemColorActiveD%2CsidebarMenuItemBorderD%2CsidebarMenuItemBorderHoverD%2CsidebarMenuItemBorderActiveD%2CsidebarMenuItemBorderRadiusD%2CsidebarMenuItemPaddingXD%2CsidebarMenuItemPaddingYD%2CsidebarMenuItemMarginD%2CsidebarMenuItemFontWeightD%2CsidebarMenuItemFontWeightActiveD%2CsidebarMenuItemFontSizeD%2CsidebarMenuItemLineHeightD%2CsidebarMenuItemTransitionD%2CsidebarIconSizeL%2CsidebarIconColorL%2CsidebarIconColorHoverL%2CsidebarIconColorActiveL%2CsidebarIconMarginRightL%2CsidebarIconTransitionL%2CsidebarIconSizeD%2CsidebarIconColorD%2CsidebarIconColorHoverD%2CsidebarIconColorActiveD%2CsidebarIconMarginRightD%2CsidebarIconTransitionD%2CsidebarGroupLabelColorL%2CsidebarGroupLabelFontSizeL%2CsidebarGroupLabelFontWeightL%2CsidebarGroupLabelTextTransformL%2CsidebarGroupLabelLetterSpacingL%2CsidebarGroupLabelPaddingL%2CsidebarGroupLabelMarginL%2CsidebarGroupLabelColorD%2CsidebarGroupLabelFontSizeD%2CsidebarGroupLabelFontWeightD%2CsidebarGroupLabelTextTransformD%2CsidebarGroupLabelLetterSpacingD%2CsidebarGroupLabelPaddingD%2CsidebarGroupLabelMarginD 200 in 550ms
 GET /api/settings/system-settings?keys=broadcastBannerActiveId,broadcastBannerOneTitle,broadcastBannerOneMessage,broadcastBannerOneTone,broadcastBannerTwoTitle,broadcastBannerTwoMessage,broadcastBannerTwoTone,broadcastBannerThreeTitle,broadcastBannerThreeMessage,broadcastBannerThreeTone 200 in 547ms
 GET /api/auth/session 200 in 488ms
 GET /api/settings/system-settings?keys=appLogoDataUrl%2CappName%2CshowLogoOnly%2CsidebarLogoSize%2CcollapsedSidebarLogoSize%2CsidebarLogoCollapsedLightMode%2CsidebarLogoExpandedLightMode%2CsidebarLogoCollapsedDarkMode%2CsidebarLogoExpandedDarkMode%2CthemePreference%2CprimaryGradient%2CprimaryButtonShadowL%2CprimaryButtonShadowHoverL%2CprimaryButtonShadowD%2CprimaryButtonShadowHoverD%2CsidebarBackgroundType%2CsidebarBackgroundImageUrl%2CsidebarBackgroundImageFit%2CsidebarBackgroundImagePosition%2CsidebarNavigationMode%2CsidebarSecondaryGroupLabels%2CsidebarBgStartL%2CsidebarBgEndL%2CsidebarTextL%2CsidebarActiveBgStartL%2CsidebarActiveBgEndL%2CsidebarActiveTextL%2CsidebarHoverBgL%2CsidebarHoverTextL%2CsidebarBorderL%2CbuttonTextColorL%2CbuttonTextColorD%2CsidebarBgStartD%2CsidebarBgEndD%2CsidebarTextD%2CsidebarActiveBgStartD%2CsidebarActiveBgEndD%2CsidebarActiveTextD%2CsidebarHoverBgD%2CsidebarHoverTextD%2CsidebarBorderD%2CsidebarFontFamilyL%2CsidebarFontSizeL%2CsidebarFontWeightL%2CsidebarLineHeightL%2CsidebarLetterSpacingL%2CsidebarTextTransformL%2CsidebarFontFamilyD%2CsidebarFontSizeD%2CsidebarFontWeightD%2CsidebarLineHeightD%2CsidebarLetterSpacingD%2CsidebarTextTransformD%2CsidebarBorderWidthL%2CsidebarBorderStyleL%2CsidebarBorderRadiusL%2CsidebarShadowL%2CsidebarShadowHoverL%2CsidebarShadowActiveL%2CsidebarBorderWidthD%2CsidebarBorderStyleD%2CsidebarBorderRadiusD%2CsidebarShadowD%2CsidebarShadowHoverD%2CsidebarShadowActiveD%2CsidebarPaddingXL%2CsidebarPaddingYL%2CsidebarMarginL%2CsidebarGapL%2CsidebarWidthL%2CsidebarWidthCollapsedL%2CsidebarTransitionDurationL%2CsidebarTransitionTimingL%2CsidebarPaddingXD%2CsidebarPaddingYD%2CsidebarMarginD%2CsidebarGapD%2CsidebarWidthD%2CsidebarWidthCollapsedD%2CsidebarTransitionDurationD%2CsidebarTransitionTimingD%2CsidebarMenuItemBgL%2CsidebarMenuItemBgHoverL%2CsidebarMenuItemBgActiveL%2CsidebarMenuItemColorL%2CsidebarMenuItemColorHoverL%2CsidebarMenuItemColorActiveL%2CsidebarMenuItemBorderL%2CsidebarMenuItemBorderHoverL%2CsidebarMenuItemBorderActiveL%2CsidebarMenuItemBorderRadiusL%2CsidebarMenuItemPaddingXL%2CsidebarMenuItemPaddingYL%2CsidebarMenuItemMarginL%2CsidebarMenuItemFontWeightL%2CsidebarMenuItemFontWeightActiveL%2CsidebarMenuItemFontSizeL%2CsidebarMenuItemLineHeightL%2CsidebarMenuItemTransitionL%2CsidebarMenuItemBgD%2CsidebarMenuItemBgHoverD%2CsidebarMenuItemBgActiveD%2CsidebarMenuItemColorD%2CsidebarMenuItemColorHoverD%2CsidebarMenuItemColorActiveD%2CsidebarMenuItemBorderD%2CsidebarMenuItemBorderHoverD%2CsidebarMenuItemBorderActiveD%2CsidebarMenuItemBorderRadiusD%2CsidebarMenuItemPaddingXD%2CsidebarMenuItemPaddingYD%2CsidebarMenuItemMarginD%2CsidebarMenuItemFontWeightD%2CsidebarMenuItemFontWeightActiveD%2CsidebarMenuItemFontSizeD%2CsidebarMenuItemLineHeightD%2CsidebarMenuItemTransitionD%2CsidebarIconSizeL%2CsidebarIconColorL%2CsidebarIconColorHoverL%2CsidebarIconColorActiveL%2CsidebarIconMarginRightL%2CsidebarIconTransitionL%2CsidebarIconSizeD%2CsidebarIconColorD%2CsidebarIconColorHoverD%2CsidebarIconColorActiveD%2CsidebarIconMarginRightD%2CsidebarIconTransitionD%2CsidebarGroupLabelColorL%2CsidebarGroupLabelFontSizeL%2CsidebarGroupLabelFontWeightL%2CsidebarGroupLabelTextTransformL%2CsidebarGroupLabelLetterSpacingL%2CsidebarGroupLabelPaddingL%2CsidebarGroupLabelMarginL%2CsidebarGroupLabelColorD%2CsidebarGroupLabelFontSizeD%2CsidebarGroupLabelFontWeightD%2CsidebarGroupLabelTextTransformD%2CsidebarGroupLabelLetterSpacingD%2CsidebarGroupLabelPaddingD%2CsidebarGroupLabelMarginD 200 in 531ms
 GET /api/settings/system-settings?keys=broadcastBannerActiveId,broadcastBannerOneTitle,broadcastBannerOneMessage,broadcastBannerOneTone,broadcastBannerTwoTitle,broadcastBannerTwoMessage,broadcastBannerTwoTone,broadcastBannerThreeTitle,broadcastBannerThreeMessage,broadcastBannerThreeTone 200 in 517ms
 GET /api/auth/session 200 in 470ms
 GET /api/settings/system-settings?keys=appLogoDataUrl%2CappName%2CshowLogoOnly%2CsidebarLogoSize%2CcollapsedSidebarLogoSize%2CsidebarLogoCollapsedLightMode%2CsidebarLogoExpandedLightMode%2CsidebarLogoCollapsedDarkMode%2CsidebarLogoExpandedDarkMode%2CthemePreference%2CprimaryGradient%2CprimaryButtonShadowL%2CprimaryButtonShadowHoverL%2CprimaryButtonShadowD%2CprimaryButtonShadowHoverD%2CsidebarBackgroundType%2CsidebarBackgroundImageUrl%2CsidebarBackgroundImageFit%2CsidebarBackgroundImagePosition%2CsidebarNavigationMode%2CsidebarSecondaryGroupLabels%2CsidebarBgStartL%2CsidebarBgEndL%2CsidebarTextL%2CsidebarActiveBgStartL%2CsidebarActiveBgEndL%2CsidebarActiveTextL%2CsidebarHoverBgL%2CsidebarHoverTextL%2CsidebarBorderL%2CbuttonTextColorL%2CbuttonTextColorD%2CsidebarBgStartD%2CsidebarBgEndD%2CsidebarTextD%2CsidebarActiveBgStartD%2CsidebarActiveBgEndD%2CsidebarActiveTextD%2CsidebarHoverBgD%2CsidebarHoverTextD%2CsidebarBorderD%2CsidebarFontFamilyL%2CsidebarFontSizeL%2CsidebarFontWeightL%2CsidebarLineHeightL%2CsidebarLetterSpacingL%2CsidebarTextTransformL%2CsidebarFontFamilyD%2CsidebarFontSizeD%2CsidebarFontWeightD%2CsidebarLineHeightD%2CsidebarLetterSpacingD%2CsidebarTextTransformD%2CsidebarBorderWidthL%2CsidebarBorderStyleL%2CsidebarBorderRadiusL%2CsidebarShadowL%2CsidebarShadowHoverL%2CsidebarShadowActiveL%2CsidebarBorderWidthD%2CsidebarBorderStyleD%2CsidebarBorderRadiusD%2CsidebarShadowD%2CsidebarShadowHoverD%2CsidebarShadowActiveD%2CsidebarPaddingXL%2CsidebarPaddingYL%2CsidebarMarginL%2CsidebarGapL%2CsidebarWidthL%2CsidebarWidthCollapsedL%2CsidebarTransitionDurationL%2CsidebarTransitionTimingL%2CsidebarPaddingXD%2CsidebarPaddingYD%2CsidebarMarginD%2CsidebarGapD%2CsidebarWidthD%2CsidebarWidthCollapsedD%2CsidebarTransitionDurationD%2CsidebarTransitionTimingD%2CsidebarMenuItemBgL%2CsidebarMenuItemBgHoverL%2CsidebarMenuItemBgActiveL%2CsidebarMenuItemColorL%2CsidebarMenuItemColorHoverL%2CsidebarMenuItemColorActiveL%2CsidebarMenuItemBorderL%2CsidebarMenuItemBorderHoverL%2CsidebarMenuItemBorderActiveL%2CsidebarMenuItemBorderRadiusL%2CsidebarMenuItemPaddingXL%2CsidebarMenuItemPaddingYL%2CsidebarMenuItemMarginL%2CsidebarMenuItemFontWeightL%2CsidebarMenuItemFontWeightActiveL%2CsidebarMenuItemFontSizeL%2CsidebarMenuItemLineHeightL%2CsidebarMenuItemTransitionL%2CsidebarMenuItemBgD%2CsidebarMenuItemBgHoverD%2CsidebarMenuItemBgActiveD%2CsidebarMenuItemColorD%2CsidebarMenuItemColorHoverD%2CsidebarMenuItemColorActiveD%2CsidebarMenuItemBorderD%2CsidebarMenuItemBorderHoverD%2CsidebarMenuItemBorderActiveD%2CsidebarMenuItemBorderRadiusD%2CsidebarMenuItemPaddingXD%2CsidebarMenuItemPaddingYD%2CsidebarMenuItemMarginD%2CsidebarMenuItemFontWeightD%2CsidebarMenuItemFontWeightActiveD%2CsidebarMenuItemFontSizeD%2CsidebarMenuItemLineHeightD%2CsidebarMenuItemTransitionD%2CsidebarIconSizeL%2CsidebarIconColorL%2CsidebarIconColorHoverL%2CsidebarIconColorActiveL%2CsidebarIconMarginRightL%2CsidebarIconTransitionL%2CsidebarIconSizeD%2CsidebarIconColorD%2CsidebarIconColorHoverD%2CsidebarIconColorActiveD%2CsidebarIconMarginRightD%2CsidebarIconTransitionD%2CsidebarGroupLabelColorL%2CsidebarGroupLabelFontSizeL%2CsidebarGroupLabelFontWeightL%2CsidebarGroupLabelTextTransformL%2CsidebarGroupLabelLetterSpacingL%2CsidebarGroupLabelPaddingL%2CsidebarGroupLabelMarginL%2CsidebarGroupLabelColorD%2CsidebarGroupLabelFontSizeD%2CsidebarGroupLabelFontWeightD%2CsidebarGroupLabelTextTransformD%2CsidebarGroupLabelLetterSpacingD%2CsidebarGroupLabelPaddingD%2CsidebarGroupLabelMarginD 200 in 645ms
 GET /api/settings/system-settings?keys=broadcastBannerActiveId,broadcastBannerOneTitle,broadcastBannerOneMessage,broadcastBannerOneTone,broadcastBannerTwoTitle,broadcastBannerTwoMessage,broadcastBannerTwoTone,broadcastBannerThreeTitle,broadcastBannerThreeMessage,broadcastBannerThreeTone 200 in 742ms
 GET /api/auth/session 200 in 1084ms
 GET /api/auth/session 200 in 911ms
 GET /api/auth/session 200 in 475ms
 GET /api/auth/session 200 in 498ms
 GET /api/auth/session 200 in 524ms
 GET /api/auth/session 200 in 503ms
 GET /api/auth/session 200 in 477ms
 GET /api/user-preferences 200 in 625ms
 GET /api/auth/session 200 in 450ms
 GET /api/settings/system-settings?keys=appLogoDataUrl%2CappName%2CshowLogoOnly%2CsidebarLogoSize%2CcollapsedSidebarLogoSize%2CsidebarLogoCollapsedLightMode%2CsidebarLogoExpandedLightMode%2CsidebarLogoCollapsedDarkMode%2CsidebarLogoExpandedDarkMode%2CthemePreference%2CprimaryGradient%2CprimaryButtonShadowL%2CprimaryButtonShadowHoverL%2CprimaryButtonShadowD%2CprimaryButtonShadowHoverD%2CsidebarBackgroundType%2CsidebarBackgroundImageUrl%2CsidebarBackgroundImageFit%2CsidebarBackgroundImagePosition%2CsidebarNavigationMode%2CsidebarSecondaryGroupLabels%2CsidebarBgStartL%2CsidebarBgEndL%2CsidebarTextL%2CsidebarActiveBgStartL%2CsidebarActiveBgEndL%2CsidebarActiveTextL%2CsidebarHoverBgL%2CsidebarHoverTextL%2CsidebarBorderL%2CbuttonTextColorL%2CbuttonTextColorD%2CsidebarBgStartD%2CsidebarBgEndD%2CsidebarTextD%2CsidebarActiveBgStartD%2CsidebarActiveBgEndD%2CsidebarActiveTextD%2CsidebarHoverBgD%2CsidebarHoverTextD%2CsidebarBorderD%2CsidebarFontFamilyL%2CsidebarFontSizeL%2CsidebarFontWeightL%2CsidebarLineHeightL%2CsidebarLetterSpacingL%2CsidebarTextTransformL%2CsidebarFontFamilyD%2CsidebarFontSizeD%2CsidebarFontWeightD%2CsidebarLineHeightD%2CsidebarLetterSpacingD%2CsidebarTextTransformD%2CsidebarBorderWidthL%2CsidebarBorderStyleL%2CsidebarBorderRadiusL%2CsidebarShadowL%2CsidebarShadowHoverL%2CsidebarShadowActiveL%2CsidebarBorderWidthD%2CsidebarBorderStyleD%2CsidebarBorderRadiusD%2CsidebarShadowD%2CsidebarShadowHoverD%2CsidebarShadowActiveD%2CsidebarPaddingXL%2CsidebarPaddingYL%2CsidebarMarginL%2CsidebarGapL%2CsidebarWidthL%2CsidebarWidthCollapsedL%2CsidebarTransitionDurationL%2CsidebarTransitionTimingL%2CsidebarPaddingXD%2CsidebarPaddingYD%2CsidebarMarginD%2CsidebarGapD%2CsidebarWidthD%2CsidebarWidthCollapsedD%2CsidebarTransitionDurationD%2CsidebarTransitionTimingD%2CsidebarMenuItemBgL%2CsidebarMenuItemBgHoverL%2CsidebarMenuItemBgActiveL%2CsidebarMenuItemColorL%2CsidebarMenuItemColorHoverL%2CsidebarMenuItemColorActiveL%2CsidebarMenuItemBorderL%2CsidebarMenuItemBorderHoverL%2CsidebarMenuItemBorderActiveL%2CsidebarMenuItemBorderRadiusL%2CsidebarMenuItemPaddingXL%2CsidebarMenuItemPaddingYL%2CsidebarMenuItemMarginL%2CsidebarMenuItemFontWeightL%2CsidebarMenuItemFontWeightActiveL%2CsidebarMenuItemFontSizeL%2CsidebarMenuItemLineHeightL%2CsidebarMenuItemTransitionL%2CsidebarMenuItemBgD%2CsidebarMenuItemBgHoverD%2CsidebarMenuItemBgActiveD%2CsidebarMenuItemColorD%2CsidebarMenuItemColorHoverD%2CsidebarMenuItemColorActiveD%2CsidebarMenuItemBorderD%2CsidebarMenuItemBorderHoverD%2CsidebarMenuItemBorderActiveD%2CsidebarMenuItemBorderRadiusD%2CsidebarMenuItemPaddingXD%2CsidebarMenuItemPaddingYD%2CsidebarMenuItemMarginD%2CsidebarMenuItemFontWeightD%2CsidebarMenuItemFontWeightActiveD%2CsidebarMenuItemFontSizeD%2CsidebarMenuItemLineHeightD%2CsidebarMenuItemTransitionD%2CsidebarIconSizeL%2CsidebarIconColorL%2CsidebarIconColorHoverL%2CsidebarIconColorActiveL%2CsidebarIconMarginRightL%2CsidebarIconTransitionL%2CsidebarIconSizeD%2CsidebarIconColorD%2CsidebarIconColorHoverD%2CsidebarIconColorActiveD%2CsidebarIconMarginRightD%2CsidebarIconTransitionD%2CsidebarGroupLabelColorL%2CsidebarGroupLabelFontSizeL%2CsidebarGroupLabelFontWeightL%2CsidebarGroupLabelTextTransformL%2CsidebarGroupLabelLetterSpacingL%2CsidebarGroupLabelPaddingL%2CsidebarGroupLabelMarginL%2CsidebarGroupLabelColorD%2CsidebarGroupLabelFontSizeD%2CsidebarGroupLabelFontWeightD%2CsidebarGroupLabelTextTransformD%2CsidebarGroupLabelLetterSpacingD%2CsidebarGroupLabelPaddingD%2CsidebarGroupLabelMarginD 200 in 461ms
 GET /api/settings/system-settings?keys=appName%2CappLogoDataUrl%2CappFaviconDataUrl%2CorganizationLogoDataUrl%2CappThemePreference%2CshowLogoOnly%2CsidebarLogoSize%2CsidebarLogoCollapsedLightMode%2CsidebarLogoExpandedLightMode%2CsidebarLogoCollapsedDarkMode%2CsidebarLogoExpandedDarkMode%2CloginPageLogoLightMode%2CloginPageLogoDarkMode%2CsplashBackgroundColor%2CsplashLogoDataUrl%2CsplashAnimationType%2CpwaEnabled%2CpwaThemeColor%2CpwaBackgroundColor%2CpwaAppleMobileWebAppTitle%2CpwaAppleMobileWebAppStatusBarStyle%2CrightClickProtectionEnabled%2CscreenCaptureProtectionEnabled 200 in 894ms
 GET /api/sse 200 in 4626ms
 GET /api/settings/platform-setup/status 200 in 1593ms
 GET /api/settings/system-settings?keys=jobMatchFeatureEnabled 200 in 621ms
 ✓ Compiled /api/settings/position-levels in 154ms
 GET /api/settings/position-levels 200 in 1092ms
 GET /api/settings/system-settings?keys=defaultMatchCriteria 200 in 669ms
 ✓ Compiled /api/settings/recruitment-stages in 161ms
 GET /api/settings/recruitment-stages?ids=Hired,Applied 200 in 585ms
 ✓ Compiled /api/dashboard/headcount-summary in 137ms
 GET /api/dashboard/headcount-summary 200 in 650ms
 GET /api/settings/platform-setup/status 200 in 746ms
 GET /api/user-preferences 200 in 516ms
 GET /api/auth/session 200 in 437ms
 GET /api/settings/system-settings?keys=appLogoDataUrl%2CappName%2CshowLogoOnly%2CsidebarLogoSize%2CcollapsedSidebarLogoSize%2CsidebarLogoCollapsedLightMode%2CsidebarLogoExpandedLightMode%2CsidebarLogoCollapsedDarkMode%2CsidebarLogoExpandedDarkMode%2CthemePreference%2CprimaryGradient%2CprimaryButtonShadowL%2CprimaryButtonShadowHoverL%2CprimaryButtonShadowD%2CprimaryButtonShadowHoverD%2CsidebarBackgroundType%2CsidebarBackgroundImageUrl%2CsidebarBackgroundImageFit%2CsidebarBackgroundImagePosition%2CsidebarNavigationMode%2CsidebarSecondaryGroupLabels%2CsidebarBgStartL%2CsidebarBgEndL%2CsidebarTextL%2CsidebarActiveBgStartL%2CsidebarActiveBgEndL%2CsidebarActiveTextL%2CsidebarHoverBgL%2CsidebarHoverTextL%2CsidebarBorderL%2CbuttonTextColorL%2CbuttonTextColorD%2CsidebarBgStartD%2CsidebarBgEndD%2CsidebarTextD%2CsidebarActiveBgStartD%2CsidebarActiveBgEndD%2CsidebarActiveTextD%2CsidebarHoverBgD%2CsidebarHoverTextD%2CsidebarBorderD%2CsidebarFontFamilyL%2CsidebarFontSizeL%2CsidebarFontWeightL%2CsidebarLineHeightL%2CsidebarLetterSpacingL%2CsidebarTextTransformL%2CsidebarFontFamilyD%2CsidebarFontSizeD%2CsidebarFontWeightD%2CsidebarLineHeightD%2CsidebarLetterSpacingD%2CsidebarTextTransformD%2CsidebarBorderWidthL%2CsidebarBorderStyleL%2CsidebarBorderRadiusL%2CsidebarShadowL%2CsidebarShadowHoverL%2CsidebarShadowActiveL%2CsidebarBorderWidthD%2CsidebarBorderStyleD%2CsidebarBorderRadiusD%2CsidebarShadowD%2CsidebarShadowHoverD%2CsidebarShadowActiveD%2CsidebarPaddingXL%2CsidebarPaddingYL%2CsidebarMarginL%2CsidebarGapL%2CsidebarWidthL%2CsidebarWidthCollapsedL%2CsidebarTransitionDurationL%2CsidebarTransitionTimingL%2CsidebarPaddingXD%2CsidebarPaddingYD%2CsidebarMarginD%2CsidebarGapD%2CsidebarWidthD%2CsidebarWidthCollapsedD%2CsidebarTransitionDurationD%2CsidebarTransitionTimingD%2CsidebarMenuItemBgL%2CsidebarMenuItemBgHoverL%2CsidebarMenuItemBgActiveL%2CsidebarMenuItemColorL%2CsidebarMenuItemColorHoverL%2CsidebarMenuItemColorActiveL%2CsidebarMenuItemBorderL%2CsidebarMenuItemBorderHoverL%2CsidebarMenuItemBorderActiveL%2CsidebarMenuItemBorderRadiusL%2CsidebarMenuItemPaddingXL%2CsidebarMenuItemPaddingYL%2CsidebarMenuItemMarginL%2CsidebarMenuItemFontWeightL%2CsidebarMenuItemFontWeightActiveL%2CsidebarMenuItemFontSizeL%2CsidebarMenuItemLineHeightL%2CsidebarMenuItemTransitionL%2CsidebarMenuItemBgD%2CsidebarMenuItemBgHoverD%2CsidebarMenuItemBgActiveD%2CsidebarMenuItemColorD%2CsidebarMenuItemColorHoverD%2CsidebarMenuItemColorActiveD%2CsidebarMenuItemBorderD%2CsidebarMenuItemBorderHoverD%2CsidebarMenuItemBorderActiveD%2CsidebarMenuItemBorderRadiusD%2CsidebarMenuItemPaddingXD%2CsidebarMenuItemPaddingYD%2CsidebarMenuItemMarginD%2CsidebarMenuItemFontWeightD%2CsidebarMenuItemFontWeightActiveD%2CsidebarMenuItemFontSizeD%2CsidebarMenuItemLineHeightD%2CsidebarMenuItemTransitionD%2CsidebarIconSizeL%2CsidebarIconColorL%2CsidebarIconColorHoverL%2CsidebarIconColorActiveL%2CsidebarIconMarginRightL%2CsidebarIconTransitionL%2CsidebarIconSizeD%2CsidebarIconColorD%2CsidebarIconColorHoverD%2CsidebarIconColorActiveD%2CsidebarIconMarginRightD%2CsidebarIconTransitionD%2CsidebarGroupLabelColorL%2CsidebarGroupLabelFontSizeL%2CsidebarGroupLabelFontWeightL%2CsidebarGroupLabelTextTransformL%2CsidebarGroupLabelLetterSpacingL%2CsidebarGroupLabelPaddingL%2CsidebarGroupLabelMarginL%2CsidebarGroupLabelColorD%2CsidebarGroupLabelFontSizeD%2CsidebarGroupLabelFontWeightD%2CsidebarGroupLabelTextTransformD%2CsidebarGroupLabelLetterSpacingD%2CsidebarGroupLabelPaddingD%2CsidebarGroupLabelMarginD 200 in 455ms
 GET /api/settings/system-settings?keys=appName%2CappLogoDataUrl%2CappFaviconDataUrl%2CorganizationLogoDataUrl%2CappThemePreference%2CshowLogoOnly%2CsidebarLogoSize%2CsidebarLogoCollapsedLightMode%2CsidebarLogoExpandedLightMode%2CsidebarLogoCollapsedDarkMode%2CsidebarLogoExpandedDarkMode%2CloginPageLogoLightMode%2CloginPageLogoDarkMode%2CsplashBackgroundColor%2CsplashLogoDataUrl%2CsplashAnimationType%2CpwaEnabled%2CpwaThemeColor%2CpwaBackgroundColor%2CpwaAppleMobileWebAppTitle%2CpwaAppleMobileWebAppStatusBarStyle%2CrightClickProtectionEnabled%2CscreenCaptureProtectionEnabled 200 in 662ms
 GET /api/sse 200 in 316466ms
 GET /people/onboarding 200 in 1029ms
 GET /icon.png?icon.31d034ff.png 200 in 705ms
 GET /api/settings/system-settings?keys=appLogoDataUrl%2CappName%2CshowLogoOnly%2CsidebarLogoSize%2CcollapsedSidebarLogoSize%2CsidebarLogoCollapsedLightMode%2CsidebarLogoExpandedLightMode%2CsidebarLogoCollapsedDarkMode%2CsidebarLogoExpandedDarkMode%2CthemePreference%2CprimaryGradient%2CprimaryButtonShadowL%2CprimaryButtonShadowHoverL%2CprimaryButtonShadowD%2CprimaryButtonShadowHoverD%2CsidebarBackgroundType%2CsidebarBackgroundImageUrl%2CsidebarBackgroundImageFit%2CsidebarBackgroundImagePosition%2CsidebarNavigationMode%2CsidebarSecondaryGroupLabels%2CsidebarBgStartL%2CsidebarBgEndL%2CsidebarTextL%2CsidebarActiveBgStartL%2CsidebarActiveBgEndL%2CsidebarActiveTextL%2CsidebarHoverBgL%2CsidebarHoverTextL%2CsidebarBorderL%2CbuttonTextColorL%2CbuttonTextColorD%2CsidebarBgStartD%2CsidebarBgEndD%2CsidebarTextD%2CsidebarActiveBgStartD%2CsidebarActiveBgEndD%2CsidebarActiveTextD%2CsidebarHoverBgD%2CsidebarHoverTextD%2CsidebarBorderD%2CsidebarFontFamilyL%2CsidebarFontSizeL%2CsidebarFontWeightL%2CsidebarLineHeightL%2CsidebarLetterSpacingL%2CsidebarTextTransformL%2CsidebarFontFamilyD%2CsidebarFontSizeD%2CsidebarFontWeightD%2CsidebarLineHeightD%2CsidebarLetterSpacingD%2CsidebarTextTransformD%2CsidebarBorderWidthL%2CsidebarBorderStyleL%2CsidebarBorderRadiusL%2CsidebarShadowL%2CsidebarShadowHoverL%2CsidebarShadowActiveL%2CsidebarBorderWidthD%2CsidebarBorderStyleD%2CsidebarBorderRadiusD%2CsidebarShadowD%2CsidebarShadowHoverD%2CsidebarShadowActiveD%2CsidebarPaddingXL%2CsidebarPaddingYL%2CsidebarMarginL%2CsidebarGapL%2CsidebarWidthL%2CsidebarWidthCollapsedL%2CsidebarTransitionDurationL%2CsidebarTransitionTimingL%2CsidebarPaddingXD%2CsidebarPaddingYD%2CsidebarMarginD%2CsidebarGapD%2CsidebarWidthD%2CsidebarWidthCollapsedD%2CsidebarTransitionDurationD%2CsidebarTransitionTimingD%2CsidebarMenuItemBgL%2CsidebarMenuItemBgHoverL%2CsidebarMenuItemBgActiveL%2CsidebarMenuItemColorL%2CsidebarMenuItemColorHoverL%2CsidebarMenuItemColorActiveL%2CsidebarMenuItemBorderL%2CsidebarMenuItemBorderHoverL%2CsidebarMenuItemBorderActiveL%2CsidebarMenuItemBorderRadiusL%2CsidebarMenuItemPaddingXL%2CsidebarMenuItemPaddingYL%2CsidebarMenuItemMarginL%2CsidebarMenuItemFontWeightL%2CsidebarMenuItemFontWeightActiveL%2CsidebarMenuItemFontSizeL%2CsidebarMenuItemLineHeightL%2CsidebarMenuItemTransitionL%2CsidebarMenuItemBgD%2CsidebarMenuItemBgHoverD%2CsidebarMenuItemBgActiveD%2CsidebarMenuItemColorD%2CsidebarMenuItemColorHoverD%2CsidebarMenuItemColorActiveD%2CsidebarMenuItemBorderD%2CsidebarMenuItemBorderHoverD%2CsidebarMenuItemBorderActiveD%2CsidebarMenuItemBorderRadiusD%2CsidebarMenuItemPaddingXD%2CsidebarMenuItemPaddingYD%2CsidebarMenuItemMarginD%2CsidebarMenuItemFontWeightD%2CsidebarMenuItemFontWeightActiveD%2CsidebarMenuItemFontSizeD%2CsidebarMenuItemLineHeightD%2CsidebarMenuItemTransitionD%2CsidebarIconSizeL%2CsidebarIconColorL%2CsidebarIconColorHoverL%2CsidebarIconColorActiveL%2CsidebarIconMarginRightL%2CsidebarIconTransitionL%2CsidebarIconSizeD%2CsidebarIconColorD%2CsidebarIconColorHoverD%2CsidebarIconColorActiveD%2CsidebarIconMarginRightD%2CsidebarIconTransitionD%2CsidebarGroupLabelColorL%2CsidebarGroupLabelFontSizeL%2CsidebarGroupLabelFontWeightL%2CsidebarGroupLabelTextTransformL%2CsidebarGroupLabelLetterSpacingL%2CsidebarGroupLabelPaddingL%2CsidebarGroupLabelMarginL%2CsidebarGroupLabelColorD%2CsidebarGroupLabelFontSizeD%2CsidebarGroupLabelFontWeightD%2CsidebarGroupLabelTextTransformD%2CsidebarGroupLabelLetterSpacingD%2CsidebarGroupLabelPaddingD%2CsidebarGroupLabelMarginD 200 in 1036ms
 GET /api/auth/session 200 in 1103ms
 GET /api/user-preferences 200 in 1561ms
 GET /api/settings/system-settings?keys=appName%2CappLogoDataUrl%2CappFaviconDataUrl%2CorganizationLogoDataUrl%2CappThemePreference%2CshowLogoOnly%2CsidebarLogoSize%2CsidebarLogoCollapsedLightMode%2CsidebarLogoExpandedLightMode%2CsidebarLogoCollapsedDarkMode%2CsidebarLogoExpandedDarkMode%2CloginPageLogoLightMode%2CloginPageLogoDarkMode%2CsplashBackgroundColor%2CsplashLogoDataUrl%2CsplashAnimationType%2CpwaEnabled%2CpwaThemeColor%2CpwaBackgroundColor%2CpwaAppleMobileWebAppTitle%2CpwaAppleMobileWebAppStatusBarStyle%2CrightClickProtectionEnabled%2CscreenCaptureProtectionEnabled 200 in 968ms
 GET /api/broadcast/active 200 in 1008ms
 GET /api/upload-queue/health 200 in 678ms
 GET /api/hr/onboarding 200 in 1103ms
 GET /api/hr/onboarding?view=tasks 200 in 891ms
 GET /api/hr/employees 200 in 906ms
 GET /api/hr/learning 200 in 808ms
 GET /api/hr/learning?view=courses 200 in 866ms
 GET /api/privacy-support/categories 200 in 981ms
 GET /api/settings/platform-setup/status 200 in 797ms
 GET /api/realtime/notifications?limit=50 200 in 586ms
 GET /api/broadcast/active 200 in 994ms
 GET /api/hr/onboarding?view=tasks 200 in 1043ms
 GET /api/hr/onboarding 200 in 1105ms
 GET /api/hr/employees 200 in 825ms
 GET /api/hr/learning?view=courses 200 in 870ms
 GET /api/hr/learning 200 in 1164ms
 GET /api/privacy-support/categories 200 in 969ms
 GET /api/settings/system-settings?keys=drawerStyle 200 in 439ms
 GET /api/settings/platform-setup/status 200 in 799ms
 GET /api/broadcast/active 200 in 838ms
 GET /api/user-preferences 200 in 654ms
 GET /api/broadcast/active 200 in 1069ms
 GET /api/settings/system-settings?keys=broadcastBannerActiveId,broadcastBannerOneTitle,broadcastBannerOneMessage,broadcastBannerOneTone,broadcastBannerTwoTitle,broadcastBannerTwoMessage,broadcastBannerTwoTone,broadcastBannerThreeTitle,broadcastBannerThreeMessage,broadcastBannerThreeTone 200 in 701ms
 GET /api/upload-queue/health 200 in 871ms
 GET /api/settings/system-settings?keys=drawerStyle 200 in 411ms
 GET /api/user-preferences 200 in 553ms
 GET /api/settings/system-settings?keys=broadcastBannerActiveId,broadcastBannerOneTitle,broadcastBannerOneMessage,broadcastBannerOneTone,broadcastBannerTwoTitle,broadcastBannerTwoMessage,broadcastBannerTwoTone,broadcastBannerThreeTitle,broadcastBannerThreeMessage,broadcastBannerThreeTone 200 in 429ms
 GET /api/broadcast/active 200 in 857ms
 GET /api/hr/employees?id=6f939ba5-f0a9-483b-a2b4-e3df94a96c56 200 in 1868ms
 GET /api/settings/system-settings?keys=broadcastBannerActiveId,broadcastBannerOneTitle,broadcastBannerOneMessage,broadcastBannerOneTone,broadcastBannerTwoTitle,broadcastBannerTwoMessage,broadcastBannerTwoTone,broadcastBannerThreeTitle,broadcastBannerThreeMessage,broadcastBannerThreeTone 200 in 451ms
 GET /api/user-preferences 200 in 575ms
 GET /api/settings/system-settings?keys=broadcastBannerActiveId,broadcastBannerOneTitle,broadcastBannerOneMessage,broadcastBannerOneTone,broadcastBannerTwoTitle,broadcastBannerTwoMessage,broadcastBannerTwoTone,broadcastBannerThreeTitle,broadcastBannerThreeMessage,broadcastBannerThreeTone 200 in 437ms
 GET /api/settings/system-settings?keys=broadcastBannerActiveId,broadcastBannerOneTitle,broadcastBannerOneMessage,broadcastBannerOneTone,broadcastBannerTwoTitle,broadcastBannerTwoMessage,broadcastBannerTwoTone,broadcastBannerThreeTitle,broadcastBannerThreeMessage,broadcastBannerThreeTone 200 in 430ms
 GET /api/sse 200 in 41127ms
 GET /api/settings/system-settings?keys=jobMatchFeatureEnabled 200 in 1163ms
 GET /settings/system-preferences?tab=appearance&adminCenterEmbed=1 200 in 615ms
 GET /api/settings/position-levels 200 in 521ms
 GET /api/settings/system-settings?keys=defaultMatchCriteria 200 in 438ms
 GET /api/settings/recruitment-stages?ids=Hired,Applied 200 in 416ms
 GET /api/user-preferences 200 in 600ms
 GET /api/auth/session 200 in 459ms
 GET /api/settings/system-settings?keys=appLogoDataUrl%2CappName%2CshowLogoOnly%2CsidebarLogoSize%2CcollapsedSidebarLogoSize%2CsidebarLogoCollapsedLightMode%2CsidebarLogoExpandedLightMode%2CsidebarLogoCollapsedDarkMode%2CsidebarLogoExpandedDarkMode%2CthemePreference%2CprimaryGradient%2CprimaryButtonShadowL%2CprimaryButtonShadowHoverL%2CprimaryButtonShadowD%2CprimaryButtonShadowHoverD%2CsidebarBackgroundType%2CsidebarBackgroundImageUrl%2CsidebarBackgroundImageFit%2CsidebarBackgroundImagePosition%2CsidebarNavigationMode%2CsidebarSecondaryGroupLabels%2CsidebarBgStartL%2CsidebarBgEndL%2CsidebarTextL%2CsidebarActiveBgStartL%2CsidebarActiveBgEndL%2CsidebarActiveTextL%2CsidebarHoverBgL%2CsidebarHoverTextL%2CsidebarBorderL%2CbuttonTextColorL%2CbuttonTextColorD%2CsidebarBgStartD%2CsidebarBgEndD%2CsidebarTextD%2CsidebarActiveBgStartD%2CsidebarActiveBgEndD%2CsidebarActiveTextD%2CsidebarHoverBgD%2CsidebarHoverTextD%2CsidebarBorderD%2CsidebarFontFamilyL%2CsidebarFontSizeL%2CsidebarFontWeightL%2CsidebarLineHeightL%2CsidebarLetterSpacingL%2CsidebarTextTransformL%2CsidebarFontFamilyD%2CsidebarFontSizeD%2CsidebarFontWeightD%2CsidebarLineHeightD%2CsidebarLetterSpacingD%2CsidebarTextTransformD%2CsidebarBorderWidthL%2CsidebarBorderStyleL%2CsidebarBorderRadiusL%2CsidebarShadowL%2CsidebarShadowHoverL%2CsidebarShadowActiveL%2CsidebarBorderWidthD%2CsidebarBorderStyleD%2CsidebarBorderRadiusD%2CsidebarShadowD%2CsidebarShadowHoverD%2CsidebarShadowActiveD%2CsidebarPaddingXL%2CsidebarPaddingYL%2CsidebarMarginL%2CsidebarGapL%2CsidebarWidthL%2CsidebarWidthCollapsedL%2CsidebarTransitionDurationL%2CsidebarTransitionTimingL%2CsidebarPaddingXD%2CsidebarPaddingYD%2CsidebarMarginD%2CsidebarGapD%2CsidebarWidthD%2CsidebarWidthCollapsedD%2CsidebarTransitionDurationD%2CsidebarTransitionTimingD%2CsidebarMenuItemBgL%2CsidebarMenuItemBgHoverL%2CsidebarMenuItemBgActiveL%2CsidebarMenuItemColorL%2CsidebarMenuItemColorHoverL%2CsidebarMenuItemColorActiveL%2CsidebarMenuItemBorderL%2CsidebarMenuItemBorderHoverL%2CsidebarMenuItemBorderActiveL%2CsidebarMenuItemBorderRadiusL%2CsidebarMenuItemPaddingXL%2CsidebarMenuItemPaddingYL%2CsidebarMenuItemMarginL%2CsidebarMenuItemFontWeightL%2CsidebarMenuItemFontWeightActiveL%2CsidebarMenuItemFontSizeL%2CsidebarMenuItemLineHeightL%2CsidebarMenuItemTransitionL%2CsidebarMenuItemBgD%2CsidebarMenuItemBgHoverD%2CsidebarMenuItemBgActiveD%2CsidebarMenuItemColorD%2CsidebarMenuItemColorHoverD%2CsidebarMenuItemColorActiveD%2CsidebarMenuItemBorderD%2CsidebarMenuItemBorderHoverD%2CsidebarMenuItemBorderActiveD%2CsidebarMenuItemBorderRadiusD%2CsidebarMenuItemPaddingXD%2CsidebarMenuItemPaddingYD%2CsidebarMenuItemMarginD%2CsidebarMenuItemFontWeightD%2CsidebarMenuItemFontWeightActiveD%2CsidebarMenuItemFontSizeD%2CsidebarMenuItemLineHeightD%2CsidebarMenuItemTransitionD%2CsidebarIconSizeL%2CsidebarIconColorL%2CsidebarIconColorHoverL%2CsidebarIconColorActiveL%2CsidebarIconMarginRightL%2CsidebarIconTransitionL%2CsidebarIconSizeD%2CsidebarIconColorD%2CsidebarIconColorHoverD%2CsidebarIconColorActiveD%2CsidebarIconMarginRightD%2CsidebarIconTransitionD%2CsidebarGroupLabelColorL%2CsidebarGroupLabelFontSizeL%2CsidebarGroupLabelFontWeightL%2CsidebarGroupLabelTextTransformL%2CsidebarGroupLabelLetterSpacingL%2CsidebarGroupLabelPaddingL%2CsidebarGroupLabelMarginL%2CsidebarGroupLabelColorD%2CsidebarGroupLabelFontSizeD%2CsidebarGroupLabelFontWeightD%2CsidebarGroupLabelTextTransformD%2CsidebarGroupLabelLetterSpacingD%2CsidebarGroupLabelPaddingD%2CsidebarGroupLabelMarginD 200 in 458ms
 GET /api/settings/system-settings?keys=appName%2CappLogoDataUrl%2CappFaviconDataUrl%2CorganizationLogoDataUrl%2CappThemePreference%2CshowLogoOnly%2CsidebarLogoSize%2CsidebarLogoCollapsedLightMode%2CsidebarLogoExpandedLightMode%2CsidebarLogoCollapsedDarkMode%2CsidebarLogoExpandedDarkMode%2CloginPageLogoLightMode%2CloginPageLogoDarkMode%2CsplashBackgroundColor%2CsplashLogoDataUrl%2CsplashAnimationType%2CpwaEnabled%2CpwaThemeColor%2CpwaBackgroundColor%2CpwaAppleMobileWebAppTitle%2CpwaAppleMobileWebAppStatusBarStyle%2CrightClickProtectionEnabled%2CscreenCaptureProtectionEnabled 200 in 1070ms
 ✓ Compiled in 353ms
 GET /api/sse 200 in 22589ms
 GET /api/hr/onboarding 200 in 1444ms
 GET /api/hr/onboarding?view=tasks 200 in 1480ms
 GET /api/hr/employees 200 in 1696ms
 GET /settings/system-preferences?tab=evaluate&adminCenterEmbed=1 200 in 867ms
 GET /api/hr/learning?view=courses 200 in 900ms
 GET /api/hr/learning 200 in 1017ms
 GET /api/user-preferences 200 in 552ms
 GET /api/auth/session 200 in 432ms
 GET /api/settings/system-settings?keys=appLogoDataUrl%2CappName%2CshowLogoOnly%2CsidebarLogoSize%2CcollapsedSidebarLogoSize%2CsidebarLogoCollapsedLightMode%2CsidebarLogoExpandedLightMode%2CsidebarLogoCollapsedDarkMode%2CsidebarLogoExpandedDarkMode%2CthemePreference%2CprimaryGradient%2CprimaryButtonShadowL%2CprimaryButtonShadowHoverL%2CprimaryButtonShadowD%2CprimaryButtonShadowHoverD%2CsidebarBackgroundType%2CsidebarBackgroundImageUrl%2CsidebarBackgroundImageFit%2CsidebarBackgroundImagePosition%2CsidebarNavigationMode%2CsidebarSecondaryGroupLabels%2CsidebarBgStartL%2CsidebarBgEndL%2CsidebarTextL%2CsidebarActiveBgStartL%2CsidebarActiveBgEndL%2CsidebarActiveTextL%2CsidebarHoverBgL%2CsidebarHoverTextL%2CsidebarBorderL%2CbuttonTextColorL%2CbuttonTextColorD%2CsidebarBgStartD%2CsidebarBgEndD%2CsidebarTextD%2CsidebarActiveBgStartD%2CsidebarActiveBgEndD%2CsidebarActiveTextD%2CsidebarHoverBgD%2CsidebarHoverTextD%2CsidebarBorderD%2CsidebarFontFamilyL%2CsidebarFontSizeL%2CsidebarFontWeightL%2CsidebarLineHeightL%2CsidebarLetterSpacingL%2CsidebarTextTransformL%2CsidebarFontFamilyD%2CsidebarFontSizeD%2CsidebarFontWeightD%2CsidebarLineHeightD%2CsidebarLetterSpacingD%2CsidebarTextTransformD%2CsidebarBorderWidthL%2CsidebarBorderStyleL%2CsidebarBorderRadiusL%2CsidebarShadowL%2CsidebarShadowHoverL%2CsidebarShadowActiveL%2CsidebarBorderWidthD%2CsidebarBorderStyleD%2CsidebarBorderRadiusD%2CsidebarShadowD%2CsidebarShadowHoverD%2CsidebarShadowActiveD%2CsidebarPaddingXL%2CsidebarPaddingYL%2CsidebarMarginL%2CsidebarGapL%2CsidebarWidthL%2CsidebarWidthCollapsedL%2CsidebarTransitionDurationL%2CsidebarTransitionTimingL%2CsidebarPaddingXD%2CsidebarPaddingYD%2CsidebarMarginD%2CsidebarGapD%2CsidebarWidthD%2CsidebarWidthCollapsedD%2CsidebarTransitionDurationD%2CsidebarTransitionTimingD%2CsidebarMenuItemBgL%2CsidebarMenuItemBgHoverL%2CsidebarMenuItemBgActiveL%2CsidebarMenuItemColorL%2CsidebarMenuItemColorHoverL%2CsidebarMenuItemColorActiveL%2CsidebarMenuItemBorderL%2CsidebarMenuItemBorderHoverL%2CsidebarMenuItemBorderActiveL%2CsidebarMenuItemBorderRadiusL%2CsidebarMenuItemPaddingXL%2CsidebarMenuItemPaddingYL%2CsidebarMenuItemMarginL%2CsidebarMenuItemFontWeightL%2CsidebarMenuItemFontWeightActiveL%2CsidebarMenuItemFontSizeL%2CsidebarMenuItemLineHeightL%2CsidebarMenuItemTransitionL%2CsidebarMenuItemBgD%2CsidebarMenuItemBgHoverD%2CsidebarMenuItemBgActiveD%2CsidebarMenuItemColorD%2CsidebarMenuItemColorHoverD%2CsidebarMenuItemColorActiveD%2CsidebarMenuItemBorderD%2CsidebarMenuItemBorderHoverD%2CsidebarMenuItemBorderActiveD%2CsidebarMenuItemBorderRadiusD%2CsidebarMenuItemPaddingXD%2CsidebarMenuItemPaddingYD%2CsidebarMenuItemMarginD%2CsidebarMenuItemFontWeightD%2CsidebarMenuItemFontWeightActiveD%2CsidebarMenuItemFontSizeD%2CsidebarMenuItemLineHeightD%2CsidebarMenuItemTransitionD%2CsidebarIconSizeL%2CsidebarIconColorL%2CsidebarIconColorHoverL%2CsidebarIconColorActiveL%2CsidebarIconMarginRightL%2CsidebarIconTransitionL%2CsidebarIconSizeD%2CsidebarIconColorD%2CsidebarIconColorHoverD%2CsidebarIconColorActiveD%2CsidebarIconMarginRightD%2CsidebarIconTransitionD%2CsidebarGroupLabelColorL%2CsidebarGroupLabelFontSizeL%2CsidebarGroupLabelFontWeightL%2CsidebarGroupLabelTextTransformL%2CsidebarGroupLabelLetterSpacingL%2CsidebarGroupLabelPaddingL%2CsidebarGroupLabelMarginL%2CsidebarGroupLabelColorD%2CsidebarGroupLabelFontSizeD%2CsidebarGroupLabelFontWeightD%2CsidebarGroupLabelTextTransformD%2CsidebarGroupLabelLetterSpacingD%2CsidebarGroupLabelPaddingD%2CsidebarGroupLabelMarginD 200 in 450ms
 GET /api/settings/system-settings?keys=appName%2CappLogoDataUrl%2CappFaviconDataUrl%2CorganizationLogoDataUrl%2CappThemePreference%2CshowLogoOnly%2CsidebarLogoSize%2CsidebarLogoCollapsedLightMode%2CsidebarLogoExpandedLightMode%2CsidebarLogoCollapsedDarkMode%2CsidebarLogoExpandedDarkMode%2CloginPageLogoLightMode%2CloginPageLogoDarkMode%2CsplashBackgroundColor%2CsplashLogoDataUrl%2CsplashAnimationType%2CpwaEnabled%2CpwaThemeColor%2CpwaBackgroundColor%2CpwaAppleMobileWebAppTitle%2CpwaAppleMobileWebAppStatusBarStyle%2CrightClickProtectionEnabled%2CscreenCaptureProtectionEnabled 200 in 926ms
 GET /api/settings/system-settings?keys=drawerStyle 200 in 903ms
 GET /api/upload-queue/health 200 in 1175ms
 GET /api/settings/system-settings?keys=drawerStyle 200 in 436ms
 GET /api/upload-queue/health 200 in 623ms
 GET /api/sse 200 in 17237ms
 ○ Compiling /settings/localization ...
 ✓ Compiled in 3.1s
 ✓ Compiled /settings/localization in 3s
 GET /people/onboarding 200 in 1856ms
 GET /settings/compensation-approval-routes?adminCenterEmbed=1 200 in 1844ms
 GET /settings?adminTab=hr-setup&config=compensation-approval-routes 200 in 2216ms
 GET /settings/localization?adminCenterEmbed=1 200 in 3920ms
 GET /api/sse 200 in 501394ms
 GET /api/sse 200 in 492443ms
 GET /settings/compensation-approval-routes?adminCenterEmbed=1 200 in 935ms
 ✓ Compiled /payroll in 388ms
 GET /settings?adminTab=hr-setup&config=compensation-approval-routes 200 in 1326ms
 GET /people/onboarding 200 in 403ms
 GET /api/sse 200 in 74845ms
 GET /people/onboarding 200 in 1567ms
 GET /api/sse 200 in 577051ms
 ✓ Compiled /dashboard in 484ms
 GET /payroll 200 in 2277ms
 GET /icon.png?icon.31d034ff.png 200 in 1319ms
 GET /api/settings/system-settings?keys=appLogoDataUrl%2CappName%2CshowLogoOnly%2CsidebarLogoSize%2CcollapsedSidebarLogoSize%2CsidebarLogoCollapsedLightMode%2CsidebarLogoExpandedLightMode%2CsidebarLogoCollapsedDarkMode%2CsidebarLogoExpandedDarkMode%2CthemePreference%2CprimaryGradient%2CprimaryButtonShadowL%2CprimaryButtonShadowHoverL%2CprimaryButtonShadowD%2CprimaryButtonShadowHoverD%2CsidebarBackgroundType%2CsidebarBackgroundImageUrl%2CsidebarBackgroundImageFit%2CsidebarBackgroundImagePosition%2CsidebarNavigationMode%2CsidebarSecondaryGroupLabels%2CsidebarBgStartL%2CsidebarBgEndL%2CsidebarTextL%2CsidebarActiveBgStartL%2CsidebarActiveBgEndL%2CsidebarActiveTextL%2CsidebarHoverBgL%2CsidebarHoverTextL%2CsidebarBorderL%2CbuttonTextColorL%2CbuttonTextColorD%2CsidebarBgStartD%2CsidebarBgEndD%2CsidebarTextD%2CsidebarActiveBgStartD%2CsidebarActiveBgEndD%2CsidebarActiveTextD%2CsidebarHoverBgD%2CsidebarHoverTextD%2CsidebarBorderD%2CsidebarFontFamilyL%2CsidebarFontSizeL%2CsidebarFontWeightL%2CsidebarLineHeightL%2CsidebarLetterSpacingL%2CsidebarTextTransformL%2CsidebarFontFamilyD%2CsidebarFontSizeD%2CsidebarFontWeightD%2CsidebarLineHeightD%2CsidebarLetterSpacingD%2CsidebarTextTransformD%2CsidebarBorderWidthL%2CsidebarBorderStyleL%2CsidebarBorderRadiusL%2CsidebarShadowL%2CsidebarShadowHoverL%2CsidebarShadowActiveL%2CsidebarBorderWidthD%2CsidebarBorderStyleD%2CsidebarBorderRadiusD%2CsidebarShadowD%2CsidebarShadowHoverD%2CsidebarShadowActiveD%2CsidebarPaddingXL%2CsidebarPaddingYL%2CsidebarMarginL%2CsidebarGapL%2CsidebarWidthL%2CsidebarWidthCollapsedL%2CsidebarTransitionDurationL%2CsidebarTransitionTimingL%2CsidebarPaddingXD%2CsidebarPaddingYD%2CsidebarMarginD%2CsidebarGapD%2CsidebarWidthD%2CsidebarWidthCollapsedD%2CsidebarTransitionDurationD%2CsidebarTransitionTimingD%2CsidebarMenuItemBgL%2CsidebarMenuItemBgHoverL%2CsidebarMenuItemBgActiveL%2CsidebarMenuItemColorL%2CsidebarMenuItemColorHoverL%2CsidebarMenuItemColorActiveL%2CsidebarMenuItemBorderL%2CsidebarMenuItemBorderHoverL%2CsidebarMenuItemBorderActiveL%2CsidebarMenuItemBorderRadiusL%2CsidebarMenuItemPaddingXL%2CsidebarMenuItemPaddingYL%2CsidebarMenuItemMarginL%2CsidebarMenuItemFontWeightL%2CsidebarMenuItemFontWeightActiveL%2CsidebarMenuItemFontSizeL%2CsidebarMenuItemLineHeightL%2CsidebarMenuItemTransitionL%2CsidebarMenuItemBgD%2CsidebarMenuItemBgHoverD%2CsidebarMenuItemBgActiveD%2CsidebarMenuItemColorD%2CsidebarMenuItemColorHoverD%2CsidebarMenuItemColorActiveD%2CsidebarMenuItemBorderD%2CsidebarMenuItemBorderHoverD%2CsidebarMenuItemBorderActiveD%2CsidebarMenuItemBorderRadiusD%2CsidebarMenuItemPaddingXD%2CsidebarMenuItemPaddingYD%2CsidebarMenuItemMarginD%2CsidebarMenuItemFontWeightD%2CsidebarMenuItemFontWeightActiveD%2CsidebarMenuItemFontSizeD%2CsidebarMenuItemLineHeightD%2CsidebarMenuItemTransitionD%2CsidebarIconSizeL%2CsidebarIconColorL%2CsidebarIconColorHoverL%2CsidebarIconColorActiveL%2CsidebarIconMarginRightL%2CsidebarIconTransitionL%2CsidebarIconSizeD%2CsidebarIconColorD%2CsidebarIconColorHoverD%2CsidebarIconColorActiveD%2CsidebarIconMarginRightD%2CsidebarIconTransitionD%2CsidebarGroupLabelColorL%2CsidebarGroupLabelFontSizeL%2CsidebarGroupLabelFontWeightL%2CsidebarGroupLabelTextTransformL%2CsidebarGroupLabelLetterSpacingL%2CsidebarGroupLabelPaddingL%2CsidebarGroupLabelMarginL%2CsidebarGroupLabelColorD%2CsidebarGroupLabelFontSizeD%2CsidebarGroupLabelFontWeightD%2CsidebarGroupLabelTextTransformD%2CsidebarGroupLabelLetterSpacingD%2CsidebarGroupLabelPaddingD%2CsidebarGroupLabelMarginD 200 in 1381ms
 GET /dashboard 200 in 891ms
 GET /api/sse 200 in 503960ms
 GET /api/settings/system-settings?keys=appName%2CappLogoDataUrl%2CappFaviconDataUrl%2CorganizationLogoDataUrl%2CappThemePreference%2CshowLogoOnly%2CsidebarLogoSize%2CsidebarLogoCollapsedLightMode%2CsidebarLogoExpandedLightMode%2CsidebarLogoCollapsedDarkMode%2CsidebarLogoExpandedDarkMode%2CloginPageLogoLightMode%2CloginPageLogoDarkMode%2CsplashBackgroundColor%2CsplashLogoDataUrl%2CsplashAnimationType%2CpwaEnabled%2CpwaThemeColor%2CpwaBackgroundColor%2CpwaAppleMobileWebAppTitle%2CpwaAppleMobileWebAppStatusBarStyle%2CrightClickProtectionEnabled%2CscreenCaptureProtectionEnabled 200 in 1864ms
 GET /api/auth/session 200 in 1893ms
 GET /api/user-preferences 200 in 2073ms
 GET /api/settings/system-settings?keys=appLogoDataUrl%2CappName%2CshowLogoOnly%2CsidebarLogoSize%2CcollapsedSidebarLogoSize%2CsidebarLogoCollapsedLightMode%2CsidebarLogoExpandedLightMode%2CsidebarLogoCollapsedDarkMode%2CsidebarLogoExpandedDarkMode%2CthemePreference%2CprimaryGradient%2CprimaryButtonShadowL%2CprimaryButtonShadowHoverL%2CprimaryButtonShadowD%2CprimaryButtonShadowHoverD%2CsidebarBackgroundType%2CsidebarBackgroundImageUrl%2CsidebarBackgroundImageFit%2CsidebarBackgroundImagePosition%2CsidebarNavigationMode%2CsidebarSecondaryGroupLabels%2CsidebarBgStartL%2CsidebarBgEndL%2CsidebarTextL%2CsidebarActiveBgStartL%2CsidebarActiveBgEndL%2CsidebarActiveTextL%2CsidebarHoverBgL%2CsidebarHoverTextL%2CsidebarBorderL%2CbuttonTextColorL%2CbuttonTextColorD%2CsidebarBgStartD%2CsidebarBgEndD%2CsidebarTextD%2CsidebarActiveBgStartD%2CsidebarActiveBgEndD%2CsidebarActiveTextD%2CsidebarHoverBgD%2CsidebarHoverTextD%2CsidebarBorderD%2CsidebarFontFamilyL%2CsidebarFontSizeL%2CsidebarFontWeightL%2CsidebarLineHeightL%2CsidebarLetterSpacingL%2CsidebarTextTransformL%2CsidebarFontFamilyD%2CsidebarFontSizeD%2CsidebarFontWeightD%2CsidebarLineHeightD%2CsidebarLetterSpacingD%2CsidebarTextTransformD%2CsidebarBorderWidthL%2CsidebarBorderStyleL%2CsidebarBorderRadiusL%2CsidebarShadowL%2CsidebarShadowHoverL%2CsidebarShadowActiveL%2CsidebarBorderWidthD%2CsidebarBorderStyleD%2CsidebarBorderRadiusD%2CsidebarShadowD%2CsidebarShadowHoverD%2CsidebarShadowActiveD%2CsidebarPaddingXL%2CsidebarPaddingYL%2CsidebarMarginL%2CsidebarGapL%2CsidebarWidthL%2CsidebarWidthCollapsedL%2CsidebarTransitionDurationL%2CsidebarTransitionTimingL%2CsidebarPaddingXD%2CsidebarPaddingYD%2CsidebarMarginD%2CsidebarGapD%2CsidebarWidthD%2CsidebarWidthCollapsedD%2CsidebarTransitionDurationD%2CsidebarTransitionTimingD%2CsidebarMenuItemBgL%2CsidebarMenuItemBgHoverL%2CsidebarMenuItemBgActiveL%2CsidebarMenuItemColorL%2CsidebarMenuItemColorHoverL%2CsidebarMenuItemColorActiveL%2CsidebarMenuItemBorderL%2CsidebarMenuItemBorderHoverL%2CsidebarMenuItemBorderActiveL%2CsidebarMenuItemBorderRadiusL%2CsidebarMenuItemPaddingXL%2CsidebarMenuItemPaddingYL%2CsidebarMenuItemMarginL%2CsidebarMenuItemFontWeightL%2CsidebarMenuItemFontWeightActiveL%2CsidebarMenuItemFontSizeL%2CsidebarMenuItemLineHeightL%2CsidebarMenuItemTransitionL%2CsidebarMenuItemBgD%2CsidebarMenuItemBgHoverD%2CsidebarMenuItemBgActiveD%2CsidebarMenuItemColorD%2CsidebarMenuItemColorHoverD%2CsidebarMenuItemColorActiveD%2CsidebarMenuItemBorderD%2CsidebarMenuItemBorderHoverD%2CsidebarMenuItemBorderActiveD%2CsidebarMenuItemBorderRadiusD%2CsidebarMenuItemPaddingXD%2CsidebarMenuItemPaddingYD%2CsidebarMenuItemMarginD%2CsidebarMenuItemFontWeightD%2CsidebarMenuItemFontWeightActiveD%2CsidebarMenuItemFontSizeD%2CsidebarMenuItemLineHeightD%2CsidebarMenuItemTransitionD%2CsidebarIconSizeL%2CsidebarIconColorL%2CsidebarIconColorHoverL%2CsidebarIconColorActiveL%2CsidebarIconMarginRightL%2CsidebarIconTransitionL%2CsidebarIconSizeD%2CsidebarIconColorD%2CsidebarIconColorHoverD%2CsidebarIconColorActiveD%2CsidebarIconMarginRightD%2CsidebarIconTransitionD%2CsidebarGroupLabelColorL%2CsidebarGroupLabelFontSizeL%2CsidebarGroupLabelFontWeightL%2CsidebarGroupLabelTextTransformL%2CsidebarGroupLabelLetterSpacingL%2CsidebarGroupLabelPaddingL%2CsidebarGroupLabelMarginL%2CsidebarGroupLabelColorD%2CsidebarGroupLabelFontSizeD%2CsidebarGroupLabelFontWeightD%2CsidebarGroupLabelTextTransformD%2CsidebarGroupLabelLetterSpacingD%2CsidebarGroupLabelPaddingD%2CsidebarGroupLabelMarginD 200 in 678ms
 GET /settings/compensation-approval-routes?adminCenterEmbed=1 200 in 1128ms
 GET /dashboard 200 in 2641ms
 GET /api/upload-queue/health 200 in 1123ms
 GET /api/settings/system-settings?keys=appName%2CappLogoDataUrl%2CappFaviconDataUrl%2CorganizationLogoDataUrl%2CappThemePreference%2CshowLogoOnly%2CsidebarLogoSize%2CsidebarLogoCollapsedLightMode%2CsidebarLogoExpandedLightMode%2CsidebarLogoCollapsedDarkMode%2CsidebarLogoExpandedDarkMode%2CloginPageLogoLightMode%2CloginPageLogoDarkMode%2CsplashBackgroundColor%2CsplashLogoDataUrl%2CsplashAnimationType%2CpwaEnabled%2CpwaThemeColor%2CpwaBackgroundColor%2CpwaAppleMobileWebAppTitle%2CpwaAppleMobileWebAppStatusBarStyle%2CrightClickProtectionEnabled%2CscreenCaptureProtectionEnabled 200 in 1668ms
 GET /api/broadcast/active 200 in 1556ms
 GET /api/hr/onboarding 200 in 1103ms
 GET /api/settings/system-settings?keys=appLogoDataUrl%2CappName%2CshowLogoOnly%2CsidebarLogoSize%2CcollapsedSidebarLogoSize%2CsidebarLogoCollapsedLightMode%2CsidebarLogoExpandedLightMode%2CsidebarLogoCollapsedDarkMode%2CsidebarLogoExpandedDarkMode%2CthemePreference%2CprimaryGradient%2CprimaryButtonShadowL%2CprimaryButtonShadowHoverL%2CprimaryButtonShadowD%2CprimaryButtonShadowHoverD%2CsidebarBackgroundType%2CsidebarBackgroundImageUrl%2CsidebarBackgroundImageFit%2CsidebarBackgroundImagePosition%2CsidebarNavigationMode%2CsidebarSecondaryGroupLabels%2CsidebarBgStartL%2CsidebarBgEndL%2CsidebarTextL%2CsidebarActiveBgStartL%2CsidebarActiveBgEndL%2CsidebarActiveTextL%2CsidebarHoverBgL%2CsidebarHoverTextL%2CsidebarBorderL%2CbuttonTextColorL%2CbuttonTextColorD%2CsidebarBgStartD%2CsidebarBgEndD%2CsidebarTextD%2CsidebarActiveBgStartD%2CsidebarActiveBgEndD%2CsidebarActiveTextD%2CsidebarHoverBgD%2CsidebarHoverTextD%2CsidebarBorderD%2CsidebarFontFamilyL%2CsidebarFontSizeL%2CsidebarFontWeightL%2CsidebarLineHeightL%2CsidebarLetterSpacingL%2CsidebarTextTransformL%2CsidebarFontFamilyD%2CsidebarFontSizeD%2CsidebarFontWeightD%2CsidebarLineHeightD%2CsidebarLetterSpacingD%2CsidebarTextTransformD%2CsidebarBorderWidthL%2CsidebarBorderStyleL%2CsidebarBorderRadiusL%2CsidebarShadowL%2CsidebarShadowHoverL%2CsidebarShadowActiveL%2CsidebarBorderWidthD%2CsidebarBorderStyleD%2CsidebarBorderRadiusD%2CsidebarShadowD%2CsidebarShadowHoverD%2CsidebarShadowActiveD%2CsidebarPaddingXL%2CsidebarPaddingYL%2CsidebarMarginL%2CsidebarGapL%2CsidebarWidthL%2CsidebarWidthCollapsedL%2CsidebarTransitionDurationL%2CsidebarTransitionTimingL%2CsidebarPaddingXD%2CsidebarPaddingYD%2CsidebarMarginD%2CsidebarGapD%2CsidebarWidthD%2CsidebarWidthCollapsedD%2CsidebarTransitionDurationD%2CsidebarTransitionTimingD%2CsidebarMenuItemBgL%2CsidebarMenuItemBgHoverL%2CsidebarMenuItemBgActiveL%2CsidebarMenuItemColorL%2CsidebarMenuItemColorHoverL%2CsidebarMenuItemColorActiveL%2CsidebarMenuItemBorderL%2CsidebarMenuItemBorderHoverL%2CsidebarMenuItemBorderActiveL%2CsidebarMenuItemBorderRadiusL%2CsidebarMenuItemPaddingXL%2CsidebarMenuItemPaddingYL%2CsidebarMenuItemMarginL%2CsidebarMenuItemFontWeightL%2CsidebarMenuItemFontWeightActiveL%2CsidebarMenuItemFontSizeL%2CsidebarMenuItemLineHeightL%2CsidebarMenuItemTransitionL%2CsidebarMenuItemBgD%2CsidebarMenuItemBgHoverD%2CsidebarMenuItemBgActiveD%2CsidebarMenuItemColorD%2CsidebarMenuItemColorHoverD%2CsidebarMenuItemColorActiveD%2CsidebarMenuItemBorderD%2CsidebarMenuItemBorderHoverD%2CsidebarMenuItemBorderActiveD%2CsidebarMenuItemBorderRadiusD%2CsidebarMenuItemPaddingXD%2CsidebarMenuItemPaddingYD%2CsidebarMenuItemMarginD%2CsidebarMenuItemFontWeightD%2CsidebarMenuItemFontWeightActiveD%2CsidebarMenuItemFontSizeD%2CsidebarMenuItemLineHeightD%2CsidebarMenuItemTransitionD%2CsidebarIconSizeL%2CsidebarIconColorL%2CsidebarIconColorHoverL%2CsidebarIconColorActiveL%2CsidebarIconMarginRightL%2CsidebarIconTransitionL%2CsidebarIconSizeD%2CsidebarIconColorD%2CsidebarIconColorHoverD%2CsidebarIconColorActiveD%2CsidebarIconMarginRightD%2CsidebarIconTransitionD%2CsidebarGroupLabelColorL%2CsidebarGroupLabelFontSizeL%2CsidebarGroupLabelFontWeightL%2CsidebarGroupLabelTextTransformL%2CsidebarGroupLabelLetterSpacingL%2CsidebarGroupLabelPaddingL%2CsidebarGroupLabelMarginL%2CsidebarGroupLabelColorD%2CsidebarGroupLabelFontSizeD%2CsidebarGroupLabelFontWeightD%2CsidebarGroupLabelTextTransformD%2CsidebarGroupLabelLetterSpacingD%2CsidebarGroupLabelPaddingD%2CsidebarGroupLabelMarginD 200 in 847ms
 GET /api/auth/session 200 in 924ms
 GET /api/hr/onboarding?view=tasks 200 in 1176ms
 GET /api/user-preferences 200 in 1386ms
 GET /api/hr/learning 200 in 1108ms
 GET /api/settings/system-settings?keys=appName%2CappLogoDataUrl%2CappFaviconDataUrl%2CorganizationLogoDataUrl%2CappThemePreference%2CshowLogoOnly%2CsidebarLogoSize%2CsidebarLogoCollapsedLightMode%2CsidebarLogoExpandedLightMode%2CsidebarLogoCollapsedDarkMode%2CsidebarLogoExpandedDarkMode%2CloginPageLogoLightMode%2CloginPageLogoDarkMode%2CsplashBackgroundColor%2CsplashLogoDataUrl%2CsplashAnimationType%2CpwaEnabled%2CpwaThemeColor%2CpwaBackgroundColor%2CpwaAppleMobileWebAppTitle%2CpwaAppleMobileWebAppStatusBarStyle%2CrightClickProtectionEnabled%2CscreenCaptureProtectionEnabled 200 in 816ms
 GET /api/hr/employees 200 in 1297ms
 ✓ Compiled /api/localization in 373ms
 GET /api/hr/learning?view=courses 200 in 1224ms
 GET /api/privacy-support/categories 200 in 1192ms
 GET /api/settings/platform-setup/status 200 in 1030ms
 GET /api/realtime/notifications?limit=50 200 in 1124ms
 GET /api/realtime/notifications?limit=50 200 in 1156ms
 GET /api/hr/onboarding 200 in 1201ms
 GET /api/hr/onboarding?view=tasks 200 in 1139ms
 GET /api/localization 200 in 2582ms
 GET /api/broadcast/active 200 in 2178ms
 GET /api/hr/employees 200 in 1679ms
 GET /api/user-preferences 200 in 797ms
 GET /api/hr/learning 200 in 1236ms
 GET /api/localization 200 in 2069ms
 GET /api/hr/learning?view=courses 200 in 1222ms
 GET /api/privacy-support/categories 200 in 1116ms
 GET /api/settings/platform-setup/status 200 in 949ms
 GET /api/user-preferences 200 in 978ms
 GET /api/auth/session 200 in 755ms
 GET /api/privacy-support/categories 200 in 1230ms
 GET /api/settings/platform-setup/status 200 in 1091ms
 GET /api/broadcast/active 200 in 1368ms
 GET /api/settings/system-settings?keys=appLogoDataUrl%2CappName%2CshowLogoOnly%2CsidebarLogoSize%2CcollapsedSidebarLogoSize%2CsidebarLogoCollapsedLightMode%2CsidebarLogoExpandedLightMode%2CsidebarLogoCollapsedDarkMode%2CsidebarLogoExpandedDarkMode%2CthemePreference%2CprimaryGradient%2CprimaryButtonShadowL%2CprimaryButtonShadowHoverL%2CprimaryButtonShadowD%2CprimaryButtonShadowHoverD%2CsidebarBackgroundType%2CsidebarBackgroundImageUrl%2CsidebarBackgroundImageFit%2CsidebarBackgroundImagePosition%2CsidebarNavigationMode%2CsidebarSecondaryGroupLabels%2CsidebarBgStartL%2CsidebarBgEndL%2CsidebarTextL%2CsidebarActiveBgStartL%2CsidebarActiveBgEndL%2CsidebarActiveTextL%2CsidebarHoverBgL%2CsidebarHoverTextL%2CsidebarBorderL%2CbuttonTextColorL%2CbuttonTextColorD%2CsidebarBgStartD%2CsidebarBgEndD%2CsidebarTextD%2CsidebarActiveBgStartD%2CsidebarActiveBgEndD%2CsidebarActiveTextD%2CsidebarHoverBgD%2CsidebarHoverTextD%2CsidebarBorderD%2CsidebarFontFamilyL%2CsidebarFontSizeL%2CsidebarFontWeightL%2CsidebarLineHeightL%2CsidebarLetterSpacingL%2CsidebarTextTransformL%2CsidebarFontFamilyD%2CsidebarFontSizeD%2CsidebarFontWeightD%2CsidebarLineHeightD%2CsidebarLetterSpacingD%2CsidebarTextTransformD%2CsidebarBorderWidthL%2CsidebarBorderStyleL%2CsidebarBorderRadiusL%2CsidebarShadowL%2CsidebarShadowHoverL%2CsidebarShadowActiveL%2CsidebarBorderWidthD%2CsidebarBorderStyleD%2CsidebarBorderRadiusD%2CsidebarShadowD%2CsidebarShadowHoverD%2CsidebarShadowActiveD%2CsidebarPaddingXL%2CsidebarPaddingYL%2CsidebarMarginL%2CsidebarGapL%2CsidebarWidthL%2CsidebarWidthCollapsedL%2CsidebarTransitionDurationL%2CsidebarTransitionTimingL%2CsidebarPaddingXD%2CsidebarPaddingYD%2CsidebarMarginD%2CsidebarGapD%2CsidebarWidthD%2CsidebarWidthCollapsedD%2CsidebarTransitionDurationD%2CsidebarTransitionTimingD%2CsidebarMenuItemBgL%2CsidebarMenuItemBgHoverL%2CsidebarMenuItemBgActiveL%2CsidebarMenuItemColorL%2CsidebarMenuItemColorHoverL%2CsidebarMenuItemColorActiveL%2CsidebarMenuItemBorderL%2CsidebarMenuItemBorderHoverL%2CsidebarMenuItemBorderActiveL%2CsidebarMenuItemBorderRadiusL%2CsidebarMenuItemPaddingXL%2CsidebarMenuItemPaddingYL%2CsidebarMenuItemMarginL%2CsidebarMenuItemFontWeightL%2CsidebarMenuItemFontWeightActiveL%2CsidebarMenuItemFontSizeL%2CsidebarMenuItemLineHeightL%2CsidebarMenuItemTransitionL%2CsidebarMenuItemBgD%2CsidebarMenuItemBgHoverD%2CsidebarMenuItemBgActiveD%2CsidebarMenuItemColorD%2CsidebarMenuItemColorHoverD%2CsidebarMenuItemColorActiveD%2CsidebarMenuItemBorderD%2CsidebarMenuItemBorderHoverD%2CsidebarMenuItemBorderActiveD%2CsidebarMenuItemBorderRadiusD%2CsidebarMenuItemPaddingXD%2CsidebarMenuItemPaddingYD%2CsidebarMenuItemMarginD%2CsidebarMenuItemFontWeightD%2CsidebarMenuItemFontWeightActiveD%2CsidebarMenuItemFontSizeD%2CsidebarMenuItemLineHeightD%2CsidebarMenuItemTransitionD%2CsidebarIconSizeL%2CsidebarIconColorL%2CsidebarIconColorHoverL%2CsidebarIconColorActiveL%2CsidebarIconMarginRightL%2CsidebarIconTransitionL%2CsidebarIconSizeD%2CsidebarIconColorD%2CsidebarIconColorHoverD%2CsidebarIconColorActiveD%2CsidebarIconMarginRightD%2CsidebarIconTransitionD%2CsidebarGroupLabelColorL%2CsidebarGroupLabelFontSizeL%2CsidebarGroupLabelFontWeightL%2CsidebarGroupLabelTextTransformL%2CsidebarGroupLabelLetterSpacingL%2CsidebarGroupLabelPaddingL%2CsidebarGroupLabelMarginL%2CsidebarGroupLabelColorD%2CsidebarGroupLabelFontSizeD%2CsidebarGroupLabelFontWeightD%2CsidebarGroupLabelTextTransformD%2CsidebarGroupLabelLetterSpacingD%2CsidebarGroupLabelPaddingD%2CsidebarGroupLabelMarginD 200 in 562ms
 GET /api/broadcast/active 200 in 897ms
 GET /api/settings/system-settings?keys=appName%2CappLogoDataUrl%2CappFaviconDataUrl%2CorganizationLogoDataUrl%2CappThemePreference%2CshowLogoOnly%2CsidebarLogoSize%2CsidebarLogoCollapsedLightMode%2CsidebarLogoExpandedLightMode%2CsidebarLogoCollapsedDarkMode%2CsidebarLogoExpandedDarkMode%2CloginPageLogoLightMode%2CloginPageLogoDarkMode%2CsplashBackgroundColor%2CsplashLogoDataUrl%2CsplashAnimationType%2CpwaEnabled%2CpwaThemeColor%2CpwaBackgroundColor%2CpwaAppleMobileWebAppTitle%2CpwaAppleMobileWebAppStatusBarStyle%2CrightClickProtectionEnabled%2CscreenCaptureProtectionEnabled 200 in 1034ms
 GET /api/settings/system-settings?keys=drawerStyle 200 in 1084ms
 GET /api/settings/platform-setup/status 200 in 1508ms
 GET /api/privacy-support/categories 200 in 1558ms
 GET /api/broadcast/active 200 in 1472ms
 GET /api/broadcast/active 200 in 985ms
 GET /api/broadcast/active 200 in 957ms
 GET /icon.png?icon.31d034ff.png 200 in 640ms
 GET /api/upload-queue/health 200 in 898ms
 GET /api/auth/session 200 in 565ms
 GET /api/settings/platform-setup/status 200 in 1184ms
 GET /api/settings/platform-setup/status 200 in 1202ms
 GET /api/user-preferences 200 in 624ms
 GET /api/settings/system-settings?keys=broadcastBannerActiveId,broadcastBannerOneTitle,broadcastBannerOneMessage,broadcastBannerOneTone,broadcastBannerTwoTitle,broadcastBannerTwoMessage,broadcastBannerTwoTone,broadcastBannerThreeTitle,broadcastBannerThreeMessage,broadcastBannerThreeTone 200 in 854ms
 GET /api/upload-queue/health 200 in 1035ms
 GET /api/privacy-support/categories 200 in 1253ms
 GET /api/broadcast/active 200 in 1369ms
 GET /api/realtime/notifications?limit=50 200 in 576ms
 GET /api/settings/system-settings?keys=drawerStyle 200 in 498ms
 GET /api/user-preferences 200 in 672ms
 GET /api/settings/platform-setup/status 200 in 890ms
 GET /api/settings/system-settings?keys=broadcastBannerActiveId,broadcastBannerOneTitle,broadcastBannerOneMessage,broadcastBannerOneTone,broadcastBannerTwoTitle,broadcastBannerTwoMessage,broadcastBannerTwoTone,broadcastBannerThreeTitle,broadcastBannerThreeMessage,broadcastBannerThreeTone 200 in 540ms
 GET /api/hr/employees?id=6f939ba5-f0a9-483b-a2b4-e3df94a96c56 200 in 2194ms
 GET /api/broadcast/active 200 in 1215ms
 GET /api/settings/system-settings?keys=drawerStyle 200 in 687ms
 GET /api/upload-queue/health 200 in 953ms
 GET /api/realtime/notifications?limit=50 200 in 902ms
 GET /api/user-preferences 200 in 602ms
 GET /api/settings/system-settings?keys=broadcastBannerActiveId,broadcastBannerOneTitle,broadcastBannerOneMessage,broadcastBannerOneTone,broadcastBannerTwoTitle,broadcastBannerTwoMessage,broadcastBannerTwoTone,broadcastBannerThreeTitle,broadcastBannerThreeMessage,broadcastBannerThreeTone 200 in 451ms
 GET /api/broadcast/active 200 in 943ms
 GET /api/settings/system-settings?keys=drawerStyle 200 in 699ms
 GET /api/upload-queue/health 200 in 815ms
 GET /api/user-preferences 200 in 592ms
 GET /api/broadcast/active 200 in 1145ms
 GET /api/settings/system-settings?keys=broadcastBannerActiveId,broadcastBannerOneTitle,broadcastBannerOneMessage,broadcastBannerOneTone,broadcastBannerTwoTitle,broadcastBannerTwoMessage,broadcastBannerTwoTone,broadcastBannerThreeTitle,broadcastBannerThreeMessage,broadcastBannerThreeTone 200 in 542ms
 GET /api/user-preferences 200 in 557ms
 GET /api/broadcast/active 200 in 1020ms
 GET /api/settings/system-settings?keys=broadcastBannerActiveId,broadcastBannerOneTitle,broadcastBannerOneMessage,broadcastBannerOneTone,broadcastBannerTwoTitle,broadcastBannerTwoMessage,broadcastBannerTwoTone,broadcastBannerThreeTitle,broadcastBannerThreeMessage,broadcastBannerThreeTone 200 in 588ms
 GET /api/user-preferences 200 in 683ms
 GET /api/settings/system-settings?keys=appLogoDataUrl%2CappName%2CshowLogoOnly%2CsidebarLogoSize%2CcollapsedSidebarLogoSize%2CsidebarLogoCollapsedLightMode%2CsidebarLogoExpandedLightMode%2CsidebarLogoCollapsedDarkMode%2CsidebarLogoExpandedDarkMode%2CthemePreference%2CprimaryGradient%2CprimaryButtonShadowL%2CprimaryButtonShadowHoverL%2CprimaryButtonShadowD%2CprimaryButtonShadowHoverD%2CsidebarBackgroundType%2CsidebarBackgroundImageUrl%2CsidebarBackgroundImageFit%2CsidebarBackgroundImagePosition%2CsidebarNavigationMode%2CsidebarSecondaryGroupLabels%2CsidebarBgStartL%2CsidebarBgEndL%2CsidebarTextL%2CsidebarActiveBgStartL%2CsidebarActiveBgEndL%2CsidebarActiveTextL%2CsidebarHoverBgL%2CsidebarHoverTextL%2CsidebarBorderL%2CbuttonTextColorL%2CbuttonTextColorD%2CsidebarBgStartD%2CsidebarBgEndD%2CsidebarTextD%2CsidebarActiveBgStartD%2CsidebarActiveBgEndD%2CsidebarActiveTextD%2CsidebarHoverBgD%2CsidebarHoverTextD%2CsidebarBorderD%2CsidebarFontFamilyL%2CsidebarFontSizeL%2CsidebarFontWeightL%2CsidebarLineHeightL%2CsidebarLetterSpacingL%2CsidebarTextTransformL%2CsidebarFontFamilyD%2CsidebarFontSizeD%2CsidebarFontWeightD%2CsidebarLineHeightD%2CsidebarLetterSpacingD%2CsidebarTextTransformD%2CsidebarBorderWidthL%2CsidebarBorderStyleL%2CsidebarBorderRadiusL%2CsidebarShadowL%2CsidebarShadowHoverL%2CsidebarShadowActiveL%2CsidebarBorderWidthD%2CsidebarBorderStyleD%2CsidebarBorderRadiusD%2CsidebarShadowD%2CsidebarShadowHoverD%2CsidebarShadowActiveD%2CsidebarPaddingXL%2CsidebarPaddingYL%2CsidebarMarginL%2CsidebarGapL%2CsidebarWidthL%2CsidebarWidthCollapsedL%2CsidebarTransitionDurationL%2CsidebarTransitionTimingL%2CsidebarPaddingXD%2CsidebarPaddingYD%2CsidebarMarginD%2CsidebarGapD%2CsidebarWidthD%2CsidebarWidthCollapsedD%2CsidebarTransitionDurationD%2CsidebarTransitionTimingD%2CsidebarMenuItemBgL%2CsidebarMenuItemBgHoverL%2CsidebarMenuItemBgActiveL%2CsidebarMenuItemColorL%2CsidebarMenuItemColorHoverL%2CsidebarMenuItemColorActiveL%2CsidebarMenuItemBorderL%2CsidebarMenuItemBorderHoverL%2CsidebarMenuItemBorderActiveL%2CsidebarMenuItemBorderRadiusL%2CsidebarMenuItemPaddingXL%2CsidebarMenuItemPaddingYL%2CsidebarMenuItemMarginL%2CsidebarMenuItemFontWeightL%2CsidebarMenuItemFontWeightActiveL%2CsidebarMenuItemFontSizeL%2CsidebarMenuItemLineHeightL%2CsidebarMenuItemTransitionL%2CsidebarMenuItemBgD%2CsidebarMenuItemBgHoverD%2CsidebarMenuItemBgActiveD%2CsidebarMenuItemColorD%2CsidebarMenuItemColorHoverD%2CsidebarMenuItemColorActiveD%2CsidebarMenuItemBorderD%2CsidebarMenuItemBorderHoverD%2CsidebarMenuItemBorderActiveD%2CsidebarMenuItemBorderRadiusD%2CsidebarMenuItemPaddingXD%2CsidebarMenuItemPaddingYD%2CsidebarMenuItemMarginD%2CsidebarMenuItemFontWeightD%2CsidebarMenuItemFontWeightActiveD%2CsidebarMenuItemFontSizeD%2CsidebarMenuItemLineHeightD%2CsidebarMenuItemTransitionD%2CsidebarIconSizeL%2CsidebarIconColorL%2CsidebarIconColorHoverL%2CsidebarIconColorActiveL%2CsidebarIconMarginRightL%2CsidebarIconTransitionL%2CsidebarIconSizeD%2CsidebarIconColorD%2CsidebarIconColorHoverD%2CsidebarIconColorActiveD%2CsidebarIconMarginRightD%2CsidebarIconTransitionD%2CsidebarGroupLabelColorL%2CsidebarGroupLabelFontSizeL%2CsidebarGroupLabelFontWeightL%2CsidebarGroupLabelTextTransformL%2CsidebarGroupLabelLetterSpacingL%2CsidebarGroupLabelPaddingL%2CsidebarGroupLabelMarginL%2CsidebarGroupLabelColorD%2CsidebarGroupLabelFontSizeD%2CsidebarGroupLabelFontWeightD%2CsidebarGroupLabelTextTransformD%2CsidebarGroupLabelLetterSpacingD%2CsidebarGroupLabelPaddingD%2CsidebarGroupLabelMarginD 200 in 620ms
 GET /api/privacy-support/categories 200 in 1198ms
 GET /api/auth/session 200 in 686ms
 GET /api/settings/system-settings?keys=appName%2CappLogoDataUrl%2CappFaviconDataUrl%2CorganizationLogoDataUrl%2CappThemePreference%2CshowLogoOnly%2CsidebarLogoSize%2CsidebarLogoCollapsedLightMode%2CsidebarLogoExpandedLightMode%2CsidebarLogoCollapsedDarkMode%2CsidebarLogoExpandedDarkMode%2CloginPageLogoLightMode%2CloginPageLogoDarkMode%2CsplashBackgroundColor%2CsplashLogoDataUrl%2CsplashAnimationType%2CpwaEnabled%2CpwaThemeColor%2CpwaBackgroundColor%2CpwaAppleMobileWebAppTitle%2CpwaAppleMobileWebAppStatusBarStyle%2CrightClickProtectionEnabled%2CscreenCaptureProtectionEnabled 200 in 1081ms
 GET /api/realtime/notifications?limit=50 200 in 856ms
 GET /api/settings/compensation-approval-routes 200 in 1114ms
 GET /api/settings/platform-setup/status 200 in 1123ms
 GET /api/settings/system-settings?keys=broadcastBannerActiveId,broadcastBannerOneTitle,broadcastBannerOneMessage,broadcastBannerOneTone,broadcastBannerTwoTitle,broadcastBannerTwoMessage,broadcastBannerTwoTone,broadcastBannerThreeTitle,broadcastBannerThreeMessage,broadcastBannerThreeTone 200 in 429ms
 GET /api/settings/compensation-approval-routes 200 in 852ms
 GET /api/settings/system-settings?keys=drawerStyle 200 in 746ms
 GET /api/user-preferences 200 in 882ms
 GET /api/settings/system-settings?keys=broadcastBannerActiveId,broadcastBannerOneTitle,broadcastBannerOneMessage,broadcastBannerOneTone,broadcastBannerTwoTitle,broadcastBannerTwoMessage,broadcastBannerTwoTone,broadcastBannerThreeTitle,broadcastBannerThreeMessage,broadcastBannerThreeTone 200 in 735ms
 GET /api/settings/system-settings?keys=broadcastBannerActiveId,broadcastBannerOneTitle,broadcastBannerOneMessage,broadcastBannerOneTone,broadcastBannerTwoTitle,broadcastBannerTwoMessage,broadcastBannerTwoTone,broadcastBannerThreeTitle,broadcastBannerThreeMessage,broadcastBannerThreeTone 200 in 498ms
 GET /api/user-preferences 200 in 759ms
 GET /api/broadcast/active 200 in 1012ms
 GET /api/settings/system-settings?keys=broadcastBannerActiveId,broadcastBannerOneTitle,broadcastBannerOneMessage,broadcastBannerOneTone,broadcastBannerTwoTitle,broadcastBannerTwoMessage,broadcastBannerTwoTone,broadcastBannerThreeTitle,broadcastBannerThreeMessage,broadcastBannerThreeTone 200 in 430ms
 GET /api/user-preferences 200 in 500ms
 GET /api/settings/system-settings?keys=broadcastBannerActiveId,broadcastBannerOneTitle,broadcastBannerOneMessage,broadcastBannerOneTone,broadcastBannerTwoTitle,broadcastBannerTwoMessage,broadcastBannerTwoTone,broadcastBannerThreeTitle,broadcastBannerThreeMessage,broadcastBannerThreeTone 200 in 457ms
 GET /api/user-preferences 200 in 572ms
 GET /api/user-preferences 200 in 546ms
 GET /api/settings/system-settings?keys=broadcastBannerActiveId,broadcastBannerOneTitle,broadcastBannerOneMessage,broadcastBannerOneTone,broadcastBannerTwoTitle,broadcastBannerTwoMessage,broadcastBannerTwoTone,broadcastBannerThreeTitle,broadcastBannerThreeMessage,broadcastBannerThreeTone 200 in 463ms
 GET /api/user-preferences 200 in 521ms
 GET /api/upload-queue/health 200 in 553ms
 GET /api/settings/system-settings?keys=drawerStyle 200 in 588ms
 GET /api/auth/session 200 in 718ms
 GET /api/auth/session 200 in 553ms
 GET /api/user-preferences 200 in 725ms
 GET /api/settings/system-settings?keys=broadcastBannerActiveId,broadcastBannerOneTitle,broadcastBannerOneMessage,broadcastBannerOneTone,broadcastBannerTwoTitle,broadcastBannerTwoMessage,broadcastBannerTwoTone,broadcastBannerThreeTitle,broadcastBannerThreeMessage,broadcastBannerThreeTone 200 in 490ms
 GET /api/auth/session 200 in 558ms
 GET /api/auth/session 200 in 541ms
 GET /api/user-preferences 200 in 652ms
 GET /api/auth/session 200 in 761ms
 GET /api/auth/session 200 in 444ms
 GET /api/broadcast/active 200 in 1194ms
 GET /api/settings/system-settings?keys=broadcastBannerActiveId,broadcastBannerOneTitle,broadcastBannerOneMessage,broadcastBannerOneTone,broadcastBannerTwoTitle,broadcastBannerTwoMessage,broadcastBannerTwoTone,broadcastBannerThreeTitle,broadcastBannerThreeMessage,broadcastBannerThreeTone 200 in 736ms
 GET /api/auth/session 200 in 838ms
 GET /api/user-preferences 200 in 1107ms
 GET /api/broadcast/active 200 in 1174ms
 GET /api/user-preferences 200 in 627ms
 GET /api/upload-queue/health 200 in 686ms
 GET /api/settings/system-settings?keys=appLogoDataUrl%2CappName%2CshowLogoOnly%2CsidebarLogoSize%2CcollapsedSidebarLogoSize%2CsidebarLogoCollapsedLightMode%2CsidebarLogoExpandedLightMode%2CsidebarLogoCollapsedDarkMode%2CsidebarLogoExpandedDarkMode%2CthemePreference%2CprimaryGradient%2CprimaryButtonShadowL%2CprimaryButtonShadowHoverL%2CprimaryButtonShadowD%2CprimaryButtonShadowHoverD%2CsidebarBackgroundType%2CsidebarBackgroundImageUrl%2CsidebarBackgroundImageFit%2CsidebarBackgroundImagePosition%2CsidebarNavigationMode%2CsidebarSecondaryGroupLabels%2CsidebarBgStartL%2CsidebarBgEndL%2CsidebarTextL%2CsidebarActiveBgStartL%2CsidebarActiveBgEndL%2CsidebarActiveTextL%2CsidebarHoverBgL%2CsidebarHoverTextL%2CsidebarBorderL%2CbuttonTextColorL%2CbuttonTextColorD%2CsidebarBgStartD%2CsidebarBgEndD%2CsidebarTextD%2CsidebarActiveBgStartD%2CsidebarActiveBgEndD%2CsidebarActiveTextD%2CsidebarHoverBgD%2CsidebarHoverTextD%2CsidebarBorderD%2CsidebarFontFamilyL%2CsidebarFontSizeL%2CsidebarFontWeightL%2CsidebarLineHeightL%2CsidebarLetterSpacingL%2CsidebarTextTransformL%2CsidebarFontFamilyD%2CsidebarFontSizeD%2CsidebarFontWeightD%2CsidebarLineHeightD%2CsidebarLetterSpacingD%2CsidebarTextTransformD%2CsidebarBorderWidthL%2CsidebarBorderStyleL%2CsidebarBorderRadiusL%2CsidebarShadowL%2CsidebarShadowHoverL%2CsidebarShadowActiveL%2CsidebarBorderWidthD%2CsidebarBorderStyleD%2CsidebarBorderRadiusD%2CsidebarShadowD%2CsidebarShadowHoverD%2CsidebarShadowActiveD%2CsidebarPaddingXL%2CsidebarPaddingYL%2CsidebarMarginL%2CsidebarGapL%2CsidebarWidthL%2CsidebarWidthCollapsedL%2CsidebarTransitionDurationL%2CsidebarTransitionTimingL%2CsidebarPaddingXD%2CsidebarPaddingYD%2CsidebarMarginD%2CsidebarGapD%2CsidebarWidthD%2CsidebarWidthCollapsedD%2CsidebarTransitionDurationD%2CsidebarTransitionTimingD%2CsidebarMenuItemBgL%2CsidebarMenuItemBgHoverL%2CsidebarMenuItemBgActiveL%2CsidebarMenuItemColorL%2CsidebarMenuItemColorHoverL%2CsidebarMenuItemColorActiveL%2CsidebarMenuItemBorderL%2CsidebarMenuItemBorderHoverL%2CsidebarMenuItemBorderActiveL%2CsidebarMenuItemBorderRadiusL%2CsidebarMenuItemPaddingXL%2CsidebarMenuItemPaddingYL%2CsidebarMenuItemMarginL%2CsidebarMenuItemFontWeightL%2CsidebarMenuItemFontWeightActiveL%2CsidebarMenuItemFontSizeL%2CsidebarMenuItemLineHeightL%2CsidebarMenuItemTransitionL%2CsidebarMenuItemBgD%2CsidebarMenuItemBgHoverD%2CsidebarMenuItemBgActiveD%2CsidebarMenuItemColorD%2CsidebarMenuItemColorHoverD%2CsidebarMenuItemColorActiveD%2CsidebarMenuItemBorderD%2CsidebarMenuItemBorderHoverD%2CsidebarMenuItemBorderActiveD%2CsidebarMenuItemBorderRadiusD%2CsidebarMenuItemPaddingXD%2CsidebarMenuItemPaddingYD%2CsidebarMenuItemMarginD%2CsidebarMenuItemFontWeightD%2CsidebarMenuItemFontWeightActiveD%2CsidebarMenuItemFontSizeD%2CsidebarMenuItemLineHeightD%2CsidebarMenuItemTransitionD%2CsidebarIconSizeL%2CsidebarIconColorL%2CsidebarIconColorHoverL%2CsidebarIconColorActiveL%2CsidebarIconMarginRightL%2CsidebarIconTransitionL%2CsidebarIconSizeD%2CsidebarIconColorD%2CsidebarIconColorHoverD%2CsidebarIconColorActiveD%2CsidebarIconMarginRightD%2CsidebarIconTransitionD%2CsidebarGroupLabelColorL%2CsidebarGroupLabelFontSizeL%2CsidebarGroupLabelFontWeightL%2CsidebarGroupLabelTextTransformL%2CsidebarGroupLabelLetterSpacingL%2CsidebarGroupLabelPaddingL%2CsidebarGroupLabelMarginL%2CsidebarGroupLabelColorD%2CsidebarGroupLabelFontSizeD%2CsidebarGroupLabelFontWeightD%2CsidebarGroupLabelTextTransformD%2CsidebarGroupLabelLetterSpacingD%2CsidebarGroupLabelPaddingD%2CsidebarGroupLabelMarginD 200 in 703ms
 GET /api/privacy-support/categories 200 in 1051ms
 GET /api/settings/platform-setup/status 200 in 845ms
 GET /api/broadcast/active 200 in 1080ms
 GET /api/realtime/notifications?limit=50 200 in 578ms
 GET /api/settings/system-settings?keys=broadcastBannerActiveId,broadcastBannerOneTitle,broadcastBannerOneMessage,broadcastBannerOneTone,broadcastBannerTwoTitle,broadcastBannerTwoMessage,broadcastBannerTwoTone,broadcastBannerThreeTitle,broadcastBannerThreeMessage,broadcastBannerThreeTone 200 in 590ms
 GET /api/privacy-support/categories 200 in 976ms
 GET /api/settings/platform-setup/status 200 in 911ms
 GET /api/broadcast/active 200 in 1111ms
 GET /api/user-preferences 200 in 547ms
 GET /api/settings/system-settings?keys=drawerStyle 200 in 721ms
 GET /api/settings/system-settings?keys=broadcastBannerActiveId,broadcastBannerOneTitle,broadcastBannerOneMessage,broadcastBannerOneTone,broadcastBannerTwoTitle,broadcastBannerTwoMessage,broadcastBannerTwoTone,broadcastBannerThreeTitle,broadcastBannerThreeMessage,broadcastBannerThreeTone 200 in 565ms
 GET /api/auth/session 200 in 786ms
 GET /api/settings/system-settings?keys=broadcastBannerActiveId,broadcastBannerOneTitle,broadcastBannerOneMessage,broadcastBannerOneTone,broadcastBannerTwoTitle,broadcastBannerTwoMessage,broadcastBannerTwoTone,broadcastBannerThreeTitle,broadcastBannerThreeMessage,broadcastBannerThreeTone 200 in 555ms
 GET /api/upload-queue/health 200 in 712ms
 GET /api/user-preferences 200 in 578ms
 GET /api/settings/system-settings?keys=drawerStyle 200 in 503ms
 GET /api/settings/system-settings?keys=broadcastBannerActiveId,broadcastBannerOneTitle,broadcastBannerOneMessage,broadcastBannerOneTone,broadcastBannerTwoTitle,broadcastBannerTwoMessage,broadcastBannerTwoTone,broadcastBannerThreeTitle,broadcastBannerThreeMessage,broadcastBannerThreeTone 200 in 625ms
 GET /api/auth/session 200 in 766ms
 GET /api/auth/session 200 in 816ms
 GET /api/settings/system-settings?keys=appLogoDataUrl%2CappName%2CshowLogoOnly%2CsidebarLogoSize%2CcollapsedSidebarLogoSize%2CsidebarLogoCollapsedLightMode%2CsidebarLogoExpandedLightMode%2CsidebarLogoCollapsedDarkMode%2CsidebarLogoExpandedDarkMode%2CthemePreference%2CprimaryGradient%2CprimaryButtonShadowL%2CprimaryButtonShadowHoverL%2CprimaryButtonShadowD%2CprimaryButtonShadowHoverD%2CsidebarBackgroundType%2CsidebarBackgroundImageUrl%2CsidebarBackgroundImageFit%2CsidebarBackgroundImagePosition%2CsidebarNavigationMode%2CsidebarSecondaryGroupLabels%2CsidebarBgStartL%2CsidebarBgEndL%2CsidebarTextL%2CsidebarActiveBgStartL%2CsidebarActiveBgEndL%2CsidebarActiveTextL%2CsidebarHoverBgL%2CsidebarHoverTextL%2CsidebarBorderL%2CbuttonTextColorL%2CbuttonTextColorD%2CsidebarBgStartD%2CsidebarBgEndD%2CsidebarTextD%2CsidebarActiveBgStartD%2CsidebarActiveBgEndD%2CsidebarActiveTextD%2CsidebarHoverBgD%2CsidebarHoverTextD%2CsidebarBorderD%2CsidebarFontFamilyL%2CsidebarFontSizeL%2CsidebarFontWeightL%2CsidebarLineHeightL%2CsidebarLetterSpacingL%2CsidebarTextTransformL%2CsidebarFontFamilyD%2CsidebarFontSizeD%2CsidebarFontWeightD%2CsidebarLineHeightD%2CsidebarLetterSpacingD%2CsidebarTextTransformD%2CsidebarBorderWidthL%2CsidebarBorderStyleL%2CsidebarBorderRadiusL%2CsidebarShadowL%2CsidebarShadowHoverL%2CsidebarShadowActiveL%2CsidebarBorderWidthD%2CsidebarBorderStyleD%2CsidebarBorderRadiusD%2CsidebarShadowD%2CsidebarShadowHoverD%2CsidebarShadowActiveD%2CsidebarPaddingXL%2CsidebarPaddingYL%2CsidebarMarginL%2CsidebarGapL%2CsidebarWidthL%2CsidebarWidthCollapsedL%2CsidebarTransitionDurationL%2CsidebarTransitionTimingL%2CsidebarPaddingXD%2CsidebarPaddingYD%2CsidebarMarginD%2CsidebarGapD%2CsidebarWidthD%2CsidebarWidthCollapsedD%2CsidebarTransitionDurationD%2CsidebarTransitionTimingD%2CsidebarMenuItemBgL%2CsidebarMenuItemBgHoverL%2CsidebarMenuItemBgActiveL%2CsidebarMenuItemColorL%2CsidebarMenuItemColorHoverL%2CsidebarMenuItemColorActiveL%2CsidebarMenuItemBorderL%2CsidebarMenuItemBorderHoverL%2CsidebarMenuItemBorderActiveL%2CsidebarMenuItemBorderRadiusL%2CsidebarMenuItemPaddingXL%2CsidebarMenuItemPaddingYL%2CsidebarMenuItemMarginL%2CsidebarMenuItemFontWeightL%2CsidebarMenuItemFontWeightActiveL%2CsidebarMenuItemFontSizeL%2CsidebarMenuItemLineHeightL%2CsidebarMenuItemTransitionL%2CsidebarMenuItemBgD%2CsidebarMenuItemBgHoverD%2CsidebarMenuItemBgActiveD%2CsidebarMenuItemColorD%2CsidebarMenuItemColorHoverD%2CsidebarMenuItemColorActiveD%2CsidebarMenuItemBorderD%2CsidebarMenuItemBorderHoverD%2CsidebarMenuItemBorderActiveD%2CsidebarMenuItemBorderRadiusD%2CsidebarMenuItemPaddingXD%2CsidebarMenuItemPaddingYD%2CsidebarMenuItemMarginD%2CsidebarMenuItemFontWeightD%2CsidebarMenuItemFontWeightActiveD%2CsidebarMenuItemFontSizeD%2CsidebarMenuItemLineHeightD%2CsidebarMenuItemTransitionD%2CsidebarIconSizeL%2CsidebarIconColorL%2CsidebarIconColorHoverL%2CsidebarIconColorActiveL%2CsidebarIconMarginRightL%2CsidebarIconTransitionL%2CsidebarIconSizeD%2CsidebarIconColorD%2CsidebarIconColorHoverD%2CsidebarIconColorActiveD%2CsidebarIconMarginRightD%2CsidebarIconTransitionD%2CsidebarGroupLabelColorL%2CsidebarGroupLabelFontSizeL%2CsidebarGroupLabelFontWeightL%2CsidebarGroupLabelTextTransformL%2CsidebarGroupLabelLetterSpacingL%2CsidebarGroupLabelPaddingL%2CsidebarGroupLabelMarginL%2CsidebarGroupLabelColorD%2CsidebarGroupLabelFontSizeD%2CsidebarGroupLabelFontWeightD%2CsidebarGroupLabelTextTransformD%2CsidebarGroupLabelLetterSpacingD%2CsidebarGroupLabelPaddingD%2CsidebarGroupLabelMarginD 200 in 538ms
 GET /api/auth/session 200 in 533ms
 GET /api/auth/session 200 in 503ms
 GET /api/settings/system-settings?keys=appName%2CappLogoDataUrl%2CappFaviconDataUrl%2CorganizationLogoDataUrl%2CappThemePreference%2CshowLogoOnly%2CsidebarLogoSize%2CsidebarLogoCollapsedLightMode%2CsidebarLogoExpandedLightMode%2CsidebarLogoCollapsedDarkMode%2CsidebarLogoExpandedDarkMode%2CloginPageLogoLightMode%2CloginPageLogoDarkMode%2CsplashBackgroundColor%2CsplashLogoDataUrl%2CsplashAnimationType%2CpwaEnabled%2CpwaThemeColor%2CpwaBackgroundColor%2CpwaAppleMobileWebAppTitle%2CpwaAppleMobileWebAppStatusBarStyle%2CrightClickProtectionEnabled%2CscreenCaptureProtectionEnabled 200 in 1086ms
 ✓ Compiled in 772ms
[?25h
