
> hri@1.2.6 dev:turbo
> powershell -ExecutionPolicy Bypass -Command "$env:NEXT_TELEMETRY_DISABLED='1'; next dev -p 8021 --turbo"

   ▲ Next.js 15.5.9 (Turbopack)
   - Local:        http://localhost:8021
   - Network:      http://26.170.213.222:8021
   - Environments: .env.local, .env
   - Experiments (use with caution):
     · serverActions
     · optimizePackageImports

 ✓ Starting...
 ✓ Compiled instrumentation Node.js in 13ms
 ✓ Compiled instrumentation Edge in 21ms
 ✓ Compiled middleware in 112ms
 ✓ Ready in 1864ms
 ○ Compiling /api/user-preferences ...
 ✓ Compiled /api/user-preferences in 2s
 GET /api/settings/system-settings?keys=drawerStyle 200 in 3319ms
 GET /api/upload-queue/health 200 in 3526ms
 GET /api/broadcast/active 200 in 3761ms
 GET /api/user-preferences 200 in 3781ms
 GET /api/privacy-support/admin/requests 200 in 3859ms
 ○ Compiling /people/onboarding ...
 GET /api/user-preferences 200 in 4056ms
 GET /api/settings/system-settings?keys=broadcastBannerActiveId,broadcastBannerOneTitle,broadcastBannerOneMessage,broadcastBannerOneTone,broadcastBannerTwoTitle,broadcastBannerTwoMessage,broadcastBannerTwoTone,broadcastBannerThreeTitle,broadcastBannerThreeMessage,broadcastBannerThreeTone 200 in 799ms
 GET /api/user-preferences 200 in 812ms
 GET /api/broadcast/active 200 in 1230ms
 GET /api/privacy-support/admin/requests 200 in 1233ms
 GET /api/settings/system-settings?keys=broadcastBannerActiveId,broadcastBannerOneTitle,broadcastBannerOneMessage,broadcastBannerOneTone,broadcastBannerTwoTitle,broadcastBannerTwoMessage,broadcastBannerTwoTone,broadcastBannerThreeTitle,broadcastBannerThreeMessage,broadcastBannerThreeTone 200 in 592ms
 ✓ Compiled /people/onboarding in 10.5s
 GET /service-desk?ticket=00000000-0000-0000-0000-000000000001 200 in 12340ms
 GET /service-desk?ticket=00000000-0000-0000-0000-000000000001 200 in 1582ms
 GET /people/onboarding 200 in 12516ms
 GET /service-desk?ticket=00000000-0000-0000-0000-000000000001 200 in 1050ms
 GET /service-desk?ticket=00000000-0000-0000-0000-000000000001 200 in 936ms
 ○ Compiling /icon.png ...
 ✓ Compiled /icon.png in 567ms
 GET /icon.png?icon.31d034ff.png 200 in 1030ms
 GET /api/settings/system-settings?keys=appLogoDataUrl%2CappName%2CshowLogoOnly%2CsidebarLogoSize%2CcollapsedSidebarLogoSize%2CsidebarLogoCollapsedLightMode%2CsidebarLogoExpandedLightMode%2CsidebarLogoCollapsedDarkMode%2CsidebarLogoExpandedDarkMode%2CthemePreference%2CprimaryGradient%2CprimaryButtonShadowL%2CprimaryButtonShadowHoverL%2CprimaryButtonShadowD%2CprimaryButtonShadowHoverD%2CsidebarBackgroundType%2CsidebarBackgroundImageUrl%2CsidebarBackgroundImageFit%2CsidebarBackgroundImagePosition%2CsidebarNavigationMode%2CsidebarSecondaryGroupLabels%2CsidebarBgStartL%2CsidebarBgEndL%2CsidebarTextL%2CsidebarActiveBgStartL%2CsidebarActiveBgEndL%2CsidebarActiveTextL%2CsidebarHoverBgL%2CsidebarHoverTextL%2CsidebarBorderL%2CbuttonTextColorL%2CbuttonTextColorD%2CsidebarBgStartD%2CsidebarBgEndD%2CsidebarTextD%2CsidebarActiveBgStartD%2CsidebarActiveBgEndD%2CsidebarActiveTextD%2CsidebarHoverBgD%2CsidebarHoverTextD%2CsidebarBorderD%2CsidebarFontFamilyL%2CsidebarFontSizeL%2CsidebarFontWeightL%2CsidebarLineHeightL%2CsidebarLetterSpacingL%2CsidebarTextTransformL%2CsidebarFontFamilyD%2CsidebarFontSizeD%2CsidebarFontWeightD%2CsidebarLineHeightD%2CsidebarLetterSpacingD%2CsidebarTextTransformD%2CsidebarBorderWidthL%2CsidebarBorderStyleL%2CsidebarBorderRadiusL%2CsidebarShadowL%2CsidebarShadowHoverL%2CsidebarShadowActiveL%2CsidebarBorderWidthD%2CsidebarBorderStyleD%2CsidebarBorderRadiusD%2CsidebarShadowD%2CsidebarShadowHoverD%2CsidebarShadowActiveD%2CsidebarPaddingXL%2CsidebarPaddingYL%2CsidebarMarginL%2CsidebarGapL%2CsidebarWidthL%2CsidebarWidthCollapsedL%2CsidebarTransitionDurationL%2CsidebarTransitionTimingL%2CsidebarPaddingXD%2CsidebarPaddingYD%2CsidebarMarginD%2CsidebarGapD%2CsidebarWidthD%2CsidebarWidthCollapsedD%2CsidebarTransitionDurationD%2CsidebarTransitionTimingD%2CsidebarMenuItemBgL%2CsidebarMenuItemBgHoverL%2CsidebarMenuItemBgActiveL%2CsidebarMenuItemColorL%2CsidebarMenuItemColorHoverL%2CsidebarMenuItemColorActiveL%2CsidebarMenuItemBorderL%2CsidebarMenuItemBorderHoverL%2CsidebarMenuItemBorderActiveL%2CsidebarMenuItemBorderRadiusL%2CsidebarMenuItemPaddingXL%2CsidebarMenuItemPaddingYL%2CsidebarMenuItemMarginL%2CsidebarMenuItemFontWeightL%2CsidebarMenuItemFontWeightActiveL%2CsidebarMenuItemFontSizeL%2CsidebarMenuItemLineHeightL%2CsidebarMenuItemTransitionL%2CsidebarMenuItemBgD%2CsidebarMenuItemBgHoverD%2CsidebarMenuItemBgActiveD%2CsidebarMenuItemColorD%2CsidebarMenuItemColorHoverD%2CsidebarMenuItemColorActiveD%2CsidebarMenuItemBorderD%2CsidebarMenuItemBorderHoverD%2CsidebarMenuItemBorderActiveD%2CsidebarMenuItemBorderRadiusD%2CsidebarMenuItemPaddingXD%2CsidebarMenuItemPaddingYD%2CsidebarMenuItemMarginD%2CsidebarMenuItemFontWeightD%2CsidebarMenuItemFontWeightActiveD%2CsidebarMenuItemFontSizeD%2CsidebarMenuItemLineHeightD%2CsidebarMenuItemTransitionD%2CsidebarIconSizeL%2CsidebarIconColorL%2CsidebarIconColorHoverL%2CsidebarIconColorActiveL%2CsidebarIconMarginRightL%2CsidebarIconTransitionL%2CsidebarIconSizeD%2CsidebarIconColorD%2CsidebarIconColorHoverD%2CsidebarIconColorActiveD%2CsidebarIconMarginRightD%2CsidebarIconTransitionD%2CsidebarGroupLabelColorL%2CsidebarGroupLabelFontSizeL%2CsidebarGroupLabelFontWeightL%2CsidebarGroupLabelTextTransformL%2CsidebarGroupLabelLetterSpacingL%2CsidebarGroupLabelPaddingL%2CsidebarGroupLabelMarginL%2CsidebarGroupLabelColorD%2CsidebarGroupLabelFontSizeD%2CsidebarGroupLabelFontWeightD%2CsidebarGroupLabelTextTransformD%2CsidebarGroupLabelLetterSpacingD%2CsidebarGroupLabelPaddingD%2CsidebarGroupLabelMarginD 200 in 1342ms
 GET /api/user-preferences 200 in 1415ms
 GET /api/settings/system-settings?keys=appName%2CappLogoDataUrl%2CappFaviconDataUrl%2CorganizationLogoDataUrl%2CappThemePreference%2CshowLogoOnly%2CsidebarLogoSize%2CsidebarLogoCollapsedLightMode%2CsidebarLogoExpandedLightMode%2CsidebarLogoCollapsedDarkMode%2CsidebarLogoExpandedDarkMode%2CloginPageLogoLightMode%2CloginPageLogoDarkMode%2CsplashBackgroundColor%2CsplashLogoDataUrl%2CsplashAnimationType%2CpwaEnabled%2CpwaThemeColor%2CpwaBackgroundColor%2CpwaAppleMobileWebAppTitle%2CpwaAppleMobileWebAppStatusBarStyle%2CrightClickProtectionEnabled%2CscreenCaptureProtectionEnabled 200 in 1922ms
 ✓ Compiled /api/hr/onboarding in 392ms
 GET /api/broadcast/active 200 in 1213ms
 GET /api/auth/session 200 in 2536ms
 GET /api/upload-queue/health 200 in 1446ms
 ○ Compiling /api/hr/employees ...
 ✓ Compiled /api/hr/employees in 567ms
 GET /api/hr/onboarding?view=tasks 200 in 1934ms
 GET /api/hr/onboarding 200 in 2380ms
 GET /api/hr/employees 200 in 1849ms
 GET /api/hr/learning?view=courses 200 in 1452ms
 GET /api/hr/learning 200 in 1748ms
 ○ Compiling /api/privacy-support/categories ...
 ✓ Compiled /api/privacy-support/categories in 613ms
 GET /api/realtime/notifications?limit=50 200 in 1087ms
 GET /api/settings/platform-setup/status 200 in 1444ms
 GET /api/hr/onboarding 200 in 1141ms
 GET /api/broadcast/active 200 in 1264ms
 GET /api/privacy-support/categories 200 in 1630ms
 GET /api/hr/onboarding?view=tasks 200 in 867ms
 GET /api/hr/employees 200 in 1116ms
 GET /api/hr/learning 200 in 1121ms
 GET /api/hr/learning?view=courses 200 in 1354ms
 GET /api/settings/platform-setup/status 200 in 855ms
 GET /api/privacy-support/categories 200 in 1482ms
 GET /api/settings/system-settings?keys=drawerStyle 200 in 562ms
 GET /api/broadcast/active 200 in 980ms
 GET /api/user-preferences 200 in 735ms
 GET /api/settings/system-settings?keys=broadcastBannerActiveId,broadcastBannerOneTitle,broadcastBannerOneMessage,broadcastBannerOneTone,broadcastBannerTwoTitle,broadcastBannerTwoMessage,broadcastBannerTwoTone,broadcastBannerThreeTitle,broadcastBannerThreeMessage,broadcastBannerThreeTone 200 in 652ms
 GET /api/upload-queue/health 200 in 828ms
 GET /api/broadcast/active 200 in 1265ms
 GET /api/settings/system-settings?keys=drawerStyle 200 in 680ms
 GET /api/auth/session 200 in 883ms
 GET /api/user-preferences 200 in 717ms
 GET /api/settings/system-settings?keys=broadcastBannerActiveId,broadcastBannerOneTitle,broadcastBannerOneMessage,broadcastBannerOneTone,broadcastBannerTwoTitle,broadcastBannerTwoMessage,broadcastBannerTwoTone,broadcastBannerThreeTitle,broadcastBannerThreeMessage,broadcastBannerThreeTone 200 in 840ms
 GET /api/settings/system-settings?keys=drawerStyle 200 in 834ms
 GET /api/broadcast/active 200 in 1160ms
 GET /api/auth/session 200 in 1121ms
 GET /api/hr/employees?id=6f939ba5-f0a9-483b-a2b4-e3df94a96c56 200 in 2369ms
 GET /api/user-preferences 200 in 1133ms
 GET /api/settings/system-settings?keys=broadcastBannerActiveId,broadcastBannerOneTitle,broadcastBannerOneMessage,broadcastBannerOneTone,broadcastBannerTwoTitle,broadcastBannerTwoMessage,broadcastBannerTwoTone,broadcastBannerThreeTitle,broadcastBannerThreeMessage,broadcastBannerThreeTone 200 in 1062ms
 GET /api/settings/system-settings?keys=drawerStyle 200 in 1042ms
 GET /api/auth/session 200 in 754ms
 GET /api/settings/system-settings?keys=appLogoDataUrl%2CappName%2CshowLogoOnly%2CsidebarLogoSize%2CcollapsedSidebarLogoSize%2CsidebarLogoCollapsedLightMode%2CsidebarLogoExpandedLightMode%2CsidebarLogoCollapsedDarkMode%2CsidebarLogoExpandedDarkMode%2CthemePreference%2CprimaryGradient%2CprimaryButtonShadowL%2CprimaryButtonShadowHoverL%2CprimaryButtonShadowD%2CprimaryButtonShadowHoverD%2CsidebarBackgroundType%2CsidebarBackgroundImageUrl%2CsidebarBackgroundImageFit%2CsidebarBackgroundImagePosition%2CsidebarNavigationMode%2CsidebarSecondaryGroupLabels%2CsidebarBgStartL%2CsidebarBgEndL%2CsidebarTextL%2CsidebarActiveBgStartL%2CsidebarActiveBgEndL%2CsidebarActiveTextL%2CsidebarHoverBgL%2CsidebarHoverTextL%2CsidebarBorderL%2CbuttonTextColorL%2CbuttonTextColorD%2CsidebarBgStartD%2CsidebarBgEndD%2CsidebarTextD%2CsidebarActiveBgStartD%2CsidebarActiveBgEndD%2CsidebarActiveTextD%2CsidebarHoverBgD%2CsidebarHoverTextD%2CsidebarBorderD%2CsidebarFontFamilyL%2CsidebarFontSizeL%2CsidebarFontWeightL%2CsidebarLineHeightL%2CsidebarLetterSpacingL%2CsidebarTextTransformL%2CsidebarFontFamilyD%2CsidebarFontSizeD%2CsidebarFontWeightD%2CsidebarLineHeightD%2CsidebarLetterSpacingD%2CsidebarTextTransformD%2CsidebarBorderWidthL%2CsidebarBorderStyleL%2CsidebarBorderRadiusL%2CsidebarShadowL%2CsidebarShadowHoverL%2CsidebarShadowActiveL%2CsidebarBorderWidthD%2CsidebarBorderStyleD%2CsidebarBorderRadiusD%2CsidebarShadowD%2CsidebarShadowHoverD%2CsidebarShadowActiveD%2CsidebarPaddingXL%2CsidebarPaddingYL%2CsidebarMarginL%2CsidebarGapL%2CsidebarWidthL%2CsidebarWidthCollapsedL%2CsidebarTransitionDurationL%2CsidebarTransitionTimingL%2CsidebarPaddingXD%2CsidebarPaddingYD%2CsidebarMarginD%2CsidebarGapD%2CsidebarWidthD%2CsidebarWidthCollapsedD%2CsidebarTransitionDurationD%2CsidebarTransitionTimingD%2CsidebarMenuItemBgL%2CsidebarMenuItemBgHoverL%2CsidebarMenuItemBgActiveL%2CsidebarMenuItemColorL%2CsidebarMenuItemColorHoverL%2CsidebarMenuItemColorActiveL%2CsidebarMenuItemBorderL%2CsidebarMenuItemBorderHoverL%2CsidebarMenuItemBorderActiveL%2CsidebarMenuItemBorderRadiusL%2CsidebarMenuItemPaddingXL%2CsidebarMenuItemPaddingYL%2CsidebarMenuItemMarginL%2CsidebarMenuItemFontWeightL%2CsidebarMenuItemFontWeightActiveL%2CsidebarMenuItemFontSizeL%2CsidebarMenuItemLineHeightL%2CsidebarMenuItemTransitionL%2CsidebarMenuItemBgD%2CsidebarMenuItemBgHoverD%2CsidebarMenuItemBgActiveD%2CsidebarMenuItemColorD%2CsidebarMenuItemColorHoverD%2CsidebarMenuItemColorActiveD%2CsidebarMenuItemBorderD%2CsidebarMenuItemBorderHoverD%2CsidebarMenuItemBorderActiveD%2CsidebarMenuItemBorderRadiusD%2CsidebarMenuItemPaddingXD%2CsidebarMenuItemPaddingYD%2CsidebarMenuItemMarginD%2CsidebarMenuItemFontWeightD%2CsidebarMenuItemFontWeightActiveD%2CsidebarMenuItemFontSizeD%2CsidebarMenuItemLineHeightD%2CsidebarMenuItemTransitionD%2CsidebarIconSizeL%2CsidebarIconColorL%2CsidebarIconColorHoverL%2CsidebarIconColorActiveL%2CsidebarIconMarginRightL%2CsidebarIconTransitionL%2CsidebarIconSizeD%2CsidebarIconColorD%2CsidebarIconColorHoverD%2CsidebarIconColorActiveD%2CsidebarIconMarginRightD%2CsidebarIconTransitionD%2CsidebarGroupLabelColorL%2CsidebarGroupLabelFontSizeL%2CsidebarGroupLabelFontWeightL%2CsidebarGroupLabelTextTransformL%2CsidebarGroupLabelLetterSpacingL%2CsidebarGroupLabelPaddingL%2CsidebarGroupLabelMarginL%2CsidebarGroupLabelColorD%2CsidebarGroupLabelFontSizeD%2CsidebarGroupLabelFontWeightD%2CsidebarGroupLabelTextTransformD%2CsidebarGroupLabelLetterSpacingD%2CsidebarGroupLabelPaddingD%2CsidebarGroupLabelMarginD 200 in 576ms
 GET /api/settings/system-settings?keys=broadcastBannerActiveId,broadcastBannerOneTitle,broadcastBannerOneMessage,broadcastBannerOneTone,broadcastBannerTwoTitle,broadcastBannerTwoMessage,broadcastBannerTwoTone,broadcastBannerThreeTitle,broadcastBannerThreeMessage,broadcastBannerThreeTone 200 in 569ms
 GET /api/settings/system-settings?keys=broadcastBannerActiveId,broadcastBannerOneTitle,broadcastBannerOneMessage,broadcastBannerOneTone,broadcastBannerTwoTitle,broadcastBannerTwoMessage,broadcastBannerTwoTone,broadcastBannerThreeTitle,broadcastBannerThreeMessage,broadcastBannerThreeTone 200 in 441ms
 ○ Compiling /settings ...
 ✓ Compiled /settings in 1735ms
 GET /settings?adminTab=hr-setup&config=onboarding 200 in 1954ms
 GET /api/settings/platform-setup/status 200 in 896ms
 GET /api/broadcast/active 200 in 1098ms
 ○ Compiling /settings/onboarding ...
 ✓ Compiled /settings/onboarding in 1025ms
 GET /api/settings/system-settings?keys=broadcastBannerActiveId,broadcastBannerOneTitle,broadcastBannerOneMessage,broadcastBannerOneTone,broadcastBannerTwoTitle,broadcastBannerTwoMessage,broadcastBannerTwoTone,broadcastBannerThreeTitle,broadcastBannerThreeMessage,broadcastBannerThreeTone 200 in 641ms
 GET /api/settings/platform-setup/status 200 in 1153ms
 GET /api/settings/platform-setup/status 200 in 1133ms
 GET /settings/onboarding?adminCenterEmbed=1 200 in 1698ms
 GET /api/settings/system-settings?keys=appLogoDataUrl%2CappName%2CshowLogoOnly%2CsidebarLogoSize%2CcollapsedSidebarLogoSize%2CsidebarLogoCollapsedLightMode%2CsidebarLogoExpandedLightMode%2CsidebarLogoCollapsedDarkMode%2CsidebarLogoExpandedDarkMode%2CthemePreference%2CprimaryGradient%2CprimaryButtonShadowL%2CprimaryButtonShadowHoverL%2CprimaryButtonShadowD%2CprimaryButtonShadowHoverD%2CsidebarBackgroundType%2CsidebarBackgroundImageUrl%2CsidebarBackgroundImageFit%2CsidebarBackgroundImagePosition%2CsidebarNavigationMode%2CsidebarSecondaryGroupLabels%2CsidebarBgStartL%2CsidebarBgEndL%2CsidebarTextL%2CsidebarActiveBgStartL%2CsidebarActiveBgEndL%2CsidebarActiveTextL%2CsidebarHoverBgL%2CsidebarHoverTextL%2CsidebarBorderL%2CbuttonTextColorL%2CbuttonTextColorD%2CsidebarBgStartD%2CsidebarBgEndD%2CsidebarTextD%2CsidebarActiveBgStartD%2CsidebarActiveBgEndD%2CsidebarActiveTextD%2CsidebarHoverBgD%2CsidebarHoverTextD%2CsidebarBorderD%2CsidebarFontFamilyL%2CsidebarFontSizeL%2CsidebarFontWeightL%2CsidebarLineHeightL%2CsidebarLetterSpacingL%2CsidebarTextTransformL%2CsidebarFontFamilyD%2CsidebarFontSizeD%2CsidebarFontWeightD%2CsidebarLineHeightD%2CsidebarLetterSpacingD%2CsidebarTextTransformD%2CsidebarBorderWidthL%2CsidebarBorderStyleL%2CsidebarBorderRadiusL%2CsidebarShadowL%2CsidebarShadowHoverL%2CsidebarShadowActiveL%2CsidebarBorderWidthD%2CsidebarBorderStyleD%2CsidebarBorderRadiusD%2CsidebarShadowD%2CsidebarShadowHoverD%2CsidebarShadowActiveD%2CsidebarPaddingXL%2CsidebarPaddingYL%2CsidebarMarginL%2CsidebarGapL%2CsidebarWidthL%2CsidebarWidthCollapsedL%2CsidebarTransitionDurationL%2CsidebarTransitionTimingL%2CsidebarPaddingXD%2CsidebarPaddingYD%2CsidebarMarginD%2CsidebarGapD%2CsidebarWidthD%2CsidebarWidthCollapsedD%2CsidebarTransitionDurationD%2CsidebarTransitionTimingD%2CsidebarMenuItemBgL%2CsidebarMenuItemBgHoverL%2CsidebarMenuItemBgActiveL%2CsidebarMenuItemColorL%2CsidebarMenuItemColorHoverL%2CsidebarMenuItemColorActiveL%2CsidebarMenuItemBorderL%2CsidebarMenuItemBorderHoverL%2CsidebarMenuItemBorderActiveL%2CsidebarMenuItemBorderRadiusL%2CsidebarMenuItemPaddingXL%2CsidebarMenuItemPaddingYL%2CsidebarMenuItemMarginL%2CsidebarMenuItemFontWeightL%2CsidebarMenuItemFontWeightActiveL%2CsidebarMenuItemFontSizeL%2CsidebarMenuItemLineHeightL%2CsidebarMenuItemTransitionL%2CsidebarMenuItemBgD%2CsidebarMenuItemBgHoverD%2CsidebarMenuItemBgActiveD%2CsidebarMenuItemColorD%2CsidebarMenuItemColorHoverD%2CsidebarMenuItemColorActiveD%2CsidebarMenuItemBorderD%2CsidebarMenuItemBorderHoverD%2CsidebarMenuItemBorderActiveD%2CsidebarMenuItemBorderRadiusD%2CsidebarMenuItemPaddingXD%2CsidebarMenuItemPaddingYD%2CsidebarMenuItemMarginD%2CsidebarMenuItemFontWeightD%2CsidebarMenuItemFontWeightActiveD%2CsidebarMenuItemFontSizeD%2CsidebarMenuItemLineHeightD%2CsidebarMenuItemTransitionD%2CsidebarIconSizeL%2CsidebarIconColorL%2CsidebarIconColorHoverL%2CsidebarIconColorActiveL%2CsidebarIconMarginRightL%2CsidebarIconTransitionL%2CsidebarIconSizeD%2CsidebarIconColorD%2CsidebarIconColorHoverD%2CsidebarIconColorActiveD%2CsidebarIconMarginRightD%2CsidebarIconTransitionD%2CsidebarGroupLabelColorL%2CsidebarGroupLabelFontSizeL%2CsidebarGroupLabelFontWeightL%2CsidebarGroupLabelTextTransformL%2CsidebarGroupLabelLetterSpacingL%2CsidebarGroupLabelPaddingL%2CsidebarGroupLabelMarginL%2CsidebarGroupLabelColorD%2CsidebarGroupLabelFontSizeD%2CsidebarGroupLabelFontWeightD%2CsidebarGroupLabelTextTransformD%2CsidebarGroupLabelLetterSpacingD%2CsidebarGroupLabelPaddingD%2CsidebarGroupLabelMarginD 200 in 780ms
 GET /api/user-preferences 200 in 927ms
 GET /api/auth/session 200 in 1100ms
 GET /api/settings/system-settings?keys=appName%2CappLogoDataUrl%2CappFaviconDataUrl%2CorganizationLogoDataUrl%2CappThemePreference%2CshowLogoOnly%2CsidebarLogoSize%2CsidebarLogoCollapsedLightMode%2CsidebarLogoExpandedLightMode%2CsidebarLogoCollapsedDarkMode%2CsidebarLogoExpandedDarkMode%2CloginPageLogoLightMode%2CloginPageLogoDarkMode%2CsplashBackgroundColor%2CsplashLogoDataUrl%2CsplashAnimationType%2CpwaEnabled%2CpwaThemeColor%2CpwaBackgroundColor%2CpwaAppleMobileWebAppTitle%2CpwaAppleMobileWebAppStatusBarStyle%2CrightClickProtectionEnabled%2CscreenCaptureProtectionEnabled 200 in 1280ms
 GET /api/realtime/notifications?limit=50 200 in 563ms
 GET /api/hr/onboarding?view=templates 200 in 904ms
 GET /api/hr/onboarding?view=tasks 200 in 845ms
 GET /api/hr/onboarding?view=templates 200 in 888ms
 GET /api/user-preferences 200 in 688ms
 GET /api/upload-queue/health 200 in 753ms
 GET /api/hr/onboarding?view=tasks 200 in 1145ms
 GET /api/user-preferences 200 in 543ms
 GET /api/user-preferences 200 in 524ms
 GET /settings?adminTab=roles-permissions 200 in 730ms
 GET /api/settings/system-settings?keys=appLogoDataUrl%2CappName%2CshowLogoOnly%2CsidebarLogoSize%2CcollapsedSidebarLogoSize%2CsidebarLogoCollapsedLightMode%2CsidebarLogoExpandedLightMode%2CsidebarLogoCollapsedDarkMode%2CsidebarLogoExpandedDarkMode%2CthemePreference%2CprimaryGradient%2CprimaryButtonShadowL%2CprimaryButtonShadowHoverL%2CprimaryButtonShadowD%2CprimaryButtonShadowHoverD%2CsidebarBackgroundType%2CsidebarBackgroundImageUrl%2CsidebarBackgroundImageFit%2CsidebarBackgroundImagePosition%2CsidebarNavigationMode%2CsidebarSecondaryGroupLabels%2CsidebarBgStartL%2CsidebarBgEndL%2CsidebarTextL%2CsidebarActiveBgStartL%2CsidebarActiveBgEndL%2CsidebarActiveTextL%2CsidebarHoverBgL%2CsidebarHoverTextL%2CsidebarBorderL%2CbuttonTextColorL%2CbuttonTextColorD%2CsidebarBgStartD%2CsidebarBgEndD%2CsidebarTextD%2CsidebarActiveBgStartD%2CsidebarActiveBgEndD%2CsidebarActiveTextD%2CsidebarHoverBgD%2CsidebarHoverTextD%2CsidebarBorderD%2CsidebarFontFamilyL%2CsidebarFontSizeL%2CsidebarFontWeightL%2CsidebarLineHeightL%2CsidebarLetterSpacingL%2CsidebarTextTransformL%2CsidebarFontFamilyD%2CsidebarFontSizeD%2CsidebarFontWeightD%2CsidebarLineHeightD%2CsidebarLetterSpacingD%2CsidebarTextTransformD%2CsidebarBorderWidthL%2CsidebarBorderStyleL%2CsidebarBorderRadiusL%2CsidebarShadowL%2CsidebarShadowHoverL%2CsidebarShadowActiveL%2CsidebarBorderWidthD%2CsidebarBorderStyleD%2CsidebarBorderRadiusD%2CsidebarShadowD%2CsidebarShadowHoverD%2CsidebarShadowActiveD%2CsidebarPaddingXL%2CsidebarPaddingYL%2CsidebarMarginL%2CsidebarGapL%2CsidebarWidthL%2CsidebarWidthCollapsedL%2CsidebarTransitionDurationL%2CsidebarTransitionTimingL%2CsidebarPaddingXD%2CsidebarPaddingYD%2CsidebarMarginD%2CsidebarGapD%2CsidebarWidthD%2CsidebarWidthCollapsedD%2CsidebarTransitionDurationD%2CsidebarTransitionTimingD%2CsidebarMenuItemBgL%2CsidebarMenuItemBgHoverL%2CsidebarMenuItemBgActiveL%2CsidebarMenuItemColorL%2CsidebarMenuItemColorHoverL%2CsidebarMenuItemColorActiveL%2CsidebarMenuItemBorderL%2CsidebarMenuItemBorderHoverL%2CsidebarMenuItemBorderActiveL%2CsidebarMenuItemBorderRadiusL%2CsidebarMenuItemPaddingXL%2CsidebarMenuItemPaddingYL%2CsidebarMenuItemMarginL%2CsidebarMenuItemFontWeightL%2CsidebarMenuItemFontWeightActiveL%2CsidebarMenuItemFontSizeL%2CsidebarMenuItemLineHeightL%2CsidebarMenuItemTransitionL%2CsidebarMenuItemBgD%2CsidebarMenuItemBgHoverD%2CsidebarMenuItemBgActiveD%2CsidebarMenuItemColorD%2CsidebarMenuItemColorHoverD%2CsidebarMenuItemColorActiveD%2CsidebarMenuItemBorderD%2CsidebarMenuItemBorderHoverD%2CsidebarMenuItemBorderActiveD%2CsidebarMenuItemBorderRadiusD%2CsidebarMenuItemPaddingXD%2CsidebarMenuItemPaddingYD%2CsidebarMenuItemMarginD%2CsidebarMenuItemFontWeightD%2CsidebarMenuItemFontWeightActiveD%2CsidebarMenuItemFontSizeD%2CsidebarMenuItemLineHeightD%2CsidebarMenuItemTransitionD%2CsidebarIconSizeL%2CsidebarIconColorL%2CsidebarIconColorHoverL%2CsidebarIconColorActiveL%2CsidebarIconMarginRightL%2CsidebarIconTransitionL%2CsidebarIconSizeD%2CsidebarIconColorD%2CsidebarIconColorHoverD%2CsidebarIconColorActiveD%2CsidebarIconMarginRightD%2CsidebarIconTransitionD%2CsidebarGroupLabelColorL%2CsidebarGroupLabelFontSizeL%2CsidebarGroupLabelFontWeightL%2CsidebarGroupLabelTextTransformL%2CsidebarGroupLabelLetterSpacingL%2CsidebarGroupLabelPaddingL%2CsidebarGroupLabelMarginL%2CsidebarGroupLabelColorD%2CsidebarGroupLabelFontSizeD%2CsidebarGroupLabelFontWeightD%2CsidebarGroupLabelTextTransformD%2CsidebarGroupLabelLetterSpacingD%2CsidebarGroupLabelPaddingD%2CsidebarGroupLabelMarginD 200 in 954ms
 GET /api/auth/session 200 in 994ms
 GET /api/user-preferences 200 in 1978ms
 GET /api/settings/system-settings?keys=appName%2CappLogoDataUrl%2CappFaviconDataUrl%2CorganizationLogoDataUrl%2CappThemePreference%2CshowLogoOnly%2CsidebarLogoSize%2CsidebarLogoCollapsedLightMode%2CsidebarLogoExpandedLightMode%2CsidebarLogoCollapsedDarkMode%2CsidebarLogoExpandedDarkMode%2CloginPageLogoLightMode%2CloginPageLogoDarkMode%2CsplashBackgroundColor%2CsplashLogoDataUrl%2CsplashAnimationType%2CpwaEnabled%2CpwaThemeColor%2CpwaBackgroundColor%2CpwaAppleMobileWebAppTitle%2CpwaAppleMobileWebAppStatusBarStyle%2CrightClickProtectionEnabled%2CscreenCaptureProtectionEnabled 200 in 2173ms
 GET /api/broadcast/active 200 in 1186ms
 GET /api/upload-queue/health 200 in 578ms
 GET /api/settings/platform-setup/status 200 in 817ms
 GET /api/privacy-support/categories 200 in 943ms
 GET /api/realtime/notifications?limit=50 200 in 644ms
 GET /api/broadcast/active 200 in 994ms
 GET /api/privacy-support/categories 200 in 918ms
 GET /api/settings/platform-setup/status 200 in 920ms
 ✓ Compiled /api/settings/user-groups in 225ms
 GET /api/settings/system-settings?keys=drawerStyle 200 in 621ms
 GET /api/settings/user-groups 200 in 814ms
 GET /api/broadcast/active 200 in 1432ms
 GET /api/user-preferences 200 in 1088ms
 GET /api/settings/system-settings?keys=broadcastBannerActiveId,broadcastBannerOneTitle,broadcastBannerOneMessage,broadcastBannerOneTone,broadcastBannerTwoTitle,broadcastBannerTwoMessage,broadcastBannerTwoTone,broadcastBannerThreeTitle,broadcastBannerThreeMessage,broadcastBannerThreeTone 200 in 608ms
 GET /api/settings/system-settings?keys=drawerStyle 200 in 636ms
 GET /api/upload-queue/health 200 in 1110ms
 GET /api/broadcast/active 200 in 2004ms
 GET /api/settings/user-groups 200 in 599ms
 GET /api/user-preferences 200 in 639ms
 GET /api/broadcast/active 200 in 940ms
 ○ Compiling /learning/courses ...
 GET /api/settings/system-settings?keys=broadcastBannerActiveId,broadcastBannerOneTitle,broadcastBannerOneMessage,broadcastBannerOneTone,broadcastBannerTwoTitle,broadcastBannerTwoMessage,broadcastBannerTwoTone,broadcastBannerThreeTitle,broadcastBannerThreeMessage,broadcastBannerThreeTone 200 in 468ms
 ✓ Compiled /learning/courses in 1053ms
 GET /api/settings/system-settings?keys=broadcastBannerActiveId,broadcastBannerOneTitle,broadcastBannerOneMessage,broadcastBannerOneTone,broadcastBannerTwoTitle,broadcastBannerTwoMessage,broadcastBannerTwoTone,broadcastBannerThreeTitle,broadcastBannerThreeMessage,broadcastBannerThreeTone 200 in 515ms
 GET /api/user-preferences 200 in 651ms
 GET /learning/courses?recoveredChunkLoad=1 200 in 1638ms
 GET /api/settings/system-settings?keys=broadcastBannerActiveId,broadcastBannerOneTitle,broadcastBannerOneMessage,broadcastBannerOneTone,broadcastBannerTwoTitle,broadcastBannerTwoMessage,broadcastBannerTwoTone,broadcastBannerThreeTitle,broadcastBannerThreeMessage,broadcastBannerThreeTone 200 in 575ms
 GET /api/settings/system-settings?keys=broadcastBannerActiveId,broadcastBannerOneTitle,broadcastBannerOneMessage,broadcastBannerOneTone,broadcastBannerTwoTitle,broadcastBannerTwoMessage,broadcastBannerTwoTone,broadcastBannerThreeTitle,broadcastBannerThreeMessage,broadcastBannerThreeTone 200 in 807ms
 GET /icon.png?icon.31d034ff.png 200 in 564ms
 GET /api/auth/session 200 in 513ms
 GET /api/user-preferences 200 in 780ms
 GET /api/settings/system-settings?keys=appLogoDataUrl%2CappName%2CshowLogoOnly%2CsidebarLogoSize%2CcollapsedSidebarLogoSize%2CsidebarLogoCollapsedLightMode%2CsidebarLogoExpandedLightMode%2CsidebarLogoCollapsedDarkMode%2CsidebarLogoExpandedDarkMode%2CthemePreference%2CprimaryGradient%2CprimaryButtonShadowL%2CprimaryButtonShadowHoverL%2CprimaryButtonShadowD%2CprimaryButtonShadowHoverD%2CsidebarBackgroundType%2CsidebarBackgroundImageUrl%2CsidebarBackgroundImageFit%2CsidebarBackgroundImagePosition%2CsidebarNavigationMode%2CsidebarSecondaryGroupLabels%2CsidebarBgStartL%2CsidebarBgEndL%2CsidebarTextL%2CsidebarActiveBgStartL%2CsidebarActiveBgEndL%2CsidebarActiveTextL%2CsidebarHoverBgL%2CsidebarHoverTextL%2CsidebarBorderL%2CbuttonTextColorL%2CbuttonTextColorD%2CsidebarBgStartD%2CsidebarBgEndD%2CsidebarTextD%2CsidebarActiveBgStartD%2CsidebarActiveBgEndD%2CsidebarActiveTextD%2CsidebarHoverBgD%2CsidebarHoverTextD%2CsidebarBorderD%2CsidebarFontFamilyL%2CsidebarFontSizeL%2CsidebarFontWeightL%2CsidebarLineHeightL%2CsidebarLetterSpacingL%2CsidebarTextTransformL%2CsidebarFontFamilyD%2CsidebarFontSizeD%2CsidebarFontWeightD%2CsidebarLineHeightD%2CsidebarLetterSpacingD%2CsidebarTextTransformD%2CsidebarBorderWidthL%2CsidebarBorderStyleL%2CsidebarBorderRadiusL%2CsidebarShadowL%2CsidebarShadowHoverL%2CsidebarShadowActiveL%2CsidebarBorderWidthD%2CsidebarBorderStyleD%2CsidebarBorderRadiusD%2CsidebarShadowD%2CsidebarShadowHoverD%2CsidebarShadowActiveD%2CsidebarPaddingXL%2CsidebarPaddingYL%2CsidebarMarginL%2CsidebarGapL%2CsidebarWidthL%2CsidebarWidthCollapsedL%2CsidebarTransitionDurationL%2CsidebarTransitionTimingL%2CsidebarPaddingXD%2CsidebarPaddingYD%2CsidebarMarginD%2CsidebarGapD%2CsidebarWidthD%2CsidebarWidthCollapsedD%2CsidebarTransitionDurationD%2CsidebarTransitionTimingD%2CsidebarMenuItemBgL%2CsidebarMenuItemBgHoverL%2CsidebarMenuItemBgActiveL%2CsidebarMenuItemColorL%2CsidebarMenuItemColorHoverL%2CsidebarMenuItemColorActiveL%2CsidebarMenuItemBorderL%2CsidebarMenuItemBorderHoverL%2CsidebarMenuItemBorderActiveL%2CsidebarMenuItemBorderRadiusL%2CsidebarMenuItemPaddingXL%2CsidebarMenuItemPaddingYL%2CsidebarMenuItemMarginL%2CsidebarMenuItemFontWeightL%2CsidebarMenuItemFontWeightActiveL%2CsidebarMenuItemFontSizeL%2CsidebarMenuItemLineHeightL%2CsidebarMenuItemTransitionL%2CsidebarMenuItemBgD%2CsidebarMenuItemBgHoverD%2CsidebarMenuItemBgActiveD%2CsidebarMenuItemColorD%2CsidebarMenuItemColorHoverD%2CsidebarMenuItemColorActiveD%2CsidebarMenuItemBorderD%2CsidebarMenuItemBorderHoverD%2CsidebarMenuItemBorderActiveD%2CsidebarMenuItemBorderRadiusD%2CsidebarMenuItemPaddingXD%2CsidebarMenuItemPaddingYD%2CsidebarMenuItemMarginD%2CsidebarMenuItemFontWeightD%2CsidebarMenuItemFontWeightActiveD%2CsidebarMenuItemFontSizeD%2CsidebarMenuItemLineHeightD%2CsidebarMenuItemTransitionD%2CsidebarIconSizeL%2CsidebarIconColorL%2CsidebarIconColorHoverL%2CsidebarIconColorActiveL%2CsidebarIconMarginRightL%2CsidebarIconTransitionL%2CsidebarIconSizeD%2CsidebarIconColorD%2CsidebarIconColorHoverD%2CsidebarIconColorActiveD%2CsidebarIconMarginRightD%2CsidebarIconTransitionD%2CsidebarGroupLabelColorL%2CsidebarGroupLabelFontSizeL%2CsidebarGroupLabelFontWeightL%2CsidebarGroupLabelTextTransformL%2CsidebarGroupLabelLetterSpacingL%2CsidebarGroupLabelPaddingL%2CsidebarGroupLabelMarginL%2CsidebarGroupLabelColorD%2CsidebarGroupLabelFontSizeD%2CsidebarGroupLabelFontWeightD%2CsidebarGroupLabelTextTransformD%2CsidebarGroupLabelLetterSpacingD%2CsidebarGroupLabelPaddingD%2CsidebarGroupLabelMarginD 200 in 439ms
 GET /api/settings/system-settings?keys=appName%2CappLogoDataUrl%2CappFaviconDataUrl%2CorganizationLogoDataUrl%2CappThemePreference%2CshowLogoOnly%2CsidebarLogoSize%2CsidebarLogoCollapsedLightMode%2CsidebarLogoExpandedLightMode%2CsidebarLogoCollapsedDarkMode%2CsidebarLogoExpandedDarkMode%2CloginPageLogoLightMode%2CloginPageLogoDarkMode%2CsplashBackgroundColor%2CsplashLogoDataUrl%2CsplashAnimationType%2CpwaEnabled%2CpwaThemeColor%2CpwaBackgroundColor%2CpwaAppleMobileWebAppTitle%2CpwaAppleMobileWebAppStatusBarStyle%2CrightClickProtectionEnabled%2CscreenCaptureProtectionEnabled 200 in 931ms
 GET /api/broadcast/active 200 in 1077ms
 GET /api/upload-queue/health 200 in 576ms
 GET /api/settings/system-settings?keys=learningCourseCategories 200 in 413ms
 GET /api/privacy-support/categories 200 in 770ms
 GET /api/hr/learning 200 in 677ms
 GET /api/hr/learning?view=courses 200 in 570ms
 GET /api/hr/learning?view=certifications 200 in 613ms
 GET /api/settings/platform-setup/status 200 in 754ms
 GET /api/realtime/notifications?limit=50 200 in 614ms
 ○ Compiling /payroll ...
 ✓ Compiled /payroll in 1381ms
 GET /api/broadcast/active 200 in 1582ms
 GET /payroll 200 in 1910ms
 GET /api/settings/system-settings?keys=learningCourseCategories 200 in 555ms
 GET /api/privacy-support/categories 200 in 961ms
 GET /api/settings/platform-setup/status 200 in 796ms
 GET /api/settings/system-settings?keys=drawerStyle 200 in 474ms
 GET /api/broadcast/active 200 in 862ms
 GET /api/user-preferences 200 in 620ms
 GET /api/settings/system-settings?keys=broadcastBannerActiveId,broadcastBannerOneTitle,broadcastBannerOneMessage,broadcastBannerOneTone,broadcastBannerTwoTitle,broadcastBannerTwoMessage,broadcastBannerTwoTone,broadcastBannerThreeTitle,broadcastBannerThreeMessage,broadcastBannerThreeTone 200 in 447ms
 GET /api/broadcast/active 200 in 969ms
 GET /api/upload-queue/health 200 in 638ms
 GET /api/hr/learning 200 in 577ms
 GET /api/hr/learning?view=courses 200 in 596ms
 GET /api/hr/learning?view=certifications 200 in 617ms
 GET /api/settings/system-settings?keys=drawerStyle 200 in 440ms
 GET /api/user-preferences 200 in 578ms
 GET /api/broadcast/active 200 in 873ms
 GET /api/settings/system-settings?keys=broadcastBannerActiveId,broadcastBannerOneTitle,broadcastBannerOneMessage,broadcastBannerOneTone,broadcastBannerTwoTitle,broadcastBannerTwoMessage,broadcastBannerTwoTone,broadcastBannerThreeTitle,broadcastBannerThreeMessage,broadcastBannerThreeTone 200 in 473ms
 GET /api/user-preferences 200 in 787ms
 GET /api/upload-queue/health 200 in 957ms
 GET /api/settings/system-settings?keys=broadcastBannerActiveId,broadcastBannerOneTitle,broadcastBannerOneMessage,broadcastBannerOneTone,broadcastBannerTwoTitle,broadcastBannerTwoMessage,broadcastBannerTwoTone,broadcastBannerThreeTitle,broadcastBannerThreeMessage,broadcastBannerThreeTone 200 in 429ms
 GET /api/settings/system-settings?keys=broadcastBannerActiveId,broadcastBannerOneTitle,broadcastBannerOneMessage,broadcastBannerOneTone,broadcastBannerTwoTitle,broadcastBannerTwoMessage,broadcastBannerTwoTone,broadcastBannerThreeTitle,broadcastBannerThreeMessage,broadcastBannerThreeTone 200 in 826ms
 GET /api/upload-queue/health 200 in 1506ms
 GET /api/settings/system-settings?keys=drawerStyle 200 in 702ms
 GET /api/settings/system-settings?keys=broadcastBannerActiveId,broadcastBannerOneTitle,broadcastBannerOneMessage,broadcastBannerOneTone,broadcastBannerTwoTitle,broadcastBannerTwoMessage,broadcastBannerTwoTone,broadcastBannerThreeTitle,broadcastBannerThreeMessage,broadcastBannerThreeTone 200 in 725ms
 GET /api/upload-queue/health 200 in 687ms
 GET /api/settings/system-settings?keys=drawerStyle 200 in 423ms
 GET /api/user-preferences 200 in 585ms
 GET /api/auth/session 200 in 516ms
 GET /api/settings/system-settings?keys=appLogoDataUrl%2CappName%2CshowLogoOnly%2CsidebarLogoSize%2CcollapsedSidebarLogoSize%2CsidebarLogoCollapsedLightMode%2CsidebarLogoExpandedLightMode%2CsidebarLogoCollapsedDarkMode%2CsidebarLogoExpandedDarkMode%2CthemePreference%2CprimaryGradient%2CprimaryButtonShadowL%2CprimaryButtonShadowHoverL%2CprimaryButtonShadowD%2CprimaryButtonShadowHoverD%2CsidebarBackgroundType%2CsidebarBackgroundImageUrl%2CsidebarBackgroundImageFit%2CsidebarBackgroundImagePosition%2CsidebarNavigationMode%2CsidebarSecondaryGroupLabels%2CsidebarBgStartL%2CsidebarBgEndL%2CsidebarTextL%2CsidebarActiveBgStartL%2CsidebarActiveBgEndL%2CsidebarActiveTextL%2CsidebarHoverBgL%2CsidebarHoverTextL%2CsidebarBorderL%2CbuttonTextColorL%2CbuttonTextColorD%2CsidebarBgStartD%2CsidebarBgEndD%2CsidebarTextD%2CsidebarActiveBgStartD%2CsidebarActiveBgEndD%2CsidebarActiveTextD%2CsidebarHoverBgD%2CsidebarHoverTextD%2CsidebarBorderD%2CsidebarFontFamilyL%2CsidebarFontSizeL%2CsidebarFontWeightL%2CsidebarLineHeightL%2CsidebarLetterSpacingL%2CsidebarTextTransformL%2CsidebarFontFamilyD%2CsidebarFontSizeD%2CsidebarFontWeightD%2CsidebarLineHeightD%2CsidebarLetterSpacingD%2CsidebarTextTransformD%2CsidebarBorderWidthL%2CsidebarBorderStyleL%2CsidebarBorderRadiusL%2CsidebarShadowL%2CsidebarShadowHoverL%2CsidebarShadowActiveL%2CsidebarBorderWidthD%2CsidebarBorderStyleD%2CsidebarBorderRadiusD%2CsidebarShadowD%2CsidebarShadowHoverD%2CsidebarShadowActiveD%2CsidebarPaddingXL%2CsidebarPaddingYL%2CsidebarMarginL%2CsidebarGapL%2CsidebarWidthL%2CsidebarWidthCollapsedL%2CsidebarTransitionDurationL%2CsidebarTransitionTimingL%2CsidebarPaddingXD%2CsidebarPaddingYD%2CsidebarMarginD%2CsidebarGapD%2CsidebarWidthD%2CsidebarWidthCollapsedD%2CsidebarTransitionDurationD%2CsidebarTransitionTimingD%2CsidebarMenuItemBgL%2CsidebarMenuItemBgHoverL%2CsidebarMenuItemBgActiveL%2CsidebarMenuItemColorL%2CsidebarMenuItemColorHoverL%2CsidebarMenuItemColorActiveL%2CsidebarMenuItemBorderL%2CsidebarMenuItemBorderHoverL%2CsidebarMenuItemBorderActiveL%2CsidebarMenuItemBorderRadiusL%2CsidebarMenuItemPaddingXL%2CsidebarMenuItemPaddingYL%2CsidebarMenuItemMarginL%2CsidebarMenuItemFontWeightL%2CsidebarMenuItemFontWeightActiveL%2CsidebarMenuItemFontSizeL%2CsidebarMenuItemLineHeightL%2CsidebarMenuItemTransitionL%2CsidebarMenuItemBgD%2CsidebarMenuItemBgHoverD%2CsidebarMenuItemBgActiveD%2CsidebarMenuItemColorD%2CsidebarMenuItemColorHoverD%2CsidebarMenuItemColorActiveD%2CsidebarMenuItemBorderD%2CsidebarMenuItemBorderHoverD%2CsidebarMenuItemBorderActiveD%2CsidebarMenuItemBorderRadiusD%2CsidebarMenuItemPaddingXD%2CsidebarMenuItemPaddingYD%2CsidebarMenuItemMarginD%2CsidebarMenuItemFontWeightD%2CsidebarMenuItemFontWeightActiveD%2CsidebarMenuItemFontSizeD%2CsidebarMenuItemLineHeightD%2CsidebarMenuItemTransitionD%2CsidebarIconSizeL%2CsidebarIconColorL%2CsidebarIconColorHoverL%2CsidebarIconColorActiveL%2CsidebarIconMarginRightL%2CsidebarIconTransitionL%2CsidebarIconSizeD%2CsidebarIconColorD%2CsidebarIconColorHoverD%2CsidebarIconColorActiveD%2CsidebarIconMarginRightD%2CsidebarIconTransitionD%2CsidebarGroupLabelColorL%2CsidebarGroupLabelFontSizeL%2CsidebarGroupLabelFontWeightL%2CsidebarGroupLabelTextTransformL%2CsidebarGroupLabelLetterSpacingL%2CsidebarGroupLabelPaddingL%2CsidebarGroupLabelMarginL%2CsidebarGroupLabelColorD%2CsidebarGroupLabelFontSizeD%2CsidebarGroupLabelFontWeightD%2CsidebarGroupLabelTextTransformD%2CsidebarGroupLabelLetterSpacingD%2CsidebarGroupLabelPaddingD%2CsidebarGroupLabelMarginD 200 in 509ms
 GET /api/settings/system-settings?keys=appName%2CappLogoDataUrl%2CappFaviconDataUrl%2CorganizationLogoDataUrl%2CappThemePreference%2CshowLogoOnly%2CsidebarLogoSize%2CsidebarLogoCollapsedLightMode%2CsidebarLogoExpandedLightMode%2CsidebarLogoCollapsedDarkMode%2CsidebarLogoExpandedDarkMode%2CloginPageLogoLightMode%2CloginPageLogoDarkMode%2CsplashBackgroundColor%2CsplashLogoDataUrl%2CsplashAnimationType%2CpwaEnabled%2CpwaThemeColor%2CpwaBackgroundColor%2CpwaAppleMobileWebAppTitle%2CpwaAppleMobileWebAppStatusBarStyle%2CrightClickProtectionEnabled%2CscreenCaptureProtectionEnabled 200 in 694ms
 GET /api/broadcast/active 200 in 866ms
 GET /api/upload-queue/health 200 in 564ms
 ✓ Compiled /api/payroll/workspace/[resource] in 150ms
 GET /api/payroll/workspace/overview 200 in 2025ms
 GET /api/privacy-support/categories 200 in 857ms
 GET /api/settings/platform-setup/status 200 in 1423ms
 GET /api/realtime/notifications?limit=50 200 in 670ms
 GET /api/broadcast/active 200 in 865ms
 GET /api/payroll/workspace/overview 200 in 920ms
 GET /api/privacy-support/categories 200 in 828ms
 GET /api/settings/platform-setup/status 200 in 1506ms
 GET /api/settings/system-settings?keys=drawerStyle 200 in 421ms
 GET /api/broadcast/active 200 in 913ms
 GET /api/payroll/workspace/overview 200 in 941ms
 GET /api/user-preferences 200 in 516ms
 GET /api/broadcast/active 200 in 863ms
 GET /api/payroll/workspace/overview 200 in 863ms
 GET /api/settings/system-settings?keys=broadcastBannerActiveId,broadcastBannerOneTitle,broadcastBannerOneMessage,broadcastBannerOneTone,broadcastBannerTwoTitle,broadcastBannerTwoMessage,broadcastBannerTwoTone,broadcastBannerThreeTitle,broadcastBannerThreeMessage,broadcastBannerThreeTone 200 in 527ms
 GET /settings?adminTab=branding 200 in 155ms
 GET /api/upload-queue/health 200 in 587ms
 GET /api/settings/system-settings?keys=drawerStyle 200 in 442ms
 GET /settings?adminTab=user-accounts 200 in 156ms
 GET /api/user-preferences 200 in 581ms
 GET /api/broadcast/active 200 in 830ms
 GET /api/payroll/workspace/overview 200 in 994ms
 GET /api/settings/system-settings?keys=broadcastBannerActiveId,broadcastBannerOneTitle,broadcastBannerOneMessage,broadcastBannerOneTone,broadcastBannerTwoTitle,broadcastBannerTwoMessage,broadcastBannerTwoTone,broadcastBannerThreeTitle,broadcastBannerThreeMessage,broadcastBannerThreeTone 200 in 444ms
 ✓ Compiled /api/settings/user-teams in 144ms
 GET /api/settings/user-teams 200 in 661ms
 GET /api/settings/user-groups 200 in 516ms
 ✓ Compiled /api/users in 214ms
 GET /api/users?page=1&pageSize=10 200 in 1574ms
 GET /api/user-preferences 200 in 552ms
 GET /api/settings/system-settings?keys=broadcastBannerActiveId,broadcastBannerOneTitle,broadcastBannerOneMessage,broadcastBannerOneTone,broadcastBannerTwoTitle,broadcastBannerTwoMessage,broadcastBannerTwoTone,broadcastBannerThreeTitle,broadcastBannerThreeMessage,broadcastBannerThreeTone 200 in 563ms
 GET /api/settings/user-teams 200 in 526ms
 GET /api/settings/user-groups 200 in 525ms
 GET /api/upload-queue/health 200 in 587ms
 GET /api/users?page=1&pageSize=10 200 in 693ms
 GET /api/settings/system-settings?keys=broadcastBannerActiveId,broadcastBannerOneTitle,broadcastBannerOneMessage,broadcastBannerOneTone,broadcastBannerTwoTitle,broadcastBannerTwoMessage,broadcastBannerTwoTone,broadcastBannerThreeTitle,broadcastBannerThreeMessage,broadcastBannerThreeTone 200 in 422ms
 GET /api/settings/system-settings?keys=broadcastBannerActiveId,broadcastBannerOneTitle,broadcastBannerOneMessage,broadcastBannerOneTone,broadcastBannerTwoTitle,broadcastBannerTwoMessage,broadcastBannerTwoTone,broadcastBannerThreeTitle,broadcastBannerThreeMessage,broadcastBannerThreeTone 200 in 449ms
 GET /api/upload-queue/health 200 in 933ms
 GET /api/auth/session 200 in 510ms
 GET /api/auth/session 200 in 468ms
 GET /api/auth/session 200 in 493ms
 GET /api/auth/session 200 in 492ms
 GET /api/auth/session 200 in 505ms
 GET /api/users?page=1&pageSize=10 200 in 1048ms
 GET /api/auth/session 200 in 459ms
 GET /api/auth/session 200 in 476ms
 GET /api/upload-queue/health 200 in 1161ms
 ✓ Compiled in 358ms
 GET /api/upload-queue/health 200 in 913ms
 GET /api/upload-queue/health 200 in 849ms
 GET /api/upload-queue/health 200 in 931ms
 ✓ Compiled in 527ms
 GET /api/upload-queue/health 200 in 1086ms
 ✓ Compiled in 755ms
 GET /settings?adminTab=hr-setup&config=onboarding 200 in 579ms
 GET /settings/onboarding?adminCenterEmbed=1 200 in 300ms
 GET /api/upload-queue/health 200 in 932ms
 GET /settings?adminTab=user-accounts 200 in 280ms
 GET /learning/courses?recoveredChunkLoad=1 200 in 355ms
 ✓ Compiled /payroll in 71ms
 GET /payroll 200 in 1250ms
 GET /api/payroll/workspace/overview 200 in 1832ms
 GET /api/settings/system-settings?keys=drawerStyle 200 in 451ms
 GET /api/settings/system-settings?keys=drawerStyle 200 in 456ms
 GET /api/sse 200 in 248724ms
 GET /payroll 200 in 1279ms
 GET /icon.png?icon.31d034ff.png 200 in 576ms
 GET /api/auth/session 200 in 616ms
 GET /api/user-preferences 200 in 895ms
 GET /api/settings/system-settings?keys=appLogoDataUrl%2CappName%2CshowLogoOnly%2CsidebarLogoSize%2CcollapsedSidebarLogoSize%2CsidebarLogoCollapsedLightMode%2CsidebarLogoExpandedLightMode%2CsidebarLogoCollapsedDarkMode%2CsidebarLogoExpandedDarkMode%2CthemePreference%2CprimaryGradient%2CprimaryButtonShadowL%2CprimaryButtonShadowHoverL%2CprimaryButtonShadowD%2CprimaryButtonShadowHoverD%2CsidebarBackgroundType%2CsidebarBackgroundImageUrl%2CsidebarBackgroundImageFit%2CsidebarBackgroundImagePosition%2CsidebarNavigationMode%2CsidebarSecondaryGroupLabels%2CsidebarBgStartL%2CsidebarBgEndL%2CsidebarTextL%2CsidebarActiveBgStartL%2CsidebarActiveBgEndL%2CsidebarActiveTextL%2CsidebarHoverBgL%2CsidebarHoverTextL%2CsidebarBorderL%2CbuttonTextColorL%2CbuttonTextColorD%2CsidebarBgStartD%2CsidebarBgEndD%2CsidebarTextD%2CsidebarActiveBgStartD%2CsidebarActiveBgEndD%2CsidebarActiveTextD%2CsidebarHoverBgD%2CsidebarHoverTextD%2CsidebarBorderD%2CsidebarFontFamilyL%2CsidebarFontSizeL%2CsidebarFontWeightL%2CsidebarLineHeightL%2CsidebarLetterSpacingL%2CsidebarTextTransformL%2CsidebarFontFamilyD%2CsidebarFontSizeD%2CsidebarFontWeightD%2CsidebarLineHeightD%2CsidebarLetterSpacingD%2CsidebarTextTransformD%2CsidebarBorderWidthL%2CsidebarBorderStyleL%2CsidebarBorderRadiusL%2CsidebarShadowL%2CsidebarShadowHoverL%2CsidebarShadowActiveL%2CsidebarBorderWidthD%2CsidebarBorderStyleD%2CsidebarBorderRadiusD%2CsidebarShadowD%2CsidebarShadowHoverD%2CsidebarShadowActiveD%2CsidebarPaddingXL%2CsidebarPaddingYL%2CsidebarMarginL%2CsidebarGapL%2CsidebarWidthL%2CsidebarWidthCollapsedL%2CsidebarTransitionDurationL%2CsidebarTransitionTimingL%2CsidebarPaddingXD%2CsidebarPaddingYD%2CsidebarMarginD%2CsidebarGapD%2CsidebarWidthD%2CsidebarWidthCollapsedD%2CsidebarTransitionDurationD%2CsidebarTransitionTimingD%2CsidebarMenuItemBgL%2CsidebarMenuItemBgHoverL%2CsidebarMenuItemBgActiveL%2CsidebarMenuItemColorL%2CsidebarMenuItemColorHoverL%2CsidebarMenuItemColorActiveL%2CsidebarMenuItemBorderL%2CsidebarMenuItemBorderHoverL%2CsidebarMenuItemBorderActiveL%2CsidebarMenuItemBorderRadiusL%2CsidebarMenuItemPaddingXL%2CsidebarMenuItemPaddingYL%2CsidebarMenuItemMarginL%2CsidebarMenuItemFontWeightL%2CsidebarMenuItemFontWeightActiveL%2CsidebarMenuItemFontSizeL%2CsidebarMenuItemLineHeightL%2CsidebarMenuItemTransitionL%2CsidebarMenuItemBgD%2CsidebarMenuItemBgHoverD%2CsidebarMenuItemBgActiveD%2CsidebarMenuItemColorD%2CsidebarMenuItemColorHoverD%2CsidebarMenuItemColorActiveD%2CsidebarMenuItemBorderD%2CsidebarMenuItemBorderHoverD%2CsidebarMenuItemBorderActiveD%2CsidebarMenuItemBorderRadiusD%2CsidebarMenuItemPaddingXD%2CsidebarMenuItemPaddingYD%2CsidebarMenuItemMarginD%2CsidebarMenuItemFontWeightD%2CsidebarMenuItemFontWeightActiveD%2CsidebarMenuItemFontSizeD%2CsidebarMenuItemLineHeightD%2CsidebarMenuItemTransitionD%2CsidebarIconSizeL%2CsidebarIconColorL%2CsidebarIconColorHoverL%2CsidebarIconColorActiveL%2CsidebarIconMarginRightL%2CsidebarIconTransitionL%2CsidebarIconSizeD%2CsidebarIconColorD%2CsidebarIconColorHoverD%2CsidebarIconColorActiveD%2CsidebarIconMarginRightD%2CsidebarIconTransitionD%2CsidebarGroupLabelColorL%2CsidebarGroupLabelFontSizeL%2CsidebarGroupLabelFontWeightL%2CsidebarGroupLabelTextTransformL%2CsidebarGroupLabelLetterSpacingL%2CsidebarGroupLabelPaddingL%2CsidebarGroupLabelMarginL%2CsidebarGroupLabelColorD%2CsidebarGroupLabelFontSizeD%2CsidebarGroupLabelFontWeightD%2CsidebarGroupLabelTextTransformD%2CsidebarGroupLabelLetterSpacingD%2CsidebarGroupLabelPaddingD%2CsidebarGroupLabelMarginD 200 in 1026ms
 GET /api/settings/system-settings?keys=appName%2CappLogoDataUrl%2CappFaviconDataUrl%2CorganizationLogoDataUrl%2CappThemePreference%2CshowLogoOnly%2CsidebarLogoSize%2CsidebarLogoCollapsedLightMode%2CsidebarLogoExpandedLightMode%2CsidebarLogoCollapsedDarkMode%2CsidebarLogoExpandedDarkMode%2CloginPageLogoLightMode%2CloginPageLogoDarkMode%2CsplashBackgroundColor%2CsplashLogoDataUrl%2CsplashAnimationType%2CpwaEnabled%2CpwaThemeColor%2CpwaBackgroundColor%2CpwaAppleMobileWebAppTitle%2CpwaAppleMobileWebAppStatusBarStyle%2CrightClickProtectionEnabled%2CscreenCaptureProtectionEnabled 200 in 1287ms
 GET /api/broadcast/active 200 in 900ms
 GET /api/upload-queue/health 200 in 591ms
 GET /api/payroll/workspace/overview 200 in 1218ms
 GET /api/privacy-support/categories 200 in 1340ms
 GET /api/settings/platform-setup/status 200 in 775ms
 GET /api/broadcast/active 200 in 1814ms
 GET /api/realtime/notifications?limit=50 200 in 647ms
 GET /api/payroll/workspace/overview 200 in 983ms
 GET /api/privacy-support/categories 200 in 946ms
 GET /api/settings/platform-setup/status 200 in 755ms
 GET /api/settings/system-settings?keys=drawerStyle 200 in 474ms
 GET /api/broadcast/active 200 in 865ms
 GET /api/payroll/workspace/overview 200 in 2272ms
 GET /api/user-preferences 200 in 596ms
 GET /api/broadcast/active 200 in 1003ms
 GET /api/payroll/workspace/overview 200 in 875ms
 GET /api/settings/system-settings?keys=broadcastBannerActiveId,broadcastBannerOneTitle,broadcastBannerOneMessage,broadcastBannerOneTone,broadcastBannerTwoTitle,broadcastBannerTwoMessage,broadcastBannerTwoTone,broadcastBannerThreeTitle,broadcastBannerThreeMessage,broadcastBannerThreeTone 200 in 474ms
 GET /api/upload-queue/health 200 in 559ms
 GET /api/settings/system-settings?keys=drawerStyle 200 in 542ms
 GET /api/user-preferences 200 in 1083ms
 GET /api/broadcast/active 200 in 945ms
 GET /api/payroll/workspace/overview 200 in 920ms
 GET /api/settings/system-settings?keys=broadcastBannerActiveId,broadcastBannerOneTitle,broadcastBannerOneMessage,broadcastBannerOneTone,broadcastBannerTwoTitle,broadcastBannerTwoMessage,broadcastBannerTwoTone,broadcastBannerThreeTitle,broadcastBannerThreeMessage,broadcastBannerThreeTone 200 in 448ms
 GET /api/upload-queue/health 200 in 637ms
 GET /api/settings/system-settings?keys=drawerStyle 200 in 507ms
 GET /api/user-preferences 200 in 518ms
 GET /api/settings/system-settings?keys=broadcastBannerActiveId,broadcastBannerOneTitle,broadcastBannerOneMessage,broadcastBannerOneTone,broadcastBannerTwoTitle,broadcastBannerTwoMessage,broadcastBannerTwoTone,broadcastBannerThreeTitle,broadcastBannerThreeMessage,broadcastBannerThreeTone 200 in 580ms
 GET /api/settings/system-settings?keys=drawerStyle 200 in 470ms
 GET /api/settings/system-settings?keys=broadcastBannerActiveId,broadcastBannerOneTitle,broadcastBannerOneMessage,broadcastBannerOneTone,broadcastBannerTwoTitle,broadcastBannerTwoMessage,broadcastBannerTwoTone,broadcastBannerThreeTitle,broadcastBannerThreeMessage,broadcastBannerThreeTone 200 in 451ms
 GET /api/settings/system-settings?keys=broadcastBannerActiveId,broadcastBannerOneTitle,broadcastBannerOneMessage,broadcastBannerOneTone,broadcastBannerTwoTitle,broadcastBannerTwoMessage,broadcastBannerTwoTone,broadcastBannerThreeTitle,broadcastBannerThreeMessage,broadcastBannerThreeTone 200 in 440ms
 ✓ Compiled /api/settings/custom-fields in 361ms
 GET /api/settings/custom-fields?model=User&section=personal 200 in 1415ms
 ✓ Compiled /api/user-preferences/[userId] in 485ms
 GET /api/user-preferences/43fbfedf-7916-44a9-a07e-9ddad309d3a0 200 in 2064ms
 GET /api/settings/user-groups 200 in 529ms
 GET /api/settings/user-teams 200 in 543ms
 GET /api/settings/custom-fields?model=User&section=personal 200 in 534ms
 GET /api/user-preferences/43fbfedf-7916-44a9-a07e-9ddad309d3a0 200 in 652ms
 GET /api/settings/user-groups 200 in 554ms
 GET /api/settings/user-teams 200 in 591ms
 GET /api/sse 200 in 40691ms
 GET /payroll 200 in 1207ms
 GET /api/auth/session 200 in 719ms
 GET /api/user-preferences 200 in 1059ms
 GET /api/settings/system-settings?keys=appLogoDataUrl%2CappName%2CshowLogoOnly%2CsidebarLogoSize%2CcollapsedSidebarLogoSize%2CsidebarLogoCollapsedLightMode%2CsidebarLogoExpandedLightMode%2CsidebarLogoCollapsedDarkMode%2CsidebarLogoExpandedDarkMode%2CthemePreference%2CprimaryGradient%2CprimaryButtonShadowL%2CprimaryButtonShadowHoverL%2CprimaryButtonShadowD%2CprimaryButtonShadowHoverD%2CsidebarBackgroundType%2CsidebarBackgroundImageUrl%2CsidebarBackgroundImageFit%2CsidebarBackgroundImagePosition%2CsidebarNavigationMode%2CsidebarSecondaryGroupLabels%2CsidebarBgStartL%2CsidebarBgEndL%2CsidebarTextL%2CsidebarActiveBgStartL%2CsidebarActiveBgEndL%2CsidebarActiveTextL%2CsidebarHoverBgL%2CsidebarHoverTextL%2CsidebarBorderL%2CbuttonTextColorL%2CbuttonTextColorD%2CsidebarBgStartD%2CsidebarBgEndD%2CsidebarTextD%2CsidebarActiveBgStartD%2CsidebarActiveBgEndD%2CsidebarActiveTextD%2CsidebarHoverBgD%2CsidebarHoverTextD%2CsidebarBorderD%2CsidebarFontFamilyL%2CsidebarFontSizeL%2CsidebarFontWeightL%2CsidebarLineHeightL%2CsidebarLetterSpacingL%2CsidebarTextTransformL%2CsidebarFontFamilyD%2CsidebarFontSizeD%2CsidebarFontWeightD%2CsidebarLineHeightD%2CsidebarLetterSpacingD%2CsidebarTextTransformD%2CsidebarBorderWidthL%2CsidebarBorderStyleL%2CsidebarBorderRadiusL%2CsidebarShadowL%2CsidebarShadowHoverL%2CsidebarShadowActiveL%2CsidebarBorderWidthD%2CsidebarBorderStyleD%2CsidebarBorderRadiusD%2CsidebarShadowD%2CsidebarShadowHoverD%2CsidebarShadowActiveD%2CsidebarPaddingXL%2CsidebarPaddingYL%2CsidebarMarginL%2CsidebarGapL%2CsidebarWidthL%2CsidebarWidthCollapsedL%2CsidebarTransitionDurationL%2CsidebarTransitionTimingL%2CsidebarPaddingXD%2CsidebarPaddingYD%2CsidebarMarginD%2CsidebarGapD%2CsidebarWidthD%2CsidebarWidthCollapsedD%2CsidebarTransitionDurationD%2CsidebarTransitionTimingD%2CsidebarMenuItemBgL%2CsidebarMenuItemBgHoverL%2CsidebarMenuItemBgActiveL%2CsidebarMenuItemColorL%2CsidebarMenuItemColorHoverL%2CsidebarMenuItemColorActiveL%2CsidebarMenuItemBorderL%2CsidebarMenuItemBorderHoverL%2CsidebarMenuItemBorderActiveL%2CsidebarMenuItemBorderRadiusL%2CsidebarMenuItemPaddingXL%2CsidebarMenuItemPaddingYL%2CsidebarMenuItemMarginL%2CsidebarMenuItemFontWeightL%2CsidebarMenuItemFontWeightActiveL%2CsidebarMenuItemFontSizeL%2CsidebarMenuItemLineHeightL%2CsidebarMenuItemTransitionL%2CsidebarMenuItemBgD%2CsidebarMenuItemBgHoverD%2CsidebarMenuItemBgActiveD%2CsidebarMenuItemColorD%2CsidebarMenuItemColorHoverD%2CsidebarMenuItemColorActiveD%2CsidebarMenuItemBorderD%2CsidebarMenuItemBorderHoverD%2CsidebarMenuItemBorderActiveD%2CsidebarMenuItemBorderRadiusD%2CsidebarMenuItemPaddingXD%2CsidebarMenuItemPaddingYD%2CsidebarMenuItemMarginD%2CsidebarMenuItemFontWeightD%2CsidebarMenuItemFontWeightActiveD%2CsidebarMenuItemFontSizeD%2CsidebarMenuItemLineHeightD%2CsidebarMenuItemTransitionD%2CsidebarIconSizeL%2CsidebarIconColorL%2CsidebarIconColorHoverL%2CsidebarIconColorActiveL%2CsidebarIconMarginRightL%2CsidebarIconTransitionL%2CsidebarIconSizeD%2CsidebarIconColorD%2CsidebarIconColorHoverD%2CsidebarIconColorActiveD%2CsidebarIconMarginRightD%2CsidebarIconTransitionD%2CsidebarGroupLabelColorL%2CsidebarGroupLabelFontSizeL%2CsidebarGroupLabelFontWeightL%2CsidebarGroupLabelTextTransformL%2CsidebarGroupLabelLetterSpacingL%2CsidebarGroupLabelPaddingL%2CsidebarGroupLabelMarginL%2CsidebarGroupLabelColorD%2CsidebarGroupLabelFontSizeD%2CsidebarGroupLabelFontWeightD%2CsidebarGroupLabelTextTransformD%2CsidebarGroupLabelLetterSpacingD%2CsidebarGroupLabelPaddingD%2CsidebarGroupLabelMarginD 200 in 494ms
 GET /api/settings/system-settings?keys=appName%2CappLogoDataUrl%2CappFaviconDataUrl%2CorganizationLogoDataUrl%2CappThemePreference%2CshowLogoOnly%2CsidebarLogoSize%2CsidebarLogoCollapsedLightMode%2CsidebarLogoExpandedLightMode%2CsidebarLogoCollapsedDarkMode%2CsidebarLogoExpandedDarkMode%2CloginPageLogoLightMode%2CloginPageLogoDarkMode%2CsplashBackgroundColor%2CsplashLogoDataUrl%2CsplashAnimationType%2CpwaEnabled%2CpwaThemeColor%2CpwaBackgroundColor%2CpwaAppleMobileWebAppTitle%2CpwaAppleMobileWebAppStatusBarStyle%2CrightClickProtectionEnabled%2CscreenCaptureProtectionEnabled 200 in 1178ms
 GET /api/broadcast/active 200 in 966ms
 GET /api/upload-queue/health 200 in 1136ms
 GET /api/payroll/workspace/overview 200 in 2046ms
 GET /api/privacy-support/categories 200 in 1254ms
 GET /api/settings/platform-setup/status 200 in 757ms
 GET /api/realtime/notifications?limit=50 200 in 600ms
 GET /api/broadcast/active 200 in 1258ms
 GET /api/payroll/workspace/overview 200 in 1135ms
 GET /api/settings/platform-setup/status 200 in 1071ms
 GET /api/privacy-support/categories 200 in 1129ms
 GET /icon.png?icon.31d034ff.png 200 in 559ms
 GET /api/settings/system-settings?keys=drawerStyle 200 in 674ms
 GET /api/broadcast/active 200 in 976ms
 GET /api/payroll/workspace/overview 200 in 857ms
 GET /api/user-preferences 200 in 575ms
 GET /api/broadcast/active 200 in 862ms
 GET /api/payroll/workspace/overview 200 in 934ms
 GET /api/settings/system-settings?keys=broadcastBannerActiveId,broadcastBannerOneTitle,broadcastBannerOneMessage,broadcastBannerOneTone,broadcastBannerTwoTitle,broadcastBannerTwoMessage,broadcastBannerTwoTone,broadcastBannerThreeTitle,broadcastBannerThreeMessage,broadcastBannerThreeTone 200 in 582ms
 GET /api/upload-queue/health 200 in 869ms
 GET /api/settings/user-groups 200 in 488ms
 GET /api/settings/user-teams 200 in 715ms
 GET /api/settings/custom-fields?model=User&section=personal 200 in 506ms
 GET /api/user-preferences/43fbfedf-7916-44a9-a07e-9ddad309d3a0 200 in 563ms
 GET /api/settings/system-settings?keys=drawerStyle 200 in 418ms
 GET /api/user-preferences 200 in 570ms
 ○ Compiling /payroll/compensation ...
 ✓ Compiled /payroll/compensation in 1070ms
 GET /payroll/compensation?preview=1 200 in 1711ms
 GET /api/broadcast/active 200 in 891ms
 GET /api/payroll/workspace/overview 200 in 1474ms
 GET /api/settings/system-settings?keys=broadcastBannerActiveId,broadcastBannerOneTitle,broadcastBannerOneMessage,broadcastBannerOneTone,broadcastBannerTwoTitle,broadcastBannerTwoMessage,broadcastBannerTwoTone,broadcastBannerThreeTitle,broadcastBannerThreeMessage,broadcastBannerThreeTone 200 in 545ms
 GET /api/upload-queue/health 200 in 1216ms
 GET /api/settings/user-groups 200 in 547ms
 GET /api/settings/user-teams 200 in 516ms
 GET /api/settings/custom-fields?model=User&section=personal 200 in 507ms
 GET /api/user-preferences/43fbfedf-7916-44a9-a07e-9ddad309d3a0 200 in 587ms
 GET /api/settings/system-settings?keys=drawerStyle 200 in 437ms
 GET /api/user-preferences 200 in 511ms
 GET /api/settings/system-settings?keys=broadcastBannerActiveId,broadcastBannerOneTitle,broadcastBannerOneMessage,broadcastBannerOneTone,broadcastBannerTwoTitle,broadcastBannerTwoMessage,broadcastBannerTwoTone,broadcastBannerThreeTitle,broadcastBannerThreeMessage,broadcastBannerThreeTone 200 in 443ms
 GET /api/settings/system-settings?keys=drawerStyle 200 in 415ms
 GET /api/settings/user-groups 200 in 498ms
 GET /api/settings/user-teams 200 in 495ms
 GET /api/settings/custom-fields?model=User&section=personal 200 in 484ms
 GET /api/settings/system-settings?keys=broadcastBannerActiveId,broadcastBannerOneTitle,broadcastBannerOneMessage,broadcastBannerOneTone,broadcastBannerTwoTitle,broadcastBannerTwoMessage,broadcastBannerTwoTone,broadcastBannerThreeTitle,broadcastBannerThreeMessage,broadcastBannerThreeTone 200 in 424ms
 GET /api/settings/user-groups 200 in 567ms
 GET /api/settings/user-teams 200 in 653ms
 GET /api/settings/custom-fields?model=User&section=personal 200 in 692ms
 GET /api/settings/system-settings?keys=broadcastBannerActiveId,broadcastBannerOneTitle,broadcastBannerOneMessage,broadcastBannerOneTone,broadcastBannerTwoTitle,broadcastBannerTwoMessage,broadcastBannerTwoTone,broadcastBannerThreeTitle,broadcastBannerThreeMessage,broadcastBannerThreeTone 200 in 534ms
 GET /api/user-preferences 200 in 540ms
 GET /api/auth/session 200 in 485ms
 GET /api/settings/system-settings?keys=appLogoDataUrl%2CappName%2CshowLogoOnly%2CsidebarLogoSize%2CcollapsedSidebarLogoSize%2CsidebarLogoCollapsedLightMode%2CsidebarLogoExpandedLightMode%2CsidebarLogoCollapsedDarkMode%2CsidebarLogoExpandedDarkMode%2CthemePreference%2CprimaryGradient%2CprimaryButtonShadowL%2CprimaryButtonShadowHoverL%2CprimaryButtonShadowD%2CprimaryButtonShadowHoverD%2CsidebarBackgroundType%2CsidebarBackgroundImageUrl%2CsidebarBackgroundImageFit%2CsidebarBackgroundImagePosition%2CsidebarNavigationMode%2CsidebarSecondaryGroupLabels%2CsidebarBgStartL%2CsidebarBgEndL%2CsidebarTextL%2CsidebarActiveBgStartL%2CsidebarActiveBgEndL%2CsidebarActiveTextL%2CsidebarHoverBgL%2CsidebarHoverTextL%2CsidebarBorderL%2CbuttonTextColorL%2CbuttonTextColorD%2CsidebarBgStartD%2CsidebarBgEndD%2CsidebarTextD%2CsidebarActiveBgStartD%2CsidebarActiveBgEndD%2CsidebarActiveTextD%2CsidebarHoverBgD%2CsidebarHoverTextD%2CsidebarBorderD%2CsidebarFontFamilyL%2CsidebarFontSizeL%2CsidebarFontWeightL%2CsidebarLineHeightL%2CsidebarLetterSpacingL%2CsidebarTextTransformL%2CsidebarFontFamilyD%2CsidebarFontSizeD%2CsidebarFontWeightD%2CsidebarLineHeightD%2CsidebarLetterSpacingD%2CsidebarTextTransformD%2CsidebarBorderWidthL%2CsidebarBorderStyleL%2CsidebarBorderRadiusL%2CsidebarShadowL%2CsidebarShadowHoverL%2CsidebarShadowActiveL%2CsidebarBorderWidthD%2CsidebarBorderStyleD%2CsidebarBorderRadiusD%2CsidebarShadowD%2CsidebarShadowHoverD%2CsidebarShadowActiveD%2CsidebarPaddingXL%2CsidebarPaddingYL%2CsidebarMarginL%2CsidebarGapL%2CsidebarWidthL%2CsidebarWidthCollapsedL%2CsidebarTransitionDurationL%2CsidebarTransitionTimingL%2CsidebarPaddingXD%2CsidebarPaddingYD%2CsidebarMarginD%2CsidebarGapD%2CsidebarWidthD%2CsidebarWidthCollapsedD%2CsidebarTransitionDurationD%2CsidebarTransitionTimingD%2CsidebarMenuItemBgL%2CsidebarMenuItemBgHoverL%2CsidebarMenuItemBgActiveL%2CsidebarMenuItemColorL%2CsidebarMenuItemColorHoverL%2CsidebarMenuItemColorActiveL%2CsidebarMenuItemBorderL%2CsidebarMenuItemBorderHoverL%2CsidebarMenuItemBorderActiveL%2CsidebarMenuItemBorderRadiusL%2CsidebarMenuItemPaddingXL%2CsidebarMenuItemPaddingYL%2CsidebarMenuItemMarginL%2CsidebarMenuItemFontWeightL%2CsidebarMenuItemFontWeightActiveL%2CsidebarMenuItemFontSizeL%2CsidebarMenuItemLineHeightL%2CsidebarMenuItemTransitionL%2CsidebarMenuItemBgD%2CsidebarMenuItemBgHoverD%2CsidebarMenuItemBgActiveD%2CsidebarMenuItemColorD%2CsidebarMenuItemColorHoverD%2CsidebarMenuItemColorActiveD%2CsidebarMenuItemBorderD%2CsidebarMenuItemBorderHoverD%2CsidebarMenuItemBorderActiveD%2CsidebarMenuItemBorderRadiusD%2CsidebarMenuItemPaddingXD%2CsidebarMenuItemPaddingYD%2CsidebarMenuItemMarginD%2CsidebarMenuItemFontWeightD%2CsidebarMenuItemFontWeightActiveD%2CsidebarMenuItemFontSizeD%2CsidebarMenuItemLineHeightD%2CsidebarMenuItemTransitionD%2CsidebarIconSizeL%2CsidebarIconColorL%2CsidebarIconColorHoverL%2CsidebarIconColorActiveL%2CsidebarIconMarginRightL%2CsidebarIconTransitionL%2CsidebarIconSizeD%2CsidebarIconColorD%2CsidebarIconColorHoverD%2CsidebarIconColorActiveD%2CsidebarIconMarginRightD%2CsidebarIconTransitionD%2CsidebarGroupLabelColorL%2CsidebarGroupLabelFontSizeL%2CsidebarGroupLabelFontWeightL%2CsidebarGroupLabelTextTransformL%2CsidebarGroupLabelLetterSpacingL%2CsidebarGroupLabelPaddingL%2CsidebarGroupLabelMarginL%2CsidebarGroupLabelColorD%2CsidebarGroupLabelFontSizeD%2CsidebarGroupLabelFontWeightD%2CsidebarGroupLabelTextTransformD%2CsidebarGroupLabelLetterSpacingD%2CsidebarGroupLabelPaddingD%2CsidebarGroupLabelMarginD 200 in 428ms
 GET /api/settings/system-settings?keys=appName%2CappLogoDataUrl%2CappFaviconDataUrl%2CorganizationLogoDataUrl%2CappThemePreference%2CshowLogoOnly%2CsidebarLogoSize%2CsidebarLogoCollapsedLightMode%2CsidebarLogoExpandedLightMode%2CsidebarLogoCollapsedDarkMode%2CsidebarLogoExpandedDarkMode%2CloginPageLogoLightMode%2CloginPageLogoDarkMode%2CsplashBackgroundColor%2CsplashLogoDataUrl%2CsplashAnimationType%2CpwaEnabled%2CpwaThemeColor%2CpwaBackgroundColor%2CpwaAppleMobileWebAppTitle%2CpwaAppleMobileWebAppStatusBarStyle%2CrightClickProtectionEnabled%2CscreenCaptureProtectionEnabled 200 in 1040ms
 ✓ Compiled in 597ms
 ✓ Compiled in 396ms
 ✓ Compiled in 330ms
 ✓ Compiled in 294ms
 GET /api/sse 200 in 528633ms
 ○ Compiling /policy-documents ...
 ✓ Compiled /policy-documents in 717ms
 GET /policy-documents?adminCenterEmbed=1 200 in 1417ms
 GET /api/broadcast/active 200 in 1167ms
 GET /api/upload-queue/health 200 in 583ms
 GET /api/privacy-support/categories 200 in 995ms
 GET /api/settings/platform-setup/status 200 in 858ms
 GET /api/realtime/notifications?limit=50 200 in 691ms
 GET /api/broadcast/active 200 in 875ms
 GET /api/privacy-support/categories 200 in 813ms
 GET /api/settings/platform-setup/status 200 in 762ms
 GET /api/settings/system-settings?keys=drawerStyle 200 in 470ms
 GET /api/sse 200 in 526058ms
 GET /settings?adminTab=user-accounts 200 in 1160ms
 GET /api/broadcast/active 200 in 939ms
 GET /api/user-preferences 200 in 788ms
 GET /api/upload-queue/health 200 in 720ms
 GET /api/broadcast/active 200 in 1042ms
 GET /api/settings/system-settings?keys=drawerStyle 200 in 441ms
 GET /api/user-preferences 200 in 541ms
 GET /api/upload-queue/health 200 in 614ms
 GET /api/upload-queue/health 200 in 615ms
 ○ Compiling /learning/courses/[id] ...
 ✓ Compiled /learning/courses/[id] in 1022ms
 GET /api/upload-queue/health 200 in 787ms
 GET /api/upload-queue/health 200 in 590ms
 GET /learning/courses/0948ea50-be94-4719-ad8e-420d62ccdf40 200 in 1886ms
 ○ Compiling /learning/achievements ...
 ✓ Compiled /learning/achievements in 638ms
 GET /api/upload-queue/health 200 in 617ms
 GET /learning/achievements 200 in 902ms
 GET /api/settings/system-settings?keys=broadcastBannerActiveId,broadcastBannerOneTitle,broadcastBannerOneMessage,broadcastBannerOneTone,broadcastBannerTwoTitle,broadcastBannerTwoMessage,broadcastBannerTwoTone,broadcastBannerThreeTitle,broadcastBannerThreeMessage,broadcastBannerThreeTone 200 in 461ms
 GET /api/payroll/workspace/overview 200 in 1125ms
 GET /api/upload-queue/health 200 in 646ms
 GET /api/user-preferences 200 in 564ms
 GET /api/broadcast/active 200 in 919ms
 GET /api/upload-queue/health 200 in 648ms
 ✓ Compiled in 373ms
 GET /api/settings/system-settings?keys=broadcastBannerActiveId,broadcastBannerOneTitle,broadcastBannerOneMessage,broadcastBannerOneTone,broadcastBannerTwoTitle,broadcastBannerTwoMessage,broadcastBannerTwoTone,broadcastBannerThreeTitle,broadcastBannerThreeMessage,broadcastBannerThreeTone 200 in 759ms
 GET /api/settings/system-settings?keys=broadcastBannerActiveId,broadcastBannerOneTitle,broadcastBannerOneMessage,broadcastBannerOneTone,broadcastBannerTwoTitle,broadcastBannerTwoMessage,broadcastBannerTwoTone,broadcastBannerThreeTitle,broadcastBannerThreeMessage,broadcastBannerThreeTone 200 in 511ms
 GET /api/payroll/workspace/overview 200 in 1291ms
 GET /api/settings/system-settings?keys=broadcastBannerActiveId,broadcastBannerOneTitle,broadcastBannerOneMessage,broadcastBannerOneTone,broadcastBannerTwoTitle,broadcastBannerTwoMessage,broadcastBannerTwoTone,broadcastBannerThreeTitle,broadcastBannerThreeMessage,broadcastBannerThreeTone 200 in 465ms
 GET /api/settings/system-settings?keys=broadcastBannerActiveId,broadcastBannerOneTitle,broadcastBannerOneMessage,broadcastBannerOneTone,broadcastBannerTwoTitle,broadcastBannerTwoMessage,broadcastBannerTwoTone,broadcastBannerThreeTitle,broadcastBannerThreeMessage,broadcastBannerThreeTone 200 in 596ms
 GET /api/broadcast/active 200 in 1006ms
 GET /api/hr/learning 200 in 655ms
 GET /api/hr/learning?view=courses 200 in 584ms
 GET /api/settings/system-settings?keys=learningCourseCategories 200 in 432ms
 GET /api/hr/learning?view=certifications 200 in 705ms
 GET /api/settings/platform-setup/status 200 in 831ms
 GET /api/settings/system-settings?keys=learningCourseCategories 200 in 445ms
 GET /icon.png?icon.31d034ff.png 200 in 402ms
 GET /api/settings/system-settings?keys=broadcastBannerActiveId,broadcastBannerOneTitle,broadcastBannerOneMessage,broadcastBannerOneTone,broadcastBannerTwoTitle,broadcastBannerTwoMessage,broadcastBannerTwoTone,broadcastBannerThreeTitle,broadcastBannerThreeMessage,broadcastBannerThreeTone 200 in 865ms
 ✓ Compiled in 516ms
 GET /api/hr/learning 200 in 981ms
 GET /api/hr/learning?view=courses 200 in 742ms
 GET /api/hr/learning?view=certifications 200 in 609ms
 ✓ Compiled /api/learning/career-explorer in 261ms
 GET /api/learning/career-explorer 200 in 835ms
 GET /api/learning/career-explorer 200 in 1056ms
 GET /api/auth/session 200 in 722ms
 GET /api/user-preferences 200 in 1010ms
 GET /api/settings/system-settings?keys=appLogoDataUrl%2CappName%2CshowLogoOnly%2CsidebarLogoSize%2CcollapsedSidebarLogoSize%2CsidebarLogoCollapsedLightMode%2CsidebarLogoExpandedLightMode%2CsidebarLogoCollapsedDarkMode%2CsidebarLogoExpandedDarkMode%2CthemePreference%2CprimaryGradient%2CprimaryButtonShadowL%2CprimaryButtonShadowHoverL%2CprimaryButtonShadowD%2CprimaryButtonShadowHoverD%2CsidebarBackgroundType%2CsidebarBackgroundImageUrl%2CsidebarBackgroundImageFit%2CsidebarBackgroundImagePosition%2CsidebarNavigationMode%2CsidebarSecondaryGroupLabels%2CsidebarBgStartL%2CsidebarBgEndL%2CsidebarTextL%2CsidebarActiveBgStartL%2CsidebarActiveBgEndL%2CsidebarActiveTextL%2CsidebarHoverBgL%2CsidebarHoverTextL%2CsidebarBorderL%2CbuttonTextColorL%2CbuttonTextColorD%2CsidebarBgStartD%2CsidebarBgEndD%2CsidebarTextD%2CsidebarActiveBgStartD%2CsidebarActiveBgEndD%2CsidebarActiveTextD%2CsidebarHoverBgD%2CsidebarHoverTextD%2CsidebarBorderD%2CsidebarFontFamilyL%2CsidebarFontSizeL%2CsidebarFontWeightL%2CsidebarLineHeightL%2CsidebarLetterSpacingL%2CsidebarTextTransformL%2CsidebarFontFamilyD%2CsidebarFontSizeD%2CsidebarFontWeightD%2CsidebarLineHeightD%2CsidebarLetterSpacingD%2CsidebarTextTransformD%2CsidebarBorderWidthL%2CsidebarBorderStyleL%2CsidebarBorderRadiusL%2CsidebarShadowL%2CsidebarShadowHoverL%2CsidebarShadowActiveL%2CsidebarBorderWidthD%2CsidebarBorderStyleD%2CsidebarBorderRadiusD%2CsidebarShadowD%2CsidebarShadowHoverD%2CsidebarShadowActiveD%2CsidebarPaddingXL%2CsidebarPaddingYL%2CsidebarMarginL%2CsidebarGapL%2CsidebarWidthL%2CsidebarWidthCollapsedL%2CsidebarTransitionDurationL%2CsidebarTransitionTimingL%2CsidebarPaddingXD%2CsidebarPaddingYD%2CsidebarMarginD%2CsidebarGapD%2CsidebarWidthD%2CsidebarWidthCollapsedD%2CsidebarTransitionDurationD%2CsidebarTransitionTimingD%2CsidebarMenuItemBgL%2CsidebarMenuItemBgHoverL%2CsidebarMenuItemBgActiveL%2CsidebarMenuItemColorL%2CsidebarMenuItemColorHoverL%2CsidebarMenuItemColorActiveL%2CsidebarMenuItemBorderL%2CsidebarMenuItemBorderHoverL%2CsidebarMenuItemBorderActiveL%2CsidebarMenuItemBorderRadiusL%2CsidebarMenuItemPaddingXL%2CsidebarMenuItemPaddingYL%2CsidebarMenuItemMarginL%2CsidebarMenuItemFontWeightL%2CsidebarMenuItemFontWeightActiveL%2CsidebarMenuItemFontSizeL%2CsidebarMenuItemLineHeightL%2CsidebarMenuItemTransitionL%2CsidebarMenuItemBgD%2CsidebarMenuItemBgHoverD%2CsidebarMenuItemBgActiveD%2CsidebarMenuItemColorD%2CsidebarMenuItemColorHoverD%2CsidebarMenuItemColorActiveD%2CsidebarMenuItemBorderD%2CsidebarMenuItemBorderHoverD%2CsidebarMenuItemBorderActiveD%2CsidebarMenuItemBorderRadiusD%2CsidebarMenuItemPaddingXD%2CsidebarMenuItemPaddingYD%2CsidebarMenuItemMarginD%2CsidebarMenuItemFontWeightD%2CsidebarMenuItemFontWeightActiveD%2CsidebarMenuItemFontSizeD%2CsidebarMenuItemLineHeightD%2CsidebarMenuItemTransitionD%2CsidebarIconSizeL%2CsidebarIconColorL%2CsidebarIconColorHoverL%2CsidebarIconColorActiveL%2CsidebarIconMarginRightL%2CsidebarIconTransitionL%2CsidebarIconSizeD%2CsidebarIconColorD%2CsidebarIconColorHoverD%2CsidebarIconColorActiveD%2CsidebarIconMarginRightD%2CsidebarIconTransitionD%2CsidebarGroupLabelColorL%2CsidebarGroupLabelFontSizeL%2CsidebarGroupLabelFontWeightL%2CsidebarGroupLabelTextTransformL%2CsidebarGroupLabelLetterSpacingL%2CsidebarGroupLabelPaddingL%2CsidebarGroupLabelMarginL%2CsidebarGroupLabelColorD%2CsidebarGroupLabelFontSizeD%2CsidebarGroupLabelFontWeightD%2CsidebarGroupLabelTextTransformD%2CsidebarGroupLabelLetterSpacingD%2CsidebarGroupLabelPaddingD%2CsidebarGroupLabelMarginD 200 in 642ms
 GET /api/settings/system-settings?keys=appName%2CappLogoDataUrl%2CappFaviconDataUrl%2CorganizationLogoDataUrl%2CappThemePreference%2CshowLogoOnly%2CsidebarLogoSize%2CsidebarLogoCollapsedLightMode%2CsidebarLogoExpandedLightMode%2CsidebarLogoCollapsedDarkMode%2CsidebarLogoExpandedDarkMode%2CloginPageLogoLightMode%2CloginPageLogoDarkMode%2CsplashBackgroundColor%2CsplashLogoDataUrl%2CsplashAnimationType%2CpwaEnabled%2CpwaThemeColor%2CpwaBackgroundColor%2CpwaAppleMobileWebAppTitle%2CpwaAppleMobileWebAppStatusBarStyle%2CrightClickProtectionEnabled%2CscreenCaptureProtectionEnabled 200 in 1226ms
 ✓ Compiled /api/policy-documents in 171ms
 GET /api/policy-documents 200 in 962ms
 GET /api/realtime/notifications?limit=50 200 in 519ms
 GET /api/policy-documents 200 in 711ms
 GET /api/user-preferences 200 in 515ms
 GET /api/user-preferences 200 in 529ms
 GET /api/user-preferences 200 in 529ms
 GET /icon.png?icon.31d034ff.png 200 in 390ms
 GET /api/user-preferences 200 in 669ms
 GET /api/auth/session 200 in 491ms
 GET /api/settings/system-settings?keys=appLogoDataUrl%2CappName%2CshowLogoOnly%2CsidebarLogoSize%2CcollapsedSidebarLogoSize%2CsidebarLogoCollapsedLightMode%2CsidebarLogoExpandedLightMode%2CsidebarLogoCollapsedDarkMode%2CsidebarLogoExpandedDarkMode%2CthemePreference%2CprimaryGradient%2CprimaryButtonShadowL%2CprimaryButtonShadowHoverL%2CprimaryButtonShadowD%2CprimaryButtonShadowHoverD%2CsidebarBackgroundType%2CsidebarBackgroundImageUrl%2CsidebarBackgroundImageFit%2CsidebarBackgroundImagePosition%2CsidebarNavigationMode%2CsidebarSecondaryGroupLabels%2CsidebarBgStartL%2CsidebarBgEndL%2CsidebarTextL%2CsidebarActiveBgStartL%2CsidebarActiveBgEndL%2CsidebarActiveTextL%2CsidebarHoverBgL%2CsidebarHoverTextL%2CsidebarBorderL%2CbuttonTextColorL%2CbuttonTextColorD%2CsidebarBgStartD%2CsidebarBgEndD%2CsidebarTextD%2CsidebarActiveBgStartD%2CsidebarActiveBgEndD%2CsidebarActiveTextD%2CsidebarHoverBgD%2CsidebarHoverTextD%2CsidebarBorderD%2CsidebarFontFamilyL%2CsidebarFontSizeL%2CsidebarFontWeightL%2CsidebarLineHeightL%2CsidebarLetterSpacingL%2CsidebarTextTransformL%2CsidebarFontFamilyD%2CsidebarFontSizeD%2CsidebarFontWeightD%2CsidebarLineHeightD%2CsidebarLetterSpacingD%2CsidebarTextTransformD%2CsidebarBorderWidthL%2CsidebarBorderStyleL%2CsidebarBorderRadiusL%2CsidebarShadowL%2CsidebarShadowHoverL%2CsidebarShadowActiveL%2CsidebarBorderWidthD%2CsidebarBorderStyleD%2CsidebarBorderRadiusD%2CsidebarShadowD%2CsidebarShadowHoverD%2CsidebarShadowActiveD%2CsidebarPaddingXL%2CsidebarPaddingYL%2CsidebarMarginL%2CsidebarGapL%2CsidebarWidthL%2CsidebarWidthCollapsedL%2CsidebarTransitionDurationL%2CsidebarTransitionTimingL%2CsidebarPaddingXD%2CsidebarPaddingYD%2CsidebarMarginD%2CsidebarGapD%2CsidebarWidthD%2CsidebarWidthCollapsedD%2CsidebarTransitionDurationD%2CsidebarTransitionTimingD%2CsidebarMenuItemBgL%2CsidebarMenuItemBgHoverL%2CsidebarMenuItemBgActiveL%2CsidebarMenuItemColorL%2CsidebarMenuItemColorHoverL%2CsidebarMenuItemColorActiveL%2CsidebarMenuItemBorderL%2CsidebarMenuItemBorderHoverL%2CsidebarMenuItemBorderActiveL%2CsidebarMenuItemBorderRadiusL%2CsidebarMenuItemPaddingXL%2CsidebarMenuItemPaddingYL%2CsidebarMenuItemMarginL%2CsidebarMenuItemFontWeightL%2CsidebarMenuItemFontWeightActiveL%2CsidebarMenuItemFontSizeL%2CsidebarMenuItemLineHeightL%2CsidebarMenuItemTransitionL%2CsidebarMenuItemBgD%2CsidebarMenuItemBgHoverD%2CsidebarMenuItemBgActiveD%2CsidebarMenuItemColorD%2CsidebarMenuItemColorHoverD%2CsidebarMenuItemColorActiveD%2CsidebarMenuItemBorderD%2CsidebarMenuItemBorderHoverD%2CsidebarMenuItemBorderActiveD%2CsidebarMenuItemBorderRadiusD%2CsidebarMenuItemPaddingXD%2CsidebarMenuItemPaddingYD%2CsidebarMenuItemMarginD%2CsidebarMenuItemFontWeightD%2CsidebarMenuItemFontWeightActiveD%2CsidebarMenuItemFontSizeD%2CsidebarMenuItemLineHeightD%2CsidebarMenuItemTransitionD%2CsidebarIconSizeL%2CsidebarIconColorL%2CsidebarIconColorHoverL%2CsidebarIconColorActiveL%2CsidebarIconMarginRightL%2CsidebarIconTransitionL%2CsidebarIconSizeD%2CsidebarIconColorD%2CsidebarIconColorHoverD%2CsidebarIconColorActiveD%2CsidebarIconMarginRightD%2CsidebarIconTransitionD%2CsidebarGroupLabelColorL%2CsidebarGroupLabelFontSizeL%2CsidebarGroupLabelFontWeightL%2CsidebarGroupLabelTextTransformL%2CsidebarGroupLabelLetterSpacingL%2CsidebarGroupLabelPaddingL%2CsidebarGroupLabelMarginL%2CsidebarGroupLabelColorD%2CsidebarGroupLabelFontSizeD%2CsidebarGroupLabelFontWeightD%2CsidebarGroupLabelTextTransformD%2CsidebarGroupLabelLetterSpacingD%2CsidebarGroupLabelPaddingD%2CsidebarGroupLabelMarginD 200 in 754ms
 GET /api/settings/system-settings?keys=appName%2CappLogoDataUrl%2CappFaviconDataUrl%2CorganizationLogoDataUrl%2CappThemePreference%2CshowLogoOnly%2CsidebarLogoSize%2CsidebarLogoCollapsedLightMode%2CsidebarLogoExpandedLightMode%2CsidebarLogoCollapsedDarkMode%2CsidebarLogoExpandedDarkMode%2CloginPageLogoLightMode%2CloginPageLogoDarkMode%2CsplashBackgroundColor%2CsplashLogoDataUrl%2CsplashAnimationType%2CpwaEnabled%2CpwaThemeColor%2CpwaBackgroundColor%2CpwaAppleMobileWebAppTitle%2CpwaAppleMobileWebAppStatusBarStyle%2CrightClickProtectionEnabled%2CscreenCaptureProtectionEnabled 200 in 800ms
 ✓ Compiled in 325ms
 HEAD /payroll/compensation?preview=1 200 in 588ms
 ✓ Compiled in 325ms
 ✓ Compiled in 321ms
 ✓ Compiled in 283ms
 GET /payroll/compensation?preview=1 200 in 242ms
 GET /icon.png?icon.31d034ff.png 200 in 602ms
 GET /api/settings/system-settings?keys=appLogoDataUrl%2CappName%2CshowLogoOnly%2CsidebarLogoSize%2CcollapsedSidebarLogoSize%2CsidebarLogoCollapsedLightMode%2CsidebarLogoExpandedLightMode%2CsidebarLogoCollapsedDarkMode%2CsidebarLogoExpandedDarkMode%2CthemePreference%2CprimaryGradient%2CprimaryButtonShadowL%2CprimaryButtonShadowHoverL%2CprimaryButtonShadowD%2CprimaryButtonShadowHoverD%2CsidebarBackgroundType%2CsidebarBackgroundImageUrl%2CsidebarBackgroundImageFit%2CsidebarBackgroundImagePosition%2CsidebarNavigationMode%2CsidebarSecondaryGroupLabels%2CsidebarBgStartL%2CsidebarBgEndL%2CsidebarTextL%2CsidebarActiveBgStartL%2CsidebarActiveBgEndL%2CsidebarActiveTextL%2CsidebarHoverBgL%2CsidebarHoverTextL%2CsidebarBorderL%2CbuttonTextColorL%2CbuttonTextColorD%2CsidebarBgStartD%2CsidebarBgEndD%2CsidebarTextD%2CsidebarActiveBgStartD%2CsidebarActiveBgEndD%2CsidebarActiveTextD%2CsidebarHoverBgD%2CsidebarHoverTextD%2CsidebarBorderD%2CsidebarFontFamilyL%2CsidebarFontSizeL%2CsidebarFontWeightL%2CsidebarLineHeightL%2CsidebarLetterSpacingL%2CsidebarTextTransformL%2CsidebarFontFamilyD%2CsidebarFontSizeD%2CsidebarFontWeightD%2CsidebarLineHeightD%2CsidebarLetterSpacingD%2CsidebarTextTransformD%2CsidebarBorderWidthL%2CsidebarBorderStyleL%2CsidebarBorderRadiusL%2CsidebarShadowL%2CsidebarShadowHoverL%2CsidebarShadowActiveL%2CsidebarBorderWidthD%2CsidebarBorderStyleD%2CsidebarBorderRadiusD%2CsidebarShadowD%2CsidebarShadowHoverD%2CsidebarShadowActiveD%2CsidebarPaddingXL%2CsidebarPaddingYL%2CsidebarMarginL%2CsidebarGapL%2CsidebarWidthL%2CsidebarWidthCollapsedL%2CsidebarTransitionDurationL%2CsidebarTransitionTimingL%2CsidebarPaddingXD%2CsidebarPaddingYD%2CsidebarMarginD%2CsidebarGapD%2CsidebarWidthD%2CsidebarWidthCollapsedD%2CsidebarTransitionDurationD%2CsidebarTransitionTimingD%2CsidebarMenuItemBgL%2CsidebarMenuItemBgHoverL%2CsidebarMenuItemBgActiveL%2CsidebarMenuItemColorL%2CsidebarMenuItemColorHoverL%2CsidebarMenuItemColorActiveL%2CsidebarMenuItemBorderL%2CsidebarMenuItemBorderHoverL%2CsidebarMenuItemBorderActiveL%2CsidebarMenuItemBorderRadiusL%2CsidebarMenuItemPaddingXL%2CsidebarMenuItemPaddingYL%2CsidebarMenuItemMarginL%2CsidebarMenuItemFontWeightL%2CsidebarMenuItemFontWeightActiveL%2CsidebarMenuItemFontSizeL%2CsidebarMenuItemLineHeightL%2CsidebarMenuItemTransitionL%2CsidebarMenuItemBgD%2CsidebarMenuItemBgHoverD%2CsidebarMenuItemBgActiveD%2CsidebarMenuItemColorD%2CsidebarMenuItemColorHoverD%2CsidebarMenuItemColorActiveD%2CsidebarMenuItemBorderD%2CsidebarMenuItemBorderHoverD%2CsidebarMenuItemBorderActiveD%2CsidebarMenuItemBorderRadiusD%2CsidebarMenuItemPaddingXD%2CsidebarMenuItemPaddingYD%2CsidebarMenuItemMarginD%2CsidebarMenuItemFontWeightD%2CsidebarMenuItemFontWeightActiveD%2CsidebarMenuItemFontSizeD%2CsidebarMenuItemLineHeightD%2CsidebarMenuItemTransitionD%2CsidebarIconSizeL%2CsidebarIconColorL%2CsidebarIconColorHoverL%2CsidebarIconColorActiveL%2CsidebarIconMarginRightL%2CsidebarIconTransitionL%2CsidebarIconSizeD%2CsidebarIconColorD%2CsidebarIconColorHoverD%2CsidebarIconColorActiveD%2CsidebarIconMarginRightD%2CsidebarIconTransitionD%2CsidebarGroupLabelColorL%2CsidebarGroupLabelFontSizeL%2CsidebarGroupLabelFontWeightL%2CsidebarGroupLabelTextTransformL%2CsidebarGroupLabelLetterSpacingL%2CsidebarGroupLabelPaddingL%2CsidebarGroupLabelMarginL%2CsidebarGroupLabelColorD%2CsidebarGroupLabelFontSizeD%2CsidebarGroupLabelFontWeightD%2CsidebarGroupLabelTextTransformD%2CsidebarGroupLabelLetterSpacingD%2CsidebarGroupLabelPaddingD%2CsidebarGroupLabelMarginD 200 in 903ms
 GET /api/settings/system-settings?keys=appName%2CappLogoDataUrl%2CappFaviconDataUrl%2CorganizationLogoDataUrl%2CappThemePreference%2CshowLogoOnly%2CsidebarLogoSize%2CsidebarLogoCollapsedLightMode%2CsidebarLogoExpandedLightMode%2CsidebarLogoCollapsedDarkMode%2CsidebarLogoExpandedDarkMode%2CloginPageLogoLightMode%2CloginPageLogoDarkMode%2CsplashBackgroundColor%2CsplashLogoDataUrl%2CsplashAnimationType%2CpwaEnabled%2CpwaThemeColor%2CpwaBackgroundColor%2CpwaAppleMobileWebAppTitle%2CpwaAppleMobileWebAppStatusBarStyle%2CrightClickProtectionEnabled%2CscreenCaptureProtectionEnabled 200 in 1675ms
 HEAD /settings?adminTab=user-accounts 200 in 976ms
 GET /api/sse 200 in 387301ms
 GET /api/sse 200 in 579287ms
 GET /payroll/compensation?preview=1 200 in 778ms
 GET /payroll/compensation?preview=1 200 in 387ms
 GET /api/sse 200 in 380224ms
 GET /settings?adminTab=user-accounts 200 in 749ms
 GET /settings/onboarding?adminCenterEmbed=1 200 in 638ms
 ○ Compiling /settings/overview ...
 GET /api/upload-queue/health 200 in 859ms
 ✓ Compiled /settings/overview in 1216ms
 GET /settings/overview 200 in 1574ms
 GET /learning/career-explorer 200 in 1208ms
 GET /api/upload-queue/health 200 in 867ms
 GET /learning/career-explorer 200 in 333ms
 GET /settings?adminTab=hr-setup&config=onboarding&setupView=map 200 in 314ms
 GET /learning/career-explorer 200 in 381ms
 GET /api/upload-queue/health 200 in 724ms
 GET /api/upload-queue/health 200 in 730ms
 GET /learning/career-explorer 200 in 217ms
 GET /payroll/compensation?employee=9180a346-84c7-4341-b550-8ac2f1b4e7b0 200 in 171ms
 GET /api/upload-queue/health 200 in 1001ms
 GET /api/upload-queue/health 200 in 1081ms
 GET /payroll/compensation?employee=9180a346-84c7-4341-b550-8ac2f1b4e7b0 200 in 257ms
 GET /learning/career-explorer 200 in 187ms
 GET /api/upload-queue/health 200 in 660ms
 GET /api/upload-queue/health 200 in 653ms
 ○ Compiling /payroll/benefits ...
 GET /payroll/compensation 200 in 529ms
 GET /api/upload-queue/health 200 in 871ms
 ✓ Compiled /payroll/benefits in 1034ms
 GET /payroll/benefits 200 in 1186ms
 GET /api/upload-queue/health 200 in 767ms
 GET /api/upload-queue/health 200 in 759ms
 GET /payroll/compensation 200 in 244ms
 GET /api/upload-queue/health 200 in 638ms
 GET /icon.png?icon.31d034ff.png 200 in 355ms
 GET /api/upload-queue/health 200 in 676ms
 GET /api/broadcast/active 200 in 949ms
 GET /api/settings/platform-setup/status 200 in 755ms
 GET /api/learning/career-explorer 200 in 1138ms
 GET /api/broadcast/active 200 in 931ms
 GET /api/settings/platform-setup/status 200 in 741ms
 GET /api/payroll/workspace/compensation 200 in 1245ms
 GET /icon.png?icon.31d034ff.png 200 in 371ms
 GET /api/learning/career-explorer 200 in 864ms
 GET /api/payroll/workspace/compensation 200 in 1146ms
 GET /api/settings/system-settings?keys=broadcastBannerActiveId,broadcastBannerOneTitle,broadcastBannerOneMessage,broadcastBannerOneTone,broadcastBannerTwoTitle,broadcastBannerTwoMessage,broadcastBannerTwoTone,broadcastBannerThreeTitle,broadcastBannerThreeMessage,broadcastBannerThreeTone 200 in 452ms
 GET /icon.png?icon.31d034ff.png 200 in 338ms
 GET /api/settings/system-settings?keys=broadcastBannerActiveId,broadcastBannerOneTitle,broadcastBannerOneMessage,broadcastBannerOneTone,broadcastBannerTwoTitle,broadcastBannerTwoMessage,broadcastBannerTwoTone,broadcastBannerThreeTitle,broadcastBannerThreeMessage,broadcastBannerThreeTone 200 in 478ms
 GET /api/settings/system-settings?keys=appLogoDataUrl%2CappName%2CshowLogoOnly%2CsidebarLogoSize%2CcollapsedSidebarLogoSize%2CsidebarLogoCollapsedLightMode%2CsidebarLogoExpandedLightMode%2CsidebarLogoCollapsedDarkMode%2CsidebarLogoExpandedDarkMode%2CthemePreference%2CprimaryGradient%2CprimaryButtonShadowL%2CprimaryButtonShadowHoverL%2CprimaryButtonShadowD%2CprimaryButtonShadowHoverD%2CsidebarBackgroundType%2CsidebarBackgroundImageUrl%2CsidebarBackgroundImageFit%2CsidebarBackgroundImagePosition%2CsidebarNavigationMode%2CsidebarSecondaryGroupLabels%2CsidebarBgStartL%2CsidebarBgEndL%2CsidebarTextL%2CsidebarActiveBgStartL%2CsidebarActiveBgEndL%2CsidebarActiveTextL%2CsidebarHoverBgL%2CsidebarHoverTextL%2CsidebarBorderL%2CbuttonTextColorL%2CbuttonTextColorD%2CsidebarBgStartD%2CsidebarBgEndD%2CsidebarTextD%2CsidebarActiveBgStartD%2CsidebarActiveBgEndD%2CsidebarActiveTextD%2CsidebarHoverBgD%2CsidebarHoverTextD%2CsidebarBorderD%2CsidebarFontFamilyL%2CsidebarFontSizeL%2CsidebarFontWeightL%2CsidebarLineHeightL%2CsidebarLetterSpacingL%2CsidebarTextTransformL%2CsidebarFontFamilyD%2CsidebarFontSizeD%2CsidebarFontWeightD%2CsidebarLineHeightD%2CsidebarLetterSpacingD%2CsidebarTextTransformD%2CsidebarBorderWidthL%2CsidebarBorderStyleL%2CsidebarBorderRadiusL%2CsidebarShadowL%2CsidebarShadowHoverL%2CsidebarShadowActiveL%2CsidebarBorderWidthD%2CsidebarBorderStyleD%2CsidebarBorderRadiusD%2CsidebarShadowD%2CsidebarShadowHoverD%2CsidebarShadowActiveD%2CsidebarPaddingXL%2CsidebarPaddingYL%2CsidebarMarginL%2CsidebarGapL%2CsidebarWidthL%2CsidebarWidthCollapsedL%2CsidebarTransitionDurationL%2CsidebarTransitionTimingL%2CsidebarPaddingXD%2CsidebarPaddingYD%2CsidebarMarginD%2CsidebarGapD%2CsidebarWidthD%2CsidebarWidthCollapsedD%2CsidebarTransitionDurationD%2CsidebarTransitionTimingD%2CsidebarMenuItemBgL%2CsidebarMenuItemBgHoverL%2CsidebarMenuItemBgActiveL%2CsidebarMenuItemColorL%2CsidebarMenuItemColorHoverL%2CsidebarMenuItemColorActiveL%2CsidebarMenuItemBorderL%2CsidebarMenuItemBorderHoverL%2CsidebarMenuItemBorderActiveL%2CsidebarMenuItemBorderRadiusL%2CsidebarMenuItemPaddingXL%2CsidebarMenuItemPaddingYL%2CsidebarMenuItemMarginL%2CsidebarMenuItemFontWeightL%2CsidebarMenuItemFontWeightActiveL%2CsidebarMenuItemFontSizeL%2CsidebarMenuItemLineHeightL%2CsidebarMenuItemTransitionL%2CsidebarMenuItemBgD%2CsidebarMenuItemBgHoverD%2CsidebarMenuItemBgActiveD%2CsidebarMenuItemColorD%2CsidebarMenuItemColorHoverD%2CsidebarMenuItemColorActiveD%2CsidebarMenuItemBorderD%2CsidebarMenuItemBorderHoverD%2CsidebarMenuItemBorderActiveD%2CsidebarMenuItemBorderRadiusD%2CsidebarMenuItemPaddingXD%2CsidebarMenuItemPaddingYD%2CsidebarMenuItemMarginD%2CsidebarMenuItemFontWeightD%2CsidebarMenuItemFontWeightActiveD%2CsidebarMenuItemFontSizeD%2CsidebarMenuItemLineHeightD%2CsidebarMenuItemTransitionD%2CsidebarIconSizeL%2CsidebarIconColorL%2CsidebarIconColorHoverL%2CsidebarIconColorActiveL%2CsidebarIconMarginRightL%2CsidebarIconTransitionL%2CsidebarIconSizeD%2CsidebarIconColorD%2CsidebarIconColorHoverD%2CsidebarIconColorActiveD%2CsidebarIconMarginRightD%2CsidebarIconTransitionD%2CsidebarGroupLabelColorL%2CsidebarGroupLabelFontSizeL%2CsidebarGroupLabelFontWeightL%2CsidebarGroupLabelTextTransformL%2CsidebarGroupLabelLetterSpacingL%2CsidebarGroupLabelPaddingL%2CsidebarGroupLabelMarginL%2CsidebarGroupLabelColorD%2CsidebarGroupLabelFontSizeD%2CsidebarGroupLabelFontWeightD%2CsidebarGroupLabelTextTransformD%2CsidebarGroupLabelLetterSpacingD%2CsidebarGroupLabelPaddingD%2CsidebarGroupLabelMarginD 200 in 957ms
 GET /api/auth/session 200 in 978ms
 GET /api/user-preferences 200 in 1652ms
 GET /api/settings/system-settings?keys=appLogoDataUrl%2CappName%2CshowLogoOnly%2CsidebarLogoSize%2CcollapsedSidebarLogoSize%2CsidebarLogoCollapsedLightMode%2CsidebarLogoExpandedLightMode%2CsidebarLogoCollapsedDarkMode%2CsidebarLogoExpandedDarkMode%2CthemePreference%2CprimaryGradient%2CprimaryButtonShadowL%2CprimaryButtonShadowHoverL%2CprimaryButtonShadowD%2CprimaryButtonShadowHoverD%2CsidebarBackgroundType%2CsidebarBackgroundImageUrl%2CsidebarBackgroundImageFit%2CsidebarBackgroundImagePosition%2CsidebarNavigationMode%2CsidebarSecondaryGroupLabels%2CsidebarBgStartL%2CsidebarBgEndL%2CsidebarTextL%2CsidebarActiveBgStartL%2CsidebarActiveBgEndL%2CsidebarActiveTextL%2CsidebarHoverBgL%2CsidebarHoverTextL%2CsidebarBorderL%2CbuttonTextColorL%2CbuttonTextColorD%2CsidebarBgStartD%2CsidebarBgEndD%2CsidebarTextD%2CsidebarActiveBgStartD%2CsidebarActiveBgEndD%2CsidebarActiveTextD%2CsidebarHoverBgD%2CsidebarHoverTextD%2CsidebarBorderD%2CsidebarFontFamilyL%2CsidebarFontSizeL%2CsidebarFontWeightL%2CsidebarLineHeightL%2CsidebarLetterSpacingL%2CsidebarTextTransformL%2CsidebarFontFamilyD%2CsidebarFontSizeD%2CsidebarFontWeightD%2CsidebarLineHeightD%2CsidebarLetterSpacingD%2CsidebarTextTransformD%2CsidebarBorderWidthL%2CsidebarBorderStyleL%2CsidebarBorderRadiusL%2CsidebarShadowL%2CsidebarShadowHoverL%2CsidebarShadowActiveL%2CsidebarBorderWidthD%2CsidebarBorderStyleD%2CsidebarBorderRadiusD%2CsidebarShadowD%2CsidebarShadowHoverD%2CsidebarShadowActiveD%2CsidebarPaddingXL%2CsidebarPaddingYL%2CsidebarMarginL%2CsidebarGapL%2CsidebarWidthL%2CsidebarWidthCollapsedL%2CsidebarTransitionDurationL%2CsidebarTransitionTimingL%2CsidebarPaddingXD%2CsidebarPaddingYD%2CsidebarMarginD%2CsidebarGapD%2CsidebarWidthD%2CsidebarWidthCollapsedD%2CsidebarTransitionDurationD%2CsidebarTransitionTimingD%2CsidebarMenuItemBgL%2CsidebarMenuItemBgHoverL%2CsidebarMenuItemBgActiveL%2CsidebarMenuItemColorL%2CsidebarMenuItemColorHoverL%2CsidebarMenuItemColorActiveL%2CsidebarMenuItemBorderL%2CsidebarMenuItemBorderHoverL%2CsidebarMenuItemBorderActiveL%2CsidebarMenuItemBorderRadiusL%2CsidebarMenuItemPaddingXL%2CsidebarMenuItemPaddingYL%2CsidebarMenuItemMarginL%2CsidebarMenuItemFontWeightL%2CsidebarMenuItemFontWeightActiveL%2CsidebarMenuItemFontSizeL%2CsidebarMenuItemLineHeightL%2CsidebarMenuItemTransitionL%2CsidebarMenuItemBgD%2CsidebarMenuItemBgHoverD%2CsidebarMenuItemBgActiveD%2CsidebarMenuItemColorD%2CsidebarMenuItemColorHoverD%2CsidebarMenuItemColorActiveD%2CsidebarMenuItemBorderD%2CsidebarMenuItemBorderHoverD%2CsidebarMenuItemBorderActiveD%2CsidebarMenuItemBorderRadiusD%2CsidebarMenuItemPaddingXD%2CsidebarMenuItemPaddingYD%2CsidebarMenuItemMarginD%2CsidebarMenuItemFontWeightD%2CsidebarMenuItemFontWeightActiveD%2CsidebarMenuItemFontSizeD%2CsidebarMenuItemLineHeightD%2CsidebarMenuItemTransitionD%2CsidebarIconSizeL%2CsidebarIconColorL%2CsidebarIconColorHoverL%2CsidebarIconColorActiveL%2CsidebarIconMarginRightL%2CsidebarIconTransitionL%2CsidebarIconSizeD%2CsidebarIconColorD%2CsidebarIconColorHoverD%2CsidebarIconColorActiveD%2CsidebarIconMarginRightD%2CsidebarIconTransitionD%2CsidebarGroupLabelColorL%2CsidebarGroupLabelFontSizeL%2CsidebarGroupLabelFontWeightL%2CsidebarGroupLabelTextTransformL%2CsidebarGroupLabelLetterSpacingL%2CsidebarGroupLabelPaddingL%2CsidebarGroupLabelMarginL%2CsidebarGroupLabelColorD%2CsidebarGroupLabelFontSizeD%2CsidebarGroupLabelFontWeightD%2CsidebarGroupLabelTextTransformD%2CsidebarGroupLabelLetterSpacingD%2CsidebarGroupLabelPaddingD%2CsidebarGroupLabelMarginD 200 in 832ms
 GET /api/settings/system-settings?keys=appName%2CappLogoDataUrl%2CappFaviconDataUrl%2CorganizationLogoDataUrl%2CappThemePreference%2CshowLogoOnly%2CsidebarLogoSize%2CsidebarLogoCollapsedLightMode%2CsidebarLogoExpandedLightMode%2CsidebarLogoCollapsedDarkMode%2CsidebarLogoExpandedDarkMode%2CloginPageLogoLightMode%2CloginPageLogoDarkMode%2CsplashBackgroundColor%2CsplashLogoDataUrl%2CsplashAnimationType%2CpwaEnabled%2CpwaThemeColor%2CpwaBackgroundColor%2CpwaAppleMobileWebAppTitle%2CpwaAppleMobileWebAppStatusBarStyle%2CrightClickProtectionEnabled%2CscreenCaptureProtectionEnabled 200 in 2091ms
 GET /api/settings/system-settings?keys=appName%2CappLogoDataUrl%2CappFaviconDataUrl%2CorganizationLogoDataUrl%2CappThemePreference%2CshowLogoOnly%2CsidebarLogoSize%2CsidebarLogoCollapsedLightMode%2CsidebarLogoExpandedLightMode%2CsidebarLogoCollapsedDarkMode%2CsidebarLogoExpandedDarkMode%2CloginPageLogoLightMode%2CloginPageLogoDarkMode%2CsplashBackgroundColor%2CsplashLogoDataUrl%2CsplashAnimationType%2CpwaEnabled%2CpwaThemeColor%2CpwaBackgroundColor%2CpwaAppleMobileWebAppTitle%2CpwaAppleMobileWebAppStatusBarStyle%2CrightClickProtectionEnabled%2CscreenCaptureProtectionEnabled 200 in 971ms
 GET /api/broadcast/active 200 in 827ms
 GET /api/upload-queue/health 200 in 554ms
 GET /api/privacy-support/categories 200 in 854ms
 GET /api/settings/platform-setup/status 200 in 918ms
 GET /api/realtime/notifications?limit=50 200 in 581ms
 GET /api/broadcast/active 200 in 830ms
 GET /api/privacy-support/categories 200 in 774ms
 GET /api/settings/platform-setup/status 200 in 709ms
 GET /api/settings/system-settings?keys=drawerStyle 200 in 432ms
 GET /api/broadcast/active 200 in 1290ms
 GET /icon.png?icon.31d034ff.png 200 in 360ms
 GET /api/privacy-support/categories 200 in 1349ms
 GET /api/settings/platform-setup/status 200 in 716ms
 GET /api/broadcast/active 200 in 818ms
 GET /api/privacy-support/categories 200 in 824ms
 GET /api/settings/platform-setup/status 200 in 723ms
 GET /api/broadcast/active 200 in 803ms
 GET /api/broadcast/active 200 in 831ms
 GET /api/user-preferences 200 in 516ms
 GET /api/broadcast/active 200 in 816ms
 GET /api/settings/system-settings?keys=broadcastBannerActiveId,broadcastBannerOneTitle,broadcastBannerOneMessage,broadcastBannerOneTone,broadcastBannerTwoTitle,broadcastBannerTwoMessage,broadcastBannerTwoTone,broadcastBannerThreeTitle,broadcastBannerThreeMessage,broadcastBannerThreeTone 200 in 430ms
 GET /api/upload-queue/health 200 in 577ms
 GET /api/realtime/notifications?limit=50 200 in 512ms
 GET /settings?adminTab=user-accounts 200 in 628ms
 GET /api/settings/system-settings?keys=drawerStyle 200 in 422ms
 GET /api/user-preferences 200 in 501ms
 GET /api/broadcast/active 200 in 834ms
 GET /api/settings/system-settings?keys=broadcastBannerActiveId,broadcastBannerOneTitle,broadcastBannerOneMessage,broadcastBannerOneTone,broadcastBannerTwoTitle,broadcastBannerTwoMessage,broadcastBannerTwoTone,broadcastBannerThreeTitle,broadcastBannerThreeMessage,broadcastBannerThreeTone 200 in 434ms
 GET /api/upload-queue/health 200 in 552ms
 GET /api/upload-queue/health 200 in 571ms
 GET /api/settings/system-settings?keys=drawerStyle 200 in 405ms
 GET /api/settings/system-settings?keys=drawerStyle 200 in 418ms
 GET /api/user-preferences 200 in 501ms
 GET /api/upload-queue/health 200 in 818ms
 GET /api/user-preferences 200 in 622ms
 GET /api/user-preferences 200 in 641ms
 GET /api/broadcast/active 200 in 936ms
 GET /api/settings/system-settings?keys=broadcastBannerActiveId,broadcastBannerOneTitle,broadcastBannerOneMessage,broadcastBannerOneTone,broadcastBannerTwoTitle,broadcastBannerTwoMessage,broadcastBannerTwoTone,broadcastBannerThreeTitle,broadcastBannerThreeMessage,broadcastBannerThreeTone 200 in 429ms
 GET /api/broadcast/active 200 in 838ms
 GET /api/user-preferences 200 in 572ms
 GET /api/settings/system-settings?keys=broadcastBannerActiveId,broadcastBannerOneTitle,broadcastBannerOneMessage,broadcastBannerOneTone,broadcastBannerTwoTitle,broadcastBannerTwoMessage,broadcastBannerTwoTone,broadcastBannerThreeTitle,broadcastBannerThreeMessage,broadcastBannerThreeTone 200 in 433ms
 GET /api/user-preferences 200 in 496ms
 GET /api/settings/system-settings?keys=broadcastBannerActiveId,broadcastBannerOneTitle,broadcastBannerOneMessage,broadcastBannerOneTone,broadcastBannerTwoTitle,broadcastBannerTwoMessage,broadcastBannerTwoTone,broadcastBannerThreeTitle,broadcastBannerThreeMessage,broadcastBannerThreeTone 200 in 425ms
 GET /api/settings/system-settings?keys=broadcastBannerActiveId,broadcastBannerOneTitle,broadcastBannerOneMessage,broadcastBannerOneTone,broadcastBannerTwoTitle,broadcastBannerTwoMessage,broadcastBannerTwoTone,broadcastBannerThreeTitle,broadcastBannerThreeMessage,broadcastBannerThreeTone 200 in 416ms
 GET /api/settings/system-settings?keys=broadcastBannerActiveId,broadcastBannerOneTitle,broadcastBannerOneMessage,broadcastBannerOneTone,broadcastBannerTwoTitle,broadcastBannerTwoMessage,broadcastBannerTwoTone,broadcastBannerThreeTitle,broadcastBannerThreeMessage,broadcastBannerThreeTone 200 in 410ms
 GET /api/settings/system-settings?keys=broadcastBannerActiveId,broadcastBannerOneTitle,broadcastBannerOneMessage,broadcastBannerOneTone,broadcastBannerTwoTitle,broadcastBannerTwoMessage,broadcastBannerTwoTone,broadcastBannerThreeTitle,broadcastBannerThreeMessage,broadcastBannerThreeTone 200 in 422ms
 GET /api/settings/system-settings?keys=broadcastBannerActiveId,broadcastBannerOneTitle,broadcastBannerOneMessage,broadcastBannerOneTone,broadcastBannerTwoTitle,broadcastBannerTwoMessage,broadcastBannerTwoTone,broadcastBannerThreeTitle,broadcastBannerThreeMessage,broadcastBannerThreeTone 200 in 510ms
 GET /api/settings/system-settings?keys=broadcastBannerActiveId,broadcastBannerOneTitle,broadcastBannerOneMessage,broadcastBannerOneTone,broadcastBannerTwoTitle,broadcastBannerTwoMessage,broadcastBannerTwoTone,broadcastBannerThreeTitle,broadcastBannerThreeMessage,broadcastBannerThreeTone 200 in 590ms
 GET /api/user-preferences 200 in 531ms
 GET /api/auth/session 200 in 533ms
 GET /api/settings/system-settings?keys=appLogoDataUrl%2CappName%2CshowLogoOnly%2CsidebarLogoSize%2CcollapsedSidebarLogoSize%2CsidebarLogoCollapsedLightMode%2CsidebarLogoExpandedLightMode%2CsidebarLogoCollapsedDarkMode%2CsidebarLogoExpandedDarkMode%2CthemePreference%2CprimaryGradient%2CprimaryButtonShadowL%2CprimaryButtonShadowHoverL%2CprimaryButtonShadowD%2CprimaryButtonShadowHoverD%2CsidebarBackgroundType%2CsidebarBackgroundImageUrl%2CsidebarBackgroundImageFit%2CsidebarBackgroundImagePosition%2CsidebarNavigationMode%2CsidebarSecondaryGroupLabels%2CsidebarBgStartL%2CsidebarBgEndL%2CsidebarTextL%2CsidebarActiveBgStartL%2CsidebarActiveBgEndL%2CsidebarActiveTextL%2CsidebarHoverBgL%2CsidebarHoverTextL%2CsidebarBorderL%2CbuttonTextColorL%2CbuttonTextColorD%2CsidebarBgStartD%2CsidebarBgEndD%2CsidebarTextD%2CsidebarActiveBgStartD%2CsidebarActiveBgEndD%2CsidebarActiveTextD%2CsidebarHoverBgD%2CsidebarHoverTextD%2CsidebarBorderD%2CsidebarFontFamilyL%2CsidebarFontSizeL%2CsidebarFontWeightL%2CsidebarLineHeightL%2CsidebarLetterSpacingL%2CsidebarTextTransformL%2CsidebarFontFamilyD%2CsidebarFontSizeD%2CsidebarFontWeightD%2CsidebarLineHeightD%2CsidebarLetterSpacingD%2CsidebarTextTransformD%2CsidebarBorderWidthL%2CsidebarBorderStyleL%2CsidebarBorderRadiusL%2CsidebarShadowL%2CsidebarShadowHoverL%2CsidebarShadowActiveL%2CsidebarBorderWidthD%2CsidebarBorderStyleD%2CsidebarBorderRadiusD%2CsidebarShadowD%2CsidebarShadowHoverD%2CsidebarShadowActiveD%2CsidebarPaddingXL%2CsidebarPaddingYL%2CsidebarMarginL%2CsidebarGapL%2CsidebarWidthL%2CsidebarWidthCollapsedL%2CsidebarTransitionDurationL%2CsidebarTransitionTimingL%2CsidebarPaddingXD%2CsidebarPaddingYD%2CsidebarMarginD%2CsidebarGapD%2CsidebarWidthD%2CsidebarWidthCollapsedD%2CsidebarTransitionDurationD%2CsidebarTransitionTimingD%2CsidebarMenuItemBgL%2CsidebarMenuItemBgHoverL%2CsidebarMenuItemBgActiveL%2CsidebarMenuItemColorL%2CsidebarMenuItemColorHoverL%2CsidebarMenuItemColorActiveL%2CsidebarMenuItemBorderL%2CsidebarMenuItemBorderHoverL%2CsidebarMenuItemBorderActiveL%2CsidebarMenuItemBorderRadiusL%2CsidebarMenuItemPaddingXL%2CsidebarMenuItemPaddingYL%2CsidebarMenuItemMarginL%2CsidebarMenuItemFontWeightL%2CsidebarMenuItemFontWeightActiveL%2CsidebarMenuItemFontSizeL%2CsidebarMenuItemLineHeightL%2CsidebarMenuItemTransitionL%2CsidebarMenuItemBgD%2CsidebarMenuItemBgHoverD%2CsidebarMenuItemBgActiveD%2CsidebarMenuItemColorD%2CsidebarMenuItemColorHoverD%2CsidebarMenuItemColorActiveD%2CsidebarMenuItemBorderD%2CsidebarMenuItemBorderHoverD%2CsidebarMenuItemBorderActiveD%2CsidebarMenuItemBorderRadiusD%2CsidebarMenuItemPaddingXD%2CsidebarMenuItemPaddingYD%2CsidebarMenuItemMarginD%2CsidebarMenuItemFontWeightD%2CsidebarMenuItemFontWeightActiveD%2CsidebarMenuItemFontSizeD%2CsidebarMenuItemLineHeightD%2CsidebarMenuItemTransitionD%2CsidebarIconSizeL%2CsidebarIconColorL%2CsidebarIconColorHoverL%2CsidebarIconColorActiveL%2CsidebarIconMarginRightL%2CsidebarIconTransitionL%2CsidebarIconSizeD%2CsidebarIconColorD%2CsidebarIconColorHoverD%2CsidebarIconColorActiveD%2CsidebarIconMarginRightD%2CsidebarIconTransitionD%2CsidebarGroupLabelColorL%2CsidebarGroupLabelFontSizeL%2CsidebarGroupLabelFontWeightL%2CsidebarGroupLabelTextTransformL%2CsidebarGroupLabelLetterSpacingL%2CsidebarGroupLabelPaddingL%2CsidebarGroupLabelMarginL%2CsidebarGroupLabelColorD%2CsidebarGroupLabelFontSizeD%2CsidebarGroupLabelFontWeightD%2CsidebarGroupLabelTextTransformD%2CsidebarGroupLabelLetterSpacingD%2CsidebarGroupLabelPaddingD%2CsidebarGroupLabelMarginD 200 in 483ms
 GET /api/settings/system-settings?keys=appName%2CappLogoDataUrl%2CappFaviconDataUrl%2CorganizationLogoDataUrl%2CappThemePreference%2CshowLogoOnly%2CsidebarLogoSize%2CsidebarLogoCollapsedLightMode%2CsidebarLogoExpandedLightMode%2CsidebarLogoCollapsedDarkMode%2CsidebarLogoExpandedDarkMode%2CloginPageLogoLightMode%2CloginPageLogoDarkMode%2CsplashBackgroundColor%2CsplashLogoDataUrl%2CsplashAnimationType%2CpwaEnabled%2CpwaThemeColor%2CpwaBackgroundColor%2CpwaAppleMobileWebAppTitle%2CpwaAppleMobileWebAppStatusBarStyle%2CrightClickProtectionEnabled%2CscreenCaptureProtectionEnabled 200 in 1213ms
 GET /api/sse 200 in 154544ms
 GET /api/sse 200 in 152539ms
 GET /api/upload-queue/health 200 in 2128ms
 GET /api/broadcast/active 200 in 2990ms
 GET /api/privacy-support/categories 200 in 1065ms
 GET /api/settings/platform-setup/status 200 in 745ms
 GET /api/realtime/notifications?limit=50 200 in 576ms
 GET /api/broadcast/active 200 in 875ms
 GET /api/privacy-support/categories 200 in 805ms
 GET /api/settings/system-settings?keys=drawerStyle 200 in 467ms
 GET /api/settings/platform-setup/status 200 in 837ms
 GET /api/broadcast/active 200 in 835ms
 GET /api/settings/user-teams 200 in 508ms
 GET /api/settings/user-groups 200 in 626ms
 GET /api/user-preferences 200 in 500ms
 GET /api/users?page=1&pageSize=10 200 in 1201ms
 GET /api/upload-queue/health 200 in 590ms
 GET /api/broadcast/active 200 in 904ms
 GET /api/settings/system-settings?keys=drawerStyle 200 in 417ms
 GET /api/settings/user-teams 200 in 472ms
 GET /api/settings/user-groups 200 in 527ms
 GET /api/users?page=1&pageSize=10 200 in 671ms
 GET /api/user-preferences 200 in 780ms
 GET /api/upload-queue/health 200 in 594ms
 GET /api/upload-queue/health 200 in 545ms
 GET /api/upload-queue/health 200 in 574ms
 GET /api/upload-queue/health 200 in 564ms
 GET /api/upload-queue/health 200 in 564ms
 GET /api/settings/system-settings?keys=broadcastBannerActiveId,broadcastBannerOneTitle,broadcastBannerOneMessage,broadcastBannerOneTone,broadcastBannerTwoTitle,broadcastBannerTwoMessage,broadcastBannerTwoTone,broadcastBannerThreeTitle,broadcastBannerThreeMessage,broadcastBannerThreeTone 200 in 412ms
 GET /api/user-preferences 200 in 521ms
 GET /api/broadcast/active 200 in 810ms
 GET /api/settings/system-settings?keys=broadcastBannerActiveId,broadcastBannerOneTitle,broadcastBannerOneMessage,broadcastBannerOneTone,broadcastBannerTwoTitle,broadcastBannerTwoMessage,broadcastBannerTwoTone,broadcastBannerThreeTitle,broadcastBannerThreeMessage,broadcastBannerThreeTone 200 in 414ms
 GET /icon.png?icon.31d034ff.png 200 in 451ms
 GET /api/user-preferences 200 in 557ms
 GET /api/auth/session 200 in 471ms
 GET /api/settings/system-settings?keys=appLogoDataUrl%2CappName%2CshowLogoOnly%2CsidebarLogoSize%2CcollapsedSidebarLogoSize%2CsidebarLogoCollapsedLightMode%2CsidebarLogoExpandedLightMode%2CsidebarLogoCollapsedDarkMode%2CsidebarLogoExpandedDarkMode%2CthemePreference%2CprimaryGradient%2CprimaryButtonShadowL%2CprimaryButtonShadowHoverL%2CprimaryButtonShadowD%2CprimaryButtonShadowHoverD%2CsidebarBackgroundType%2CsidebarBackgroundImageUrl%2CsidebarBackgroundImageFit%2CsidebarBackgroundImagePosition%2CsidebarNavigationMode%2CsidebarSecondaryGroupLabels%2CsidebarBgStartL%2CsidebarBgEndL%2CsidebarTextL%2CsidebarActiveBgStartL%2CsidebarActiveBgEndL%2CsidebarActiveTextL%2CsidebarHoverBgL%2CsidebarHoverTextL%2CsidebarBorderL%2CbuttonTextColorL%2CbuttonTextColorD%2CsidebarBgStartD%2CsidebarBgEndD%2CsidebarTextD%2CsidebarActiveBgStartD%2CsidebarActiveBgEndD%2CsidebarActiveTextD%2CsidebarHoverBgD%2CsidebarHoverTextD%2CsidebarBorderD%2CsidebarFontFamilyL%2CsidebarFontSizeL%2CsidebarFontWeightL%2CsidebarLineHeightL%2CsidebarLetterSpacingL%2CsidebarTextTransformL%2CsidebarFontFamilyD%2CsidebarFontSizeD%2CsidebarFontWeightD%2CsidebarLineHeightD%2CsidebarLetterSpacingD%2CsidebarTextTransformD%2CsidebarBorderWidthL%2CsidebarBorderStyleL%2CsidebarBorderRadiusL%2CsidebarShadowL%2CsidebarShadowHoverL%2CsidebarShadowActiveL%2CsidebarBorderWidthD%2CsidebarBorderStyleD%2CsidebarBorderRadiusD%2CsidebarShadowD%2CsidebarShadowHoverD%2CsidebarShadowActiveD%2CsidebarPaddingXL%2CsidebarPaddingYL%2CsidebarMarginL%2CsidebarGapL%2CsidebarWidthL%2CsidebarWidthCollapsedL%2CsidebarTransitionDurationL%2CsidebarTransitionTimingL%2CsidebarPaddingXD%2CsidebarPaddingYD%2CsidebarMarginD%2CsidebarGapD%2CsidebarWidthD%2CsidebarWidthCollapsedD%2CsidebarTransitionDurationD%2CsidebarTransitionTimingD%2CsidebarMenuItemBgL%2CsidebarMenuItemBgHoverL%2CsidebarMenuItemBgActiveL%2CsidebarMenuItemColorL%2CsidebarMenuItemColorHoverL%2CsidebarMenuItemColorActiveL%2CsidebarMenuItemBorderL%2CsidebarMenuItemBorderHoverL%2CsidebarMenuItemBorderActiveL%2CsidebarMenuItemBorderRadiusL%2CsidebarMenuItemPaddingXL%2CsidebarMenuItemPaddingYL%2CsidebarMenuItemMarginL%2CsidebarMenuItemFontWeightL%2CsidebarMenuItemFontWeightActiveL%2CsidebarMenuItemFontSizeL%2CsidebarMenuItemLineHeightL%2CsidebarMenuItemTransitionL%2CsidebarMenuItemBgD%2CsidebarMenuItemBgHoverD%2CsidebarMenuItemBgActiveD%2CsidebarMenuItemColorD%2CsidebarMenuItemColorHoverD%2CsidebarMenuItemColorActiveD%2CsidebarMenuItemBorderD%2CsidebarMenuItemBorderHoverD%2CsidebarMenuItemBorderActiveD%2CsidebarMenuItemBorderRadiusD%2CsidebarMenuItemPaddingXD%2CsidebarMenuItemPaddingYD%2CsidebarMenuItemMarginD%2CsidebarMenuItemFontWeightD%2CsidebarMenuItemFontWeightActiveD%2CsidebarMenuItemFontSizeD%2CsidebarMenuItemLineHeightD%2CsidebarMenuItemTransitionD%2CsidebarIconSizeL%2CsidebarIconColorL%2CsidebarIconColorHoverL%2CsidebarIconColorActiveL%2CsidebarIconMarginRightL%2CsidebarIconTransitionL%2CsidebarIconSizeD%2CsidebarIconColorD%2CsidebarIconColorHoverD%2CsidebarIconColorActiveD%2CsidebarIconMarginRightD%2CsidebarIconTransitionD%2CsidebarGroupLabelColorL%2CsidebarGroupLabelFontSizeL%2CsidebarGroupLabelFontWeightL%2CsidebarGroupLabelTextTransformL%2CsidebarGroupLabelLetterSpacingL%2CsidebarGroupLabelPaddingL%2CsidebarGroupLabelMarginL%2CsidebarGroupLabelColorD%2CsidebarGroupLabelFontSizeD%2CsidebarGroupLabelFontWeightD%2CsidebarGroupLabelTextTransformD%2CsidebarGroupLabelLetterSpacingD%2CsidebarGroupLabelPaddingD%2CsidebarGroupLabelMarginD 200 in 441ms
 GET /api/settings/system-settings?keys=appName%2CappLogoDataUrl%2CappFaviconDataUrl%2CorganizationLogoDataUrl%2CappThemePreference%2CshowLogoOnly%2CsidebarLogoSize%2CsidebarLogoCollapsedLightMode%2CsidebarLogoExpandedLightMode%2CsidebarLogoCollapsedDarkMode%2CsidebarLogoExpandedDarkMode%2CloginPageLogoLightMode%2CloginPageLogoDarkMode%2CsplashBackgroundColor%2CsplashLogoDataUrl%2CsplashAnimationType%2CpwaEnabled%2CpwaThemeColor%2CpwaBackgroundColor%2CpwaAppleMobileWebAppTitle%2CpwaAppleMobileWebAppStatusBarStyle%2CrightClickProtectionEnabled%2CscreenCaptureProtectionEnabled 200 in 1026ms
 GET /api/settings/system-settings?keys=broadcastBannerActiveId,broadcastBannerOneTitle,broadcastBannerOneMessage,broadcastBannerOneTone,broadcastBannerTwoTitle,broadcastBannerTwoMessage,broadcastBannerTwoTone,broadcastBannerThreeTitle,broadcastBannerThreeMessage,broadcastBannerThreeTone 200 in 421ms
 GET /api/broadcast/active 200 in 844ms
 GET /api/upload-queue/health 200 in 572ms
 GET /api/privacy-support/categories 200 in 963ms
 GET /api/settings/platform-setup/status 200 in 749ms
 GET /api/realtime/notifications?limit=50 200 in 498ms
 GET /api/broadcast/active 200 in 830ms
 GET /api/privacy-support/categories 200 in 831ms
 GET /api/settings/platform-setup/status 200 in 747ms
 GET /api/settings/system-settings?keys=drawerStyle 200 in 468ms
 GET /api/broadcast/active 200 in 1185ms
 GET /api/settings/user-teams 200 in 489ms
 GET /api/settings/user-groups 200 in 496ms
 GET /api/users?page=1&pageSize=10 200 in 959ms
 GET /api/user-preferences 200 in 531ms
 GET /api/broadcast/active 200 in 944ms
 GET /api/settings/system-settings?keys=broadcastBannerActiveId,broadcastBannerOneTitle,broadcastBannerOneMessage,broadcastBannerOneTone,broadcastBannerTwoTitle,broadcastBannerTwoMessage,broadcastBannerTwoTone,broadcastBannerThreeTitle,broadcastBannerThreeMessage,broadcastBannerThreeTone 200 in 438ms
 GET /api/upload-queue/health 200 in 609ms
 GET /api/settings/system-settings?keys=drawerStyle 200 in 433ms
 GET /api/settings/user-teams 200 in 526ms
 GET /api/settings/user-groups 200 in 540ms
 GET /api/users?page=1&pageSize=10 200 in 676ms
 GET /api/user-preferences 200 in 511ms
 GET /api/broadcast/active 200 in 941ms
 GET /api/settings/system-settings?keys=broadcastBannerActiveId,broadcastBannerOneTitle,broadcastBannerOneMessage,broadcastBannerOneTone,broadcastBannerTwoTitle,broadcastBannerTwoMessage,broadcastBannerTwoTone,broadcastBannerThreeTitle,broadcastBannerThreeMessage,broadcastBannerThreeTone 200 in 431ms
 GET /api/user-preferences 200 in 541ms
 GET /api/settings/system-settings?keys=broadcastBannerActiveId,broadcastBannerOneTitle,broadcastBannerOneMessage,broadcastBannerOneTone,broadcastBannerTwoTitle,broadcastBannerTwoMessage,broadcastBannerTwoTone,broadcastBannerThreeTitle,broadcastBannerThreeMessage,broadcastBannerThreeTone 200 in 439ms
 GET /api/settings/system-settings?keys=broadcastBannerActiveId,broadcastBannerOneTitle,broadcastBannerOneMessage,broadcastBannerOneTone,broadcastBannerTwoTitle,broadcastBannerTwoMessage,broadcastBannerTwoTone,broadcastBannerThreeTitle,broadcastBannerThreeMessage,broadcastBannerThreeTone 200 in 418ms
 GET /api/settings/system-settings?keys=broadcastBannerActiveId,broadcastBannerOneTitle,broadcastBannerOneMessage,broadcastBannerOneTone,broadcastBannerTwoTitle,broadcastBannerTwoMessage,broadcastBannerTwoTone,broadcastBannerThreeTitle,broadcastBannerThreeMessage,broadcastBannerThreeTone 200 in 416ms
 GET /api/settings/system-settings?keys=broadcastBannerActiveId,broadcastBannerOneTitle,broadcastBannerOneMessage,broadcastBannerOneTone,broadcastBannerTwoTitle,broadcastBannerTwoMessage,broadcastBannerTwoTone,broadcastBannerThreeTitle,broadcastBannerThreeMessage,broadcastBannerThreeTone 200 in 415ms
 GET /api/settings/system-settings?keys=broadcastBannerActiveId,broadcastBannerOneTitle,broadcastBannerOneMessage,broadcastBannerOneTone,broadcastBannerTwoTitle,broadcastBannerTwoMessage,broadcastBannerTwoTone,broadcastBannerThreeTitle,broadcastBannerThreeMessage,broadcastBannerThreeTone 200 in 432ms
 GET /api/upload-queue/health 200 in 606ms
 GET /api/upload-queue/health 200 in 1001ms
 GET /api/auth/session 200 in 733ms
 GET /api/upload-queue/health 200 in 580ms
 GET /api/upload-queue/health 200 in 855ms
 GET /api/upload-queue/health 200 in 914ms
 GET /api/upload-queue/health 200 in 860ms
 GET /api/upload-queue/health 200 in 887ms
 GET /api/upload-queue/health 200 in 839ms
 ✓ Compiled in 444ms
 GET /api/upload-queue/health 200 in 845ms
 ✓ Compiled in 907ms
 GET /payroll/compensation?preview=1 200 in 630ms
 GET /payroll/compensation 200 in 1035ms
 GET /settings?adminTab=user-accounts 200 in 905ms
 GET /learning/career-explorer 200 in 545ms
 GET /settings?adminTab=hr-setup&config=onboarding&setupView=map 200 in 254ms
 GET /settings?adminTab=user-accounts 200 in 246ms
 GET /api/upload-queue/health 200 in 865ms
 GET /api/upload-queue/health 200 in 871ms
 ✓ Compiled in 489ms
 GET /api/upload-queue/health 200 in 881ms
 GET /payroll/benefits 200 in 333ms
 GET /api/broadcast/active 200 in 1218ms
 GET /api/payroll/workspace/benefits 200 in 1465ms
 GET /api/settings/platform-setup/status 200 in 764ms
 GET /api/payroll/workspace/benefits 200 in 1632ms
 GET /api/settings/system-settings?keys=broadcastBannerActiveId,broadcastBannerOneTitle,broadcastBannerOneMessage,broadcastBannerOneTone,broadcastBannerTwoTitle,broadcastBannerTwoMessage,broadcastBannerTwoTone,broadcastBannerThreeTitle,broadcastBannerThreeMessage,broadcastBannerThreeTone 200 in 424ms
 ✓ Compiled /api/settings/dropdown-options in 162ms
 GET /api/settings/dropdown-options?key=benefit_plan_types 200 in 682ms
 GET /api/upload-queue/health 200 in 568ms
 GET /api/settings/dropdown-options?key=benefit_plan_types 200 in 526ms
 GET /payroll 200 in 752ms
 GET /api/user-preferences 200 in 914ms
 GET /api/sse 200 in 1531851ms
 GET /settings?adminTab=hr-setup&config=onboarding&setupView=map 200 in 800ms
 GET /api/auth/session 200 in 747ms
 GET /api/settings/system-settings?keys=appLogoDataUrl%2CappName%2CshowLogoOnly%2CsidebarLogoSize%2CcollapsedSidebarLogoSize%2CsidebarLogoCollapsedLightMode%2CsidebarLogoExpandedLightMode%2CsidebarLogoCollapsedDarkMode%2CsidebarLogoExpandedDarkMode%2CthemePreference%2CprimaryGradient%2CprimaryButtonShadowL%2CprimaryButtonShadowHoverL%2CprimaryButtonShadowD%2CprimaryButtonShadowHoverD%2CsidebarBackgroundType%2CsidebarBackgroundImageUrl%2CsidebarBackgroundImageFit%2CsidebarBackgroundImagePosition%2CsidebarNavigationMode%2CsidebarSecondaryGroupLabels%2CsidebarBgStartL%2CsidebarBgEndL%2CsidebarTextL%2CsidebarActiveBgStartL%2CsidebarActiveBgEndL%2CsidebarActiveTextL%2CsidebarHoverBgL%2CsidebarHoverTextL%2CsidebarBorderL%2CbuttonTextColorL%2CbuttonTextColorD%2CsidebarBgStartD%2CsidebarBgEndD%2CsidebarTextD%2CsidebarActiveBgStartD%2CsidebarActiveBgEndD%2CsidebarActiveTextD%2CsidebarHoverBgD%2CsidebarHoverTextD%2CsidebarBorderD%2CsidebarFontFamilyL%2CsidebarFontSizeL%2CsidebarFontWeightL%2CsidebarLineHeightL%2CsidebarLetterSpacingL%2CsidebarTextTransformL%2CsidebarFontFamilyD%2CsidebarFontSizeD%2CsidebarFontWeightD%2CsidebarLineHeightD%2CsidebarLetterSpacingD%2CsidebarTextTransformD%2CsidebarBorderWidthL%2CsidebarBorderStyleL%2CsidebarBorderRadiusL%2CsidebarShadowL%2CsidebarShadowHoverL%2CsidebarShadowActiveL%2CsidebarBorderWidthD%2CsidebarBorderStyleD%2CsidebarBorderRadiusD%2CsidebarShadowD%2CsidebarShadowHoverD%2CsidebarShadowActiveD%2CsidebarPaddingXL%2CsidebarPaddingYL%2CsidebarMarginL%2CsidebarGapL%2CsidebarWidthL%2CsidebarWidthCollapsedL%2CsidebarTransitionDurationL%2CsidebarTransitionTimingL%2CsidebarPaddingXD%2CsidebarPaddingYD%2CsidebarMarginD%2CsidebarGapD%2CsidebarWidthD%2CsidebarWidthCollapsedD%2CsidebarTransitionDurationD%2CsidebarTransitionTimingD%2CsidebarMenuItemBgL%2CsidebarMenuItemBgHoverL%2CsidebarMenuItemBgActiveL%2CsidebarMenuItemColorL%2CsidebarMenuItemColorHoverL%2CsidebarMenuItemColorActiveL%2CsidebarMenuItemBorderL%2CsidebarMenuItemBorderHoverL%2CsidebarMenuItemBorderActiveL%2CsidebarMenuItemBorderRadiusL%2CsidebarMenuItemPaddingXL%2CsidebarMenuItemPaddingYL%2CsidebarMenuItemMarginL%2CsidebarMenuItemFontWeightL%2CsidebarMenuItemFontWeightActiveL%2CsidebarMenuItemFontSizeL%2CsidebarMenuItemLineHeightL%2CsidebarMenuItemTransitionL%2CsidebarMenuItemBgD%2CsidebarMenuItemBgHoverD%2CsidebarMenuItemBgActiveD%2CsidebarMenuItemColorD%2CsidebarMenuItemColorHoverD%2CsidebarMenuItemColorActiveD%2CsidebarMenuItemBorderD%2CsidebarMenuItemBorderHoverD%2CsidebarMenuItemBorderActiveD%2CsidebarMenuItemBorderRadiusD%2CsidebarMenuItemPaddingXD%2CsidebarMenuItemPaddingYD%2CsidebarMenuItemMarginD%2CsidebarMenuItemFontWeightD%2CsidebarMenuItemFontWeightActiveD%2CsidebarMenuItemFontSizeD%2CsidebarMenuItemLineHeightD%2CsidebarMenuItemTransitionD%2CsidebarIconSizeL%2CsidebarIconColorL%2CsidebarIconColorHoverL%2CsidebarIconColorActiveL%2CsidebarIconMarginRightL%2CsidebarIconTransitionL%2CsidebarIconSizeD%2CsidebarIconColorD%2CsidebarIconColorHoverD%2CsidebarIconColorActiveD%2CsidebarIconMarginRightD%2CsidebarIconTransitionD%2CsidebarGroupLabelColorL%2CsidebarGroupLabelFontSizeL%2CsidebarGroupLabelFontWeightL%2CsidebarGroupLabelTextTransformL%2CsidebarGroupLabelLetterSpacingL%2CsidebarGroupLabelPaddingL%2CsidebarGroupLabelMarginL%2CsidebarGroupLabelColorD%2CsidebarGroupLabelFontSizeD%2CsidebarGroupLabelFontWeightD%2CsidebarGroupLabelTextTransformD%2CsidebarGroupLabelLetterSpacingD%2CsidebarGroupLabelPaddingD%2CsidebarGroupLabelMarginD 200 in 745ms
 GET /api/settings/system-settings?keys=appName%2CappLogoDataUrl%2CappFaviconDataUrl%2CorganizationLogoDataUrl%2CappThemePreference%2CshowLogoOnly%2CsidebarLogoSize%2CsidebarLogoCollapsedLightMode%2CsidebarLogoExpandedLightMode%2CsidebarLogoCollapsedDarkMode%2CsidebarLogoExpandedDarkMode%2CloginPageLogoLightMode%2CloginPageLogoDarkMode%2CsplashBackgroundColor%2CsplashLogoDataUrl%2CsplashAnimationType%2CpwaEnabled%2CpwaThemeColor%2CpwaBackgroundColor%2CpwaAppleMobileWebAppTitle%2CpwaAppleMobileWebAppStatusBarStyle%2CrightClickProtectionEnabled%2CscreenCaptureProtectionEnabled 200 in 995ms
 GET /api/broadcast/active 200 in 841ms
 GET /api/upload-queue/health 200 in 680ms
 GET /api/payroll/workspace/overview 200 in 1078ms
 GET /api/privacy-support/categories 200 in 895ms
 GET /api/settings/platform-setup/status 200 in 741ms
 GET /api/realtime/notifications?limit=50 200 in 553ms
 GET /api/broadcast/active 200 in 1246ms
 GET /api/payroll/workspace/overview 200 in 878ms
 GET /api/privacy-support/categories 200 in 785ms
 GET /api/settings/platform-setup/status 200 in 747ms
 GET /api/settings/system-settings?keys=drawerStyle 200 in 428ms
 GET /api/broadcast/active 200 in 826ms
 GET /api/payroll/workspace/overview 200 in 853ms
 GET /api/user-preferences 200 in 602ms
 GET /api/broadcast/active 200 in 1194ms
 GET /api/payroll/workspace/overview 200 in 1156ms
 GET /api/settings/system-settings?keys=broadcastBannerActiveId,broadcastBannerOneTitle,broadcastBannerOneMessage,broadcastBannerOneTone,broadcastBannerTwoTitle,broadcastBannerTwoMessage,broadcastBannerTwoTone,broadcastBannerThreeTitle,broadcastBannerThreeMessage,broadcastBannerThreeTone 200 in 442ms
 ✓ Compiled in 335ms
 GET /payroll/compensation?preview=1&recoveredChunkLoad=1 200 in 705ms
 GET /api/upload-queue/health 200 in 1087ms
 ○ Compiling /people/[id] ...
 GET /api/settings/system-settings?keys=appLogoDataUrl%2CappName%2CshowLogoOnly%2CsidebarLogoSize%2CcollapsedSidebarLogoSize%2CsidebarLogoCollapsedLightMode%2CsidebarLogoExpandedLightMode%2CsidebarLogoCollapsedDarkMode%2CsidebarLogoExpandedDarkMode%2CthemePreference%2CprimaryGradient%2CprimaryButtonShadowL%2CprimaryButtonShadowHoverL%2CprimaryButtonShadowD%2CprimaryButtonShadowHoverD%2CsidebarBackgroundType%2CsidebarBackgroundImageUrl%2CsidebarBackgroundImageFit%2CsidebarBackgroundImagePosition%2CsidebarNavigationMode%2CsidebarSecondaryGroupLabels%2CsidebarBgStartL%2CsidebarBgEndL%2CsidebarTextL%2CsidebarActiveBgStartL%2CsidebarActiveBgEndL%2CsidebarActiveTextL%2CsidebarHoverBgL%2CsidebarHoverTextL%2CsidebarBorderL%2CbuttonTextColorL%2CbuttonTextColorD%2CsidebarBgStartD%2CsidebarBgEndD%2CsidebarTextD%2CsidebarActiveBgStartD%2CsidebarActiveBgEndD%2CsidebarActiveTextD%2CsidebarHoverBgD%2CsidebarHoverTextD%2CsidebarBorderD%2CsidebarFontFamilyL%2CsidebarFontSizeL%2CsidebarFontWeightL%2CsidebarLineHeightL%2CsidebarLetterSpacingL%2CsidebarTextTransformL%2CsidebarFontFamilyD%2CsidebarFontSizeD%2CsidebarFontWeightD%2CsidebarLineHeightD%2CsidebarLetterSpacingD%2CsidebarTextTransformD%2CsidebarBorderWidthL%2CsidebarBorderStyleL%2CsidebarBorderRadiusL%2CsidebarShadowL%2CsidebarShadowHoverL%2CsidebarShadowActiveL%2CsidebarBorderWidthD%2CsidebarBorderStyleD%2CsidebarBorderRadiusD%2CsidebarShadowD%2CsidebarShadowHoverD%2CsidebarShadowActiveD%2CsidebarPaddingXL%2CsidebarPaddingYL%2CsidebarMarginL%2CsidebarGapL%2CsidebarWidthL%2CsidebarWidthCollapsedL%2CsidebarTransitionDurationL%2CsidebarTransitionTimingL%2CsidebarPaddingXD%2CsidebarPaddingYD%2CsidebarMarginD%2CsidebarGapD%2CsidebarWidthD%2CsidebarWidthCollapsedD%2CsidebarTransitionDurationD%2CsidebarTransitionTimingD%2CsidebarMenuItemBgL%2CsidebarMenuItemBgHoverL%2CsidebarMenuItemBgActiveL%2CsidebarMenuItemColorL%2CsidebarMenuItemColorHoverL%2CsidebarMenuItemColorActiveL%2CsidebarMenuItemBorderL%2CsidebarMenuItemBorderHoverL%2CsidebarMenuItemBorderActiveL%2CsidebarMenuItemBorderRadiusL%2CsidebarMenuItemPaddingXL%2CsidebarMenuItemPaddingYL%2CsidebarMenuItemMarginL%2CsidebarMenuItemFontWeightL%2CsidebarMenuItemFontWeightActiveL%2CsidebarMenuItemFontSizeL%2CsidebarMenuItemLineHeightL%2CsidebarMenuItemTransitionL%2CsidebarMenuItemBgD%2CsidebarMenuItemBgHoverD%2CsidebarMenuItemBgActiveD%2CsidebarMenuItemColorD%2CsidebarMenuItemColorHoverD%2CsidebarMenuItemColorActiveD%2CsidebarMenuItemBorderD%2CsidebarMenuItemBorderHoverD%2CsidebarMenuItemBorderActiveD%2CsidebarMenuItemBorderRadiusD%2CsidebarMenuItemPaddingXD%2CsidebarMenuItemPaddingYD%2CsidebarMenuItemMarginD%2CsidebarMenuItemFontWeightD%2CsidebarMenuItemFontWeightActiveD%2CsidebarMenuItemFontSizeD%2CsidebarMenuItemLineHeightD%2CsidebarMenuItemTransitionD%2CsidebarIconSizeL%2CsidebarIconColorL%2CsidebarIconColorHoverL%2CsidebarIconColorActiveL%2CsidebarIconMarginRightL%2CsidebarIconTransitionL%2CsidebarIconSizeD%2CsidebarIconColorD%2CsidebarIconColorHoverD%2CsidebarIconColorActiveD%2CsidebarIconMarginRightD%2CsidebarIconTransitionD%2CsidebarGroupLabelColorL%2CsidebarGroupLabelFontSizeL%2CsidebarGroupLabelFontWeightL%2CsidebarGroupLabelTextTransformL%2CsidebarGroupLabelLetterSpacingL%2CsidebarGroupLabelPaddingL%2CsidebarGroupLabelMarginL%2CsidebarGroupLabelColorD%2CsidebarGroupLabelFontSizeD%2CsidebarGroupLabelFontWeightD%2CsidebarGroupLabelTextTransformD%2CsidebarGroupLabelLetterSpacingD%2CsidebarGroupLabelPaddingD%2CsidebarGroupLabelMarginD 200 in 692ms
 ✓ Compiled /people/[id] in 1538ms
 GET /people/9180a346-84c7-4341-b550-8ac2f1b4e7b0?tab=Payroll 200 in 2402ms
 GET /api/settings/system-settings?keys=appName%2CappLogoDataUrl%2CappFaviconDataUrl%2CorganizationLogoDataUrl%2CappThemePreference%2CshowLogoOnly%2CsidebarLogoSize%2CsidebarLogoCollapsedLightMode%2CsidebarLogoExpandedLightMode%2CsidebarLogoCollapsedDarkMode%2CsidebarLogoExpandedDarkMode%2CloginPageLogoLightMode%2CloginPageLogoDarkMode%2CsplashBackgroundColor%2CsplashLogoDataUrl%2CsplashAnimationType%2CpwaEnabled%2CpwaThemeColor%2CpwaBackgroundColor%2CpwaAppleMobileWebAppTitle%2CpwaAppleMobileWebAppStatusBarStyle%2CrightClickProtectionEnabled%2CscreenCaptureProtectionEnabled 200 in 2527ms
 GET /api/settings/system-settings?keys=drawerStyle 200 in 617ms
 GET /api/user-preferences 200 in 1195ms
 GET /api/broadcast/active 200 in 839ms
 GET /api/payroll/workspace/overview 200 in 1129ms
 GET /api/settings/system-settings?keys=broadcastBannerActiveId,broadcastBannerOneTitle,broadcastBannerOneMessage,broadcastBannerOneTone,broadcastBannerTwoTitle,broadcastBannerTwoMessage,broadcastBannerTwoTone,broadcastBannerThreeTitle,broadcastBannerThreeMessage,broadcastBannerThreeTone 200 in 444ms
 GET /api/upload-queue/health 200 in 579ms
 GET /api/broadcast/active 200 in 840ms
 GET /api/settings/platform-setup/status 200 in 760ms
 GET /icon.png?icon.31d034ff.png 200 in 360ms
 GET /api/settings/system-settings?keys=drawerStyle 200 in 423ms
 GET /api/user-preferences 200 in 505ms
 GET /api/settings/system-settings?keys=broadcastBannerActiveId,broadcastBannerOneTitle,broadcastBannerOneMessage,broadcastBannerOneTone,broadcastBannerTwoTitle,broadcastBannerTwoMessage,broadcastBannerTwoTone,broadcastBannerThreeTitle,broadcastBannerThreeMessage,broadcastBannerThreeTone 200 in 480ms
 GET /payroll 200 in 181ms
 GET /api/settings/system-settings?keys=drawerStyle 200 in 534ms
 GET /api/settings/system-settings?keys=broadcastBannerActiveId,broadcastBannerOneTitle,broadcastBannerOneMessage,broadcastBannerOneTone,broadcastBannerTwoTitle,broadcastBannerTwoMessage,broadcastBannerTwoTone,broadcastBannerThreeTitle,broadcastBannerThreeMessage,broadcastBannerThreeTone 200 in 414ms
 GET /api/broadcast/active 200 in 865ms
 GET /api/payroll/workspace/overview 200 in 821ms
 GET /api/settings/platform-setup/status 200 in 765ms
 GET /api/payroll/workspace/overview 200 in 1027ms
 GET /api/settings/system-settings?keys=broadcastBannerActiveId,broadcastBannerOneTitle,broadcastBannerOneMessage,broadcastBannerOneTone,broadcastBannerTwoTitle,broadcastBannerTwoMessage,broadcastBannerTwoTone,broadcastBannerThreeTitle,broadcastBannerThreeMessage,broadcastBannerThreeTone 200 in 453ms
 GET /api/settings/system-settings?keys=drawerStyle 200 in 457ms
 GET /api/settings/system-settings?keys=broadcastBannerActiveId,broadcastBannerOneTitle,broadcastBannerOneMessage,broadcastBannerOneTone,broadcastBannerTwoTitle,broadcastBannerTwoMessage,broadcastBannerTwoTone,broadcastBannerThreeTitle,broadcastBannerThreeMessage,broadcastBannerThreeTone 200 in 430ms
 GET /api/settings/system-settings?keys=drawerStyle 200 in 414ms
 GET /api/settings/system-settings?keys=broadcastBannerActiveId,broadcastBannerOneTitle,broadcastBannerOneMessage,broadcastBannerOneTone,broadcastBannerTwoTitle,broadcastBannerTwoMessage,broadcastBannerTwoTone,broadcastBannerThreeTitle,broadcastBannerThreeMessage,broadcastBannerThreeTone 200 in 424ms
 GET /icon.png?icon.31d034ff.png 200 in 382ms
 GET /api/user-preferences 200 in 512ms
 GET /api/auth/session 200 in 433ms
 GET /api/settings/system-settings?keys=appLogoDataUrl%2CappName%2CshowLogoOnly%2CsidebarLogoSize%2CcollapsedSidebarLogoSize%2CsidebarLogoCollapsedLightMode%2CsidebarLogoExpandedLightMode%2CsidebarLogoCollapsedDarkMode%2CsidebarLogoExpandedDarkMode%2CthemePreference%2CprimaryGradient%2CprimaryButtonShadowL%2CprimaryButtonShadowHoverL%2CprimaryButtonShadowD%2CprimaryButtonShadowHoverD%2CsidebarBackgroundType%2CsidebarBackgroundImageUrl%2CsidebarBackgroundImageFit%2CsidebarBackgroundImagePosition%2CsidebarNavigationMode%2CsidebarSecondaryGroupLabels%2CsidebarBgStartL%2CsidebarBgEndL%2CsidebarTextL%2CsidebarActiveBgStartL%2CsidebarActiveBgEndL%2CsidebarActiveTextL%2CsidebarHoverBgL%2CsidebarHoverTextL%2CsidebarBorderL%2CbuttonTextColorL%2CbuttonTextColorD%2CsidebarBgStartD%2CsidebarBgEndD%2CsidebarTextD%2CsidebarActiveBgStartD%2CsidebarActiveBgEndD%2CsidebarActiveTextD%2CsidebarHoverBgD%2CsidebarHoverTextD%2CsidebarBorderD%2CsidebarFontFamilyL%2CsidebarFontSizeL%2CsidebarFontWeightL%2CsidebarLineHeightL%2CsidebarLetterSpacingL%2CsidebarTextTransformL%2CsidebarFontFamilyD%2CsidebarFontSizeD%2CsidebarFontWeightD%2CsidebarLineHeightD%2CsidebarLetterSpacingD%2CsidebarTextTransformD%2CsidebarBorderWidthL%2CsidebarBorderStyleL%2CsidebarBorderRadiusL%2CsidebarShadowL%2CsidebarShadowHoverL%2CsidebarShadowActiveL%2CsidebarBorderWidthD%2CsidebarBorderStyleD%2CsidebarBorderRadiusD%2CsidebarShadowD%2CsidebarShadowHoverD%2CsidebarShadowActiveD%2CsidebarPaddingXL%2CsidebarPaddingYL%2CsidebarMarginL%2CsidebarGapL%2CsidebarWidthL%2CsidebarWidthCollapsedL%2CsidebarTransitionDurationL%2CsidebarTransitionTimingL%2CsidebarPaddingXD%2CsidebarPaddingYD%2CsidebarMarginD%2CsidebarGapD%2CsidebarWidthD%2CsidebarWidthCollapsedD%2CsidebarTransitionDurationD%2CsidebarTransitionTimingD%2CsidebarMenuItemBgL%2CsidebarMenuItemBgHoverL%2CsidebarMenuItemBgActiveL%2CsidebarMenuItemColorL%2CsidebarMenuItemColorHoverL%2CsidebarMenuItemColorActiveL%2CsidebarMenuItemBorderL%2CsidebarMenuItemBorderHoverL%2CsidebarMenuItemBorderActiveL%2CsidebarMenuItemBorderRadiusL%2CsidebarMenuItemPaddingXL%2CsidebarMenuItemPaddingYL%2CsidebarMenuItemMarginL%2CsidebarMenuItemFontWeightL%2CsidebarMenuItemFontWeightActiveL%2CsidebarMenuItemFontSizeL%2CsidebarMenuItemLineHeightL%2CsidebarMenuItemTransitionL%2CsidebarMenuItemBgD%2CsidebarMenuItemBgHoverD%2CsidebarMenuItemBgActiveD%2CsidebarMenuItemColorD%2CsidebarMenuItemColorHoverD%2CsidebarMenuItemColorActiveD%2CsidebarMenuItemBorderD%2CsidebarMenuItemBorderHoverD%2CsidebarMenuItemBorderActiveD%2CsidebarMenuItemBorderRadiusD%2CsidebarMenuItemPaddingXD%2CsidebarMenuItemPaddingYD%2CsidebarMenuItemMarginD%2CsidebarMenuItemFontWeightD%2CsidebarMenuItemFontWeightActiveD%2CsidebarMenuItemFontSizeD%2CsidebarMenuItemLineHeightD%2CsidebarMenuItemTransitionD%2CsidebarIconSizeL%2CsidebarIconColorL%2CsidebarIconColorHoverL%2CsidebarIconColorActiveL%2CsidebarIconMarginRightL%2CsidebarIconTransitionL%2CsidebarIconSizeD%2CsidebarIconColorD%2CsidebarIconColorHoverD%2CsidebarIconColorActiveD%2CsidebarIconMarginRightD%2CsidebarIconTransitionD%2CsidebarGroupLabelColorL%2CsidebarGroupLabelFontSizeL%2CsidebarGroupLabelFontWeightL%2CsidebarGroupLabelTextTransformL%2CsidebarGroupLabelLetterSpacingL%2CsidebarGroupLabelPaddingL%2CsidebarGroupLabelMarginL%2CsidebarGroupLabelColorD%2CsidebarGroupLabelFontSizeD%2CsidebarGroupLabelFontWeightD%2CsidebarGroupLabelTextTransformD%2CsidebarGroupLabelLetterSpacingD%2CsidebarGroupLabelPaddingD%2CsidebarGroupLabelMarginD 200 in 426ms
 GET /api/settings/system-settings?keys=appName%2CappLogoDataUrl%2CappFaviconDataUrl%2CorganizationLogoDataUrl%2CappThemePreference%2CshowLogoOnly%2CsidebarLogoSize%2CsidebarLogoCollapsedLightMode%2CsidebarLogoExpandedLightMode%2CsidebarLogoCollapsedDarkMode%2CsidebarLogoExpandedDarkMode%2CloginPageLogoLightMode%2CloginPageLogoDarkMode%2CsplashBackgroundColor%2CsplashLogoDataUrl%2CsplashAnimationType%2CpwaEnabled%2CpwaThemeColor%2CpwaBackgroundColor%2CpwaAppleMobileWebAppTitle%2CpwaAppleMobileWebAppStatusBarStyle%2CrightClickProtectionEnabled%2CscreenCaptureProtectionEnabled 200 in 792ms
 ✓ Compiled /settings/onboarding in 73ms
 HEAD /settings/onboarding?adminCenterEmbed=1 200 in 642ms
 ✓ Compiled in 512ms
 ✓ Compiled in 326ms
 GET /payroll/compensation?preview=1 200 in 825ms
 ✓ Compiled in 484ms
 GET /api/settings/system-settings?keys=appLogoDataUrl%2CappName%2CshowLogoOnly%2CsidebarLogoSize%2CcollapsedSidebarLogoSize%2CsidebarLogoCollapsedLightMode%2CsidebarLogoExpandedLightMode%2CsidebarLogoCollapsedDarkMode%2CsidebarLogoExpandedDarkMode%2CthemePreference%2CprimaryGradient%2CprimaryButtonShadowL%2CprimaryButtonShadowHoverL%2CprimaryButtonShadowD%2CprimaryButtonShadowHoverD%2CsidebarBackgroundType%2CsidebarBackgroundImageUrl%2CsidebarBackgroundImageFit%2CsidebarBackgroundImagePosition%2CsidebarNavigationMode%2CsidebarSecondaryGroupLabels%2CsidebarBgStartL%2CsidebarBgEndL%2CsidebarTextL%2CsidebarActiveBgStartL%2CsidebarActiveBgEndL%2CsidebarActiveTextL%2CsidebarHoverBgL%2CsidebarHoverTextL%2CsidebarBorderL%2CbuttonTextColorL%2CbuttonTextColorD%2CsidebarBgStartD%2CsidebarBgEndD%2CsidebarTextD%2CsidebarActiveBgStartD%2CsidebarActiveBgEndD%2CsidebarActiveTextD%2CsidebarHoverBgD%2CsidebarHoverTextD%2CsidebarBorderD%2CsidebarFontFamilyL%2CsidebarFontSizeL%2CsidebarFontWeightL%2CsidebarLineHeightL%2CsidebarLetterSpacingL%2CsidebarTextTransformL%2CsidebarFontFamilyD%2CsidebarFontSizeD%2CsidebarFontWeightD%2CsidebarLineHeightD%2CsidebarLetterSpacingD%2CsidebarTextTransformD%2CsidebarBorderWidthL%2CsidebarBorderStyleL%2CsidebarBorderRadiusL%2CsidebarShadowL%2CsidebarShadowHoverL%2CsidebarShadowActiveL%2CsidebarBorderWidthD%2CsidebarBorderStyleD%2CsidebarBorderRadiusD%2CsidebarShadowD%2CsidebarShadowHoverD%2CsidebarShadowActiveD%2CsidebarPaddingXL%2CsidebarPaddingYL%2CsidebarMarginL%2CsidebarGapL%2CsidebarWidthL%2CsidebarWidthCollapsedL%2CsidebarTransitionDurationL%2CsidebarTransitionTimingL%2CsidebarPaddingXD%2CsidebarPaddingYD%2CsidebarMarginD%2CsidebarGapD%2CsidebarWidthD%2CsidebarWidthCollapsedD%2CsidebarTransitionDurationD%2CsidebarTransitionTimingD%2CsidebarMenuItemBgL%2CsidebarMenuItemBgHoverL%2CsidebarMenuItemBgActiveL%2CsidebarMenuItemColorL%2CsidebarMenuItemColorHoverL%2CsidebarMenuItemColorActiveL%2CsidebarMenuItemBorderL%2CsidebarMenuItemBorderHoverL%2CsidebarMenuItemBorderActiveL%2CsidebarMenuItemBorderRadiusL%2CsidebarMenuItemPaddingXL%2CsidebarMenuItemPaddingYL%2CsidebarMenuItemMarginL%2CsidebarMenuItemFontWeightL%2CsidebarMenuItemFontWeightActiveL%2CsidebarMenuItemFontSizeL%2CsidebarMenuItemLineHeightL%2CsidebarMenuItemTransitionL%2CsidebarMenuItemBgD%2CsidebarMenuItemBgHoverD%2CsidebarMenuItemBgActiveD%2CsidebarMenuItemColorD%2CsidebarMenuItemColorHoverD%2CsidebarMenuItemColorActiveD%2CsidebarMenuItemBorderD%2CsidebarMenuItemBorderHoverD%2CsidebarMenuItemBorderActiveD%2CsidebarMenuItemBorderRadiusD%2CsidebarMenuItemPaddingXD%2CsidebarMenuItemPaddingYD%2CsidebarMenuItemMarginD%2CsidebarMenuItemFontWeightD%2CsidebarMenuItemFontWeightActiveD%2CsidebarMenuItemFontSizeD%2CsidebarMenuItemLineHeightD%2CsidebarMenuItemTransitionD%2CsidebarIconSizeL%2CsidebarIconColorL%2CsidebarIconColorHoverL%2CsidebarIconColorActiveL%2CsidebarIconMarginRightL%2CsidebarIconTransitionL%2CsidebarIconSizeD%2CsidebarIconColorD%2CsidebarIconColorHoverD%2CsidebarIconColorActiveD%2CsidebarIconMarginRightD%2CsidebarIconTransitionD%2CsidebarGroupLabelColorL%2CsidebarGroupLabelFontSizeL%2CsidebarGroupLabelFontWeightL%2CsidebarGroupLabelTextTransformL%2CsidebarGroupLabelLetterSpacingL%2CsidebarGroupLabelPaddingL%2CsidebarGroupLabelMarginL%2CsidebarGroupLabelColorD%2CsidebarGroupLabelFontSizeD%2CsidebarGroupLabelFontWeightD%2CsidebarGroupLabelTextTransformD%2CsidebarGroupLabelLetterSpacingD%2CsidebarGroupLabelPaddingD%2CsidebarGroupLabelMarginD 200 in 2824ms
 GET /api/settings/system-settings?keys=appName%2CappLogoDataUrl%2CappFaviconDataUrl%2CorganizationLogoDataUrl%2CappThemePreference%2CshowLogoOnly%2CsidebarLogoSize%2CsidebarLogoCollapsedLightMode%2CsidebarLogoExpandedLightMode%2CsidebarLogoCollapsedDarkMode%2CsidebarLogoExpandedDarkMode%2CloginPageLogoLightMode%2CloginPageLogoDarkMode%2CsplashBackgroundColor%2CsplashLogoDataUrl%2CsplashAnimationType%2CpwaEnabled%2CpwaThemeColor%2CpwaBackgroundColor%2CpwaAppleMobileWebAppTitle%2CpwaAppleMobileWebAppStatusBarStyle%2CrightClickProtectionEnabled%2CscreenCaptureProtectionEnabled 200 in 8022ms
[?25h
