
> hri@1.2.6 dev
> powershell -ExecutionPolicy Bypass -Command "$env:NEXT_TELEMETRY_DISABLED='1'; next dev -p 8021 --turbo"

   ▲ Next.js 15.5.9 (Turbopack)
   - Local:        http://localhost:8021
   - Network:      http://26.170.213.222:8021
   - Environments: .env.local, .env
   - Experiments (use with caution):
     · serverActions
     · optimizePackageImports

 ✓ Starting...
 ✓ Compiled instrumentation Node.js in 12ms
 ✓ Compiled instrumentation Edge in 18ms
 ✓ Compiled middleware in 99ms
 ✓ Ready in 1898ms
 ○ Compiling /settings/concept-preview ...
 ✓ Compiled /settings/concept-preview in 9.7s
 GET /settings/concept-preview 200 in 10983ms
 ○ Compiling /icon.png ...
 GET /icon.png?icon.31d034ff.png 200 in 2647ms
 ✓ Compiled /icon.png in 3.2s
 GET /api/settings/system-settings?keys=appLogoDataUrl%2CappName%2CshowLogoOnly%2CsidebarLogoSize%2CcollapsedSidebarLogoSize%2CsidebarLogoCollapsedLightMode%2CsidebarLogoExpandedLightMode%2CsidebarLogoCollapsedDarkMode%2CsidebarLogoExpandedDarkMode%2CthemePreference%2CprimaryGradient%2CprimaryButtonShadowL%2CprimaryButtonShadowHoverL%2CprimaryButtonShadowD%2CprimaryButtonShadowHoverD%2CsidebarBackgroundType%2CsidebarBackgroundImageUrl%2CsidebarBackgroundImageFit%2CsidebarBackgroundImagePosition%2CsidebarNavigationMode%2CsidebarSecondaryGroupLabels%2CsidebarBgStartL%2CsidebarBgEndL%2CsidebarTextL%2CsidebarActiveBgStartL%2CsidebarActiveBgEndL%2CsidebarActiveTextL%2CsidebarHoverBgL%2CsidebarHoverTextL%2CsidebarBorderL%2CbuttonTextColorL%2CbuttonTextColorD%2CsidebarBgStartD%2CsidebarBgEndD%2CsidebarTextD%2CsidebarActiveBgStartD%2CsidebarActiveBgEndD%2CsidebarActiveTextD%2CsidebarHoverBgD%2CsidebarHoverTextD%2CsidebarBorderD%2CsidebarFontFamilyL%2CsidebarFontSizeL%2CsidebarFontWeightL%2CsidebarLineHeightL%2CsidebarLetterSpacingL%2CsidebarTextTransformL%2CsidebarFontFamilyD%2CsidebarFontSizeD%2CsidebarFontWeightD%2CsidebarLineHeightD%2CsidebarLetterSpacingD%2CsidebarTextTransformD%2CsidebarBorderWidthL%2CsidebarBorderStyleL%2CsidebarBorderRadiusL%2CsidebarShadowL%2CsidebarShadowHoverL%2CsidebarShadowActiveL%2CsidebarBorderWidthD%2CsidebarBorderStyleD%2CsidebarBorderRadiusD%2CsidebarShadowD%2CsidebarShadowHoverD%2CsidebarShadowActiveD%2CsidebarPaddingXL%2CsidebarPaddingYL%2CsidebarMarginL%2CsidebarGapL%2CsidebarWidthL%2CsidebarWidthCollapsedL%2CsidebarTransitionDurationL%2CsidebarTransitionTimingL%2CsidebarPaddingXD%2CsidebarPaddingYD%2CsidebarMarginD%2CsidebarGapD%2CsidebarWidthD%2CsidebarWidthCollapsedD%2CsidebarTransitionDurationD%2CsidebarTransitionTimingD%2CsidebarMenuItemBgL%2CsidebarMenuItemBgHoverL%2CsidebarMenuItemBgActiveL%2CsidebarMenuItemColorL%2CsidebarMenuItemColorHoverL%2CsidebarMenuItemColorActiveL%2CsidebarMenuItemBorderL%2CsidebarMenuItemBorderHoverL%2CsidebarMenuItemBorderActiveL%2CsidebarMenuItemBorderRadiusL%2CsidebarMenuItemPaddingXL%2CsidebarMenuItemPaddingYL%2CsidebarMenuItemMarginL%2CsidebarMenuItemFontWeightL%2CsidebarMenuItemFontWeightActiveL%2CsidebarMenuItemFontSizeL%2CsidebarMenuItemLineHeightL%2CsidebarMenuItemTransitionL%2CsidebarMenuItemBgD%2CsidebarMenuItemBgHoverD%2CsidebarMenuItemBgActiveD%2CsidebarMenuItemColorD%2CsidebarMenuItemColorHoverD%2CsidebarMenuItemColorActiveD%2CsidebarMenuItemBorderD%2CsidebarMenuItemBorderHoverD%2CsidebarMenuItemBorderActiveD%2CsidebarMenuItemBorderRadiusD%2CsidebarMenuItemPaddingXD%2CsidebarMenuItemPaddingYD%2CsidebarMenuItemMarginD%2CsidebarMenuItemFontWeightD%2CsidebarMenuItemFontWeightActiveD%2CsidebarMenuItemFontSizeD%2CsidebarMenuItemLineHeightD%2CsidebarMenuItemTransitionD%2CsidebarIconSizeL%2CsidebarIconColorL%2CsidebarIconColorHoverL%2CsidebarIconColorActiveL%2CsidebarIconMarginRightL%2CsidebarIconTransitionL%2CsidebarIconSizeD%2CsidebarIconColorD%2CsidebarIconColorHoverD%2CsidebarIconColorActiveD%2CsidebarIconMarginRightD%2CsidebarIconTransitionD%2CsidebarGroupLabelColorL%2CsidebarGroupLabelFontSizeL%2CsidebarGroupLabelFontWeightL%2CsidebarGroupLabelTextTransformL%2CsidebarGroupLabelLetterSpacingL%2CsidebarGroupLabelPaddingL%2CsidebarGroupLabelMarginL%2CsidebarGroupLabelColorD%2CsidebarGroupLabelFontSizeD%2CsidebarGroupLabelFontWeightD%2CsidebarGroupLabelTextTransformD%2CsidebarGroupLabelLetterSpacingD%2CsidebarGroupLabelPaddingD%2CsidebarGroupLabelMarginD 200 in 3727ms
 GET /api/settings/system-settings?keys=appName%2CappLogoDataUrl%2CappFaviconDataUrl%2CorganizationLogoDataUrl%2CappThemePreference%2CshowLogoOnly%2CsidebarLogoSize%2CsidebarLogoCollapsedLightMode%2CsidebarLogoExpandedLightMode%2CsidebarLogoCollapsedDarkMode%2CsidebarLogoExpandedDarkMode%2CloginPageLogoLightMode%2CloginPageLogoDarkMode%2CsplashBackgroundColor%2CsplashLogoDataUrl%2CsplashAnimationType%2CpwaEnabled%2CpwaThemeColor%2CpwaBackgroundColor%2CpwaAppleMobileWebAppTitle%2CpwaAppleMobileWebAppStatusBarStyle%2CrightClickProtectionEnabled%2CscreenCaptureProtectionEnabled 200 in 4586ms
 GET /auth/signin 200 in 4551ms
 GET /auth/signin 200 in 1794ms
 GET /api/settings/system-settings 200 in 2004ms
 GET /api/settings/system-settings 200 in 1388ms
 GET /settings/concept-preview 200 in 411ms
 GET /api/settings/system-settings?keys=appLogoDataUrl%2CappName%2CshowLogoOnly%2CsidebarLogoSize%2CcollapsedSidebarLogoSize%2CsidebarLogoCollapsedLightMode%2CsidebarLogoExpandedLightMode%2CsidebarLogoCollapsedDarkMode%2CsidebarLogoExpandedDarkMode%2CthemePreference%2CprimaryGradient%2CprimaryButtonShadowL%2CprimaryButtonShadowHoverL%2CprimaryButtonShadowD%2CprimaryButtonShadowHoverD%2CsidebarBackgroundType%2CsidebarBackgroundImageUrl%2CsidebarBackgroundImageFit%2CsidebarBackgroundImagePosition%2CsidebarNavigationMode%2CsidebarSecondaryGroupLabels%2CsidebarBgStartL%2CsidebarBgEndL%2CsidebarTextL%2CsidebarActiveBgStartL%2CsidebarActiveBgEndL%2CsidebarActiveTextL%2CsidebarHoverBgL%2CsidebarHoverTextL%2CsidebarBorderL%2CbuttonTextColorL%2CbuttonTextColorD%2CsidebarBgStartD%2CsidebarBgEndD%2CsidebarTextD%2CsidebarActiveBgStartD%2CsidebarActiveBgEndD%2CsidebarActiveTextD%2CsidebarHoverBgD%2CsidebarHoverTextD%2CsidebarBorderD%2CsidebarFontFamilyL%2CsidebarFontSizeL%2CsidebarFontWeightL%2CsidebarLineHeightL%2CsidebarLetterSpacingL%2CsidebarTextTransformL%2CsidebarFontFamilyD%2CsidebarFontSizeD%2CsidebarFontWeightD%2CsidebarLineHeightD%2CsidebarLetterSpacingD%2CsidebarTextTransformD%2CsidebarBorderWidthL%2CsidebarBorderStyleL%2CsidebarBorderRadiusL%2CsidebarShadowL%2CsidebarShadowHoverL%2CsidebarShadowActiveL%2CsidebarBorderWidthD%2CsidebarBorderStyleD%2CsidebarBorderRadiusD%2CsidebarShadowD%2CsidebarShadowHoverD%2CsidebarShadowActiveD%2CsidebarPaddingXL%2CsidebarPaddingYL%2CsidebarMarginL%2CsidebarGapL%2CsidebarWidthL%2CsidebarWidthCollapsedL%2CsidebarTransitionDurationL%2CsidebarTransitionTimingL%2CsidebarPaddingXD%2CsidebarPaddingYD%2CsidebarMarginD%2CsidebarGapD%2CsidebarWidthD%2CsidebarWidthCollapsedD%2CsidebarTransitionDurationD%2CsidebarTransitionTimingD%2CsidebarMenuItemBgL%2CsidebarMenuItemBgHoverL%2CsidebarMenuItemBgActiveL%2CsidebarMenuItemColorL%2CsidebarMenuItemColorHoverL%2CsidebarMenuItemColorActiveL%2CsidebarMenuItemBorderL%2CsidebarMenuItemBorderHoverL%2CsidebarMenuItemBorderActiveL%2CsidebarMenuItemBorderRadiusL%2CsidebarMenuItemPaddingXL%2CsidebarMenuItemPaddingYL%2CsidebarMenuItemMarginL%2CsidebarMenuItemFontWeightL%2CsidebarMenuItemFontWeightActiveL%2CsidebarMenuItemFontSizeL%2CsidebarMenuItemLineHeightL%2CsidebarMenuItemTransitionL%2CsidebarMenuItemBgD%2CsidebarMenuItemBgHoverD%2CsidebarMenuItemBgActiveD%2CsidebarMenuItemColorD%2CsidebarMenuItemColorHoverD%2CsidebarMenuItemColorActiveD%2CsidebarMenuItemBorderD%2CsidebarMenuItemBorderHoverD%2CsidebarMenuItemBorderActiveD%2CsidebarMenuItemBorderRadiusD%2CsidebarMenuItemPaddingXD%2CsidebarMenuItemPaddingYD%2CsidebarMenuItemMarginD%2CsidebarMenuItemFontWeightD%2CsidebarMenuItemFontWeightActiveD%2CsidebarMenuItemFontSizeD%2CsidebarMenuItemLineHeightD%2CsidebarMenuItemTransitionD%2CsidebarIconSizeL%2CsidebarIconColorL%2CsidebarIconColorHoverL%2CsidebarIconColorActiveL%2CsidebarIconMarginRightL%2CsidebarIconTransitionL%2CsidebarIconSizeD%2CsidebarIconColorD%2CsidebarIconColorHoverD%2CsidebarIconColorActiveD%2CsidebarIconMarginRightD%2CsidebarIconTransitionD%2CsidebarGroupLabelColorL%2CsidebarGroupLabelFontSizeL%2CsidebarGroupLabelFontWeightL%2CsidebarGroupLabelTextTransformL%2CsidebarGroupLabelLetterSpacingL%2CsidebarGroupLabelPaddingL%2CsidebarGroupLabelMarginL%2CsidebarGroupLabelColorD%2CsidebarGroupLabelFontSizeD%2CsidebarGroupLabelFontWeightD%2CsidebarGroupLabelTextTransformD%2CsidebarGroupLabelLetterSpacingD%2CsidebarGroupLabelPaddingD%2CsidebarGroupLabelMarginD 200 in 1337ms
 GET /api/settings/system-settings?keys=appName%2CappLogoDataUrl%2CappFaviconDataUrl%2CorganizationLogoDataUrl%2CappThemePreference%2CshowLogoOnly%2CsidebarLogoSize%2CsidebarLogoCollapsedLightMode%2CsidebarLogoExpandedLightMode%2CsidebarLogoCollapsedDarkMode%2CsidebarLogoExpandedDarkMode%2CloginPageLogoLightMode%2CloginPageLogoDarkMode%2CsplashBackgroundColor%2CsplashLogoDataUrl%2CsplashAnimationType%2CpwaEnabled%2CpwaThemeColor%2CpwaBackgroundColor%2CpwaAppleMobileWebAppTitle%2CpwaAppleMobileWebAppStatusBarStyle%2CrightClickProtectionEnabled%2CscreenCaptureProtectionEnabled 200 in 2310ms
 GET /auth/signin 200 in 2179ms
 GET /auth/signin 200 in 2061ms
 GET /api/settings/system-settings 200 in 1106ms
 GET /api/settings/system-settings 200 in 1123ms
[AUTH UTILS] Authenticating user: a***n@example.com
[AUTH UTILS] Releasing client for: a***n@example.com
[SESSION] Invalidated 1 existing session(s) for user: 43b4988a-2a9d-4c2a-b00b-1fab52de03dc
[SESSION] Created new session for user: 43b4988a-2a9d-4c2a-b00b-1fab52de03dc, sessionId: e6ff5609-95b7-44ba-9edc-60688a84b3f1
[AUTH EVENT] Invalidated 1 previous session(s) for user: a***n@example.com
[AUTH EVENT] Device change detected for user: a***n@example.com
 ○ Compiling / ...
 ✓ Compiled / in 660ms
 GET / 200 in 936ms
 POST /auth/signin 303 in 2961ms
 ○ Compiling /dashboard ...
 GET / 200 in 752ms
 GET /api/settings/system-settings?keys=appLogoDataUrl%2CappName%2CshowLogoOnly%2CsidebarLogoSize%2CcollapsedSidebarLogoSize%2CsidebarLogoCollapsedLightMode%2CsidebarLogoExpandedLightMode%2CsidebarLogoCollapsedDarkMode%2CsidebarLogoExpandedDarkMode%2CthemePreference%2CprimaryGradient%2CprimaryButtonShadowL%2CprimaryButtonShadowHoverL%2CprimaryButtonShadowD%2CprimaryButtonShadowHoverD%2CsidebarBackgroundType%2CsidebarBackgroundImageUrl%2CsidebarBackgroundImageFit%2CsidebarBackgroundImagePosition%2CsidebarNavigationMode%2CsidebarSecondaryGroupLabels%2CsidebarBgStartL%2CsidebarBgEndL%2CsidebarTextL%2CsidebarActiveBgStartL%2CsidebarActiveBgEndL%2CsidebarActiveTextL%2CsidebarHoverBgL%2CsidebarHoverTextL%2CsidebarBorderL%2CbuttonTextColorL%2CbuttonTextColorD%2CsidebarBgStartD%2CsidebarBgEndD%2CsidebarTextD%2CsidebarActiveBgStartD%2CsidebarActiveBgEndD%2CsidebarActiveTextD%2CsidebarHoverBgD%2CsidebarHoverTextD%2CsidebarBorderD%2CsidebarFontFamilyL%2CsidebarFontSizeL%2CsidebarFontWeightL%2CsidebarLineHeightL%2CsidebarLetterSpacingL%2CsidebarTextTransformL%2CsidebarFontFamilyD%2CsidebarFontSizeD%2CsidebarFontWeightD%2CsidebarLineHeightD%2CsidebarLetterSpacingD%2CsidebarTextTransformD%2CsidebarBorderWidthL%2CsidebarBorderStyleL%2CsidebarBorderRadiusL%2CsidebarShadowL%2CsidebarShadowHoverL%2CsidebarShadowActiveL%2CsidebarBorderWidthD%2CsidebarBorderStyleD%2CsidebarBorderRadiusD%2CsidebarShadowD%2CsidebarShadowHoverD%2CsidebarShadowActiveD%2CsidebarPaddingXL%2CsidebarPaddingYL%2CsidebarMarginL%2CsidebarGapL%2CsidebarWidthL%2CsidebarWidthCollapsedL%2CsidebarTransitionDurationL%2CsidebarTransitionTimingL%2CsidebarPaddingXD%2CsidebarPaddingYD%2CsidebarMarginD%2CsidebarGapD%2CsidebarWidthD%2CsidebarWidthCollapsedD%2CsidebarTransitionDurationD%2CsidebarTransitionTimingD%2CsidebarMenuItemBgL%2CsidebarMenuItemBgHoverL%2CsidebarMenuItemBgActiveL%2CsidebarMenuItemColorL%2CsidebarMenuItemColorHoverL%2CsidebarMenuItemColorActiveL%2CsidebarMenuItemBorderL%2CsidebarMenuItemBorderHoverL%2CsidebarMenuItemBorderActiveL%2CsidebarMenuItemBorderRadiusL%2CsidebarMenuItemPaddingXL%2CsidebarMenuItemPaddingYL%2CsidebarMenuItemMarginL%2CsidebarMenuItemFontWeightL%2CsidebarMenuItemFontWeightActiveL%2CsidebarMenuItemFontSizeL%2CsidebarMenuItemLineHeightL%2CsidebarMenuItemTransitionL%2CsidebarMenuItemBgD%2CsidebarMenuItemBgHoverD%2CsidebarMenuItemBgActiveD%2CsidebarMenuItemColorD%2CsidebarMenuItemColorHoverD%2CsidebarMenuItemColorActiveD%2CsidebarMenuItemBorderD%2CsidebarMenuItemBorderHoverD%2CsidebarMenuItemBorderActiveD%2CsidebarMenuItemBorderRadiusD%2CsidebarMenuItemPaddingXD%2CsidebarMenuItemPaddingYD%2CsidebarMenuItemMarginD%2CsidebarMenuItemFontWeightD%2CsidebarMenuItemFontWeightActiveD%2CsidebarMenuItemFontSizeD%2CsidebarMenuItemLineHeightD%2CsidebarMenuItemTransitionD%2CsidebarIconSizeL%2CsidebarIconColorL%2CsidebarIconColorHoverL%2CsidebarIconColorActiveL%2CsidebarIconMarginRightL%2CsidebarIconTransitionL%2CsidebarIconSizeD%2CsidebarIconColorD%2CsidebarIconColorHoverD%2CsidebarIconColorActiveD%2CsidebarIconMarginRightD%2CsidebarIconTransitionD%2CsidebarGroupLabelColorL%2CsidebarGroupLabelFontSizeL%2CsidebarGroupLabelFontWeightL%2CsidebarGroupLabelTextTransformL%2CsidebarGroupLabelLetterSpacingL%2CsidebarGroupLabelPaddingL%2CsidebarGroupLabelMarginL%2CsidebarGroupLabelColorD%2CsidebarGroupLabelFontSizeD%2CsidebarGroupLabelFontWeightD%2CsidebarGroupLabelTextTransformD%2CsidebarGroupLabelLetterSpacingD%2CsidebarGroupLabelPaddingD%2CsidebarGroupLabelMarginD 200 in 1468ms
 GET /api/settings/system-settings?keys=appName%2CappLogoDataUrl%2CappFaviconDataUrl%2CorganizationLogoDataUrl%2CappThemePreference%2CshowLogoOnly%2CsidebarLogoSize%2CsidebarLogoCollapsedLightMode%2CsidebarLogoExpandedLightMode%2CsidebarLogoCollapsedDarkMode%2CsidebarLogoExpandedDarkMode%2CloginPageLogoLightMode%2CloginPageLogoDarkMode%2CsplashBackgroundColor%2CsplashLogoDataUrl%2CsplashAnimationType%2CpwaEnabled%2CpwaThemeColor%2CpwaBackgroundColor%2CpwaAppleMobileWebAppTitle%2CpwaAppleMobileWebAppStatusBarStyle%2CrightClickProtectionEnabled%2CscreenCaptureProtectionEnabled 200 in 2122ms
 GET /api/user-preferences 200 in 3202ms
 GET /api/broadcast/active 200 in 3322ms
 GET /api/upload-queue/health 200 in 2022ms
 GET /api/settings/platform-setup/status 200 in 1989ms
 ✓ Compiled /dashboard in 5.2s
 GET /api/realtime/notifications?limit=50 200 in 1230ms
 GET /api/broadcast/active 200 in 1410ms
 GET /api/auth/session 200 in 4890ms
 ✓ Compiled /api/privacy-support/categories in 469ms
 GET /api/settings/platform-setup/status 200 in 1560ms
 GET /api/settings/system-settings?keys=drawerStyle 200 in 877ms
 GET /dashboard 200 in 3056ms
 GET /api/privacy-support/categories 200 in 1693ms
 GET /api/privacy-support/categories 200 in 1522ms
 ✓ Compiled in 281ms
 GET /api/user-preferences 200 in 1055ms
 GET /api/broadcast/active 200 in 1217ms
 GET /api/settings/system-settings?keys=broadcastBannerActiveId,broadcastBannerOneTitle,broadcastBannerOneMessage,broadcastBannerOneTone,broadcastBannerTwoTitle,broadcastBannerTwoMessage,broadcastBannerTwoTone,broadcastBannerThreeTitle,broadcastBannerThreeMessage,broadcastBannerThreeTone 200 in 588ms
 GET /api/upload-queue/health 200 in 868ms
 GET /api/broadcast/active 200 in 1326ms
 GET /api/settings/system-settings?keys=drawerStyle 200 in 858ms
 GET /api/user-preferences 200 in 914ms
 GET /api/settings/system-settings?keys=broadcastBannerActiveId,broadcastBannerOneTitle,broadcastBannerOneMessage,broadcastBannerOneTone,broadcastBannerTwoTitle,broadcastBannerTwoMessage,broadcastBannerTwoTone,broadcastBannerThreeTitle,broadcastBannerThreeMessage,broadcastBannerThreeTone 200 in 680ms
 GET /dashboard 200 in 1526ms
 GET /api/broadcast/active 200 in 1203ms
 GET /api/upload-queue/health 200 in 929ms
 GET /api/settings/system-settings?keys=drawerStyle 200 in 757ms
 GET /api/settings/system-settings?keys=broadcastBannerActiveId,broadcastBannerOneTitle,broadcastBannerOneMessage,broadcastBannerOneTone,broadcastBannerTwoTitle,broadcastBannerTwoMessage,broadcastBannerTwoTone,broadcastBannerThreeTitle,broadcastBannerThreeMessage,broadcastBannerThreeTone 200 in 543ms
 GET /api/user-preferences 200 in 835ms
 GET /dashboard 200 in 1533ms
 GET /api/settings/system-settings?keys=drawerStyle 200 in 723ms
 GET /api/settings/system-settings?keys=broadcastBannerActiveId,broadcastBannerOneTitle,broadcastBannerOneMessage,broadcastBannerOneTone,broadcastBannerTwoTitle,broadcastBannerTwoMessage,broadcastBannerTwoTone,broadcastBannerThreeTitle,broadcastBannerThreeMessage,broadcastBannerThreeTone 200 in 591ms
 GET /api/settings/system-settings?keys=broadcastBannerActiveId,broadcastBannerOneTitle,broadcastBannerOneMessage,broadcastBannerOneTone,broadcastBannerTwoTitle,broadcastBannerTwoMessage,broadcastBannerTwoTone,broadcastBannerThreeTitle,broadcastBannerThreeMessage,broadcastBannerThreeTone 200 in 471ms
 ✓ Compiled in 292ms
 GET /api/upload-queue/health 200 in 642ms
 GET /api/auth/session 200 in 892ms
 GET /api/auth/session 200 in 527ms
 GET /api/auth/session 200 in 762ms
 GET /api/auth/session 200 in 450ms
 GET /api/auth/session 200 in 468ms
 GET /api/auth/session 200 in 429ms
   ▲ Next.js 15.5.9 (Turbopack)
   - Local:        http://localhost:8021
   - Network:      http://26.170.213.222:8021
   - Environments: .env.local, .env
   - Experiments (use with caution):
     · serverActions
     · optimizePackageImports

 ✓ Starting...
 ✓ Compiled instrumentation Node.js in 11ms
 ✓ Compiled instrumentation Edge in 18ms
 ✓ Compiled middleware in 96ms
 ✓ Ready in 2.2s
 ○ Compiling /api/upload-queue/health ...
 GET /api/upload-queue/health 200 in 4750ms
 ✓ Compiled /api/upload-queue/health in 15.1s
 GET /applicants 200 in 15525ms
 ○ Compiling /icon.png ...
 GET /icon.png?icon.31d034ff.png 200 in 661ms
 ✓ Compiled /icon.png in 1307ms
 GET /api/settings/system-settings?keys=appLogoDataUrl%2CappName%2CshowLogoOnly%2CsidebarLogoSize%2CcollapsedSidebarLogoSize%2CsidebarLogoCollapsedLightMode%2CsidebarLogoExpandedLightMode%2CsidebarLogoCollapsedDarkMode%2CsidebarLogoExpandedDarkMode%2CthemePreference%2CprimaryGradient%2CprimaryButtonShadowL%2CprimaryButtonShadowHoverL%2CprimaryButtonShadowD%2CprimaryButtonShadowHoverD%2CsidebarBackgroundType%2CsidebarBackgroundImageUrl%2CsidebarBackgroundImageFit%2CsidebarBackgroundImagePosition%2CsidebarNavigationMode%2CsidebarSecondaryGroupLabels%2CsidebarBgStartL%2CsidebarBgEndL%2CsidebarTextL%2CsidebarActiveBgStartL%2CsidebarActiveBgEndL%2CsidebarActiveTextL%2CsidebarHoverBgL%2CsidebarHoverTextL%2CsidebarBorderL%2CbuttonTextColorL%2CbuttonTextColorD%2CsidebarBgStartD%2CsidebarBgEndD%2CsidebarTextD%2CsidebarActiveBgStartD%2CsidebarActiveBgEndD%2CsidebarActiveTextD%2CsidebarHoverBgD%2CsidebarHoverTextD%2CsidebarBorderD%2CsidebarFontFamilyL%2CsidebarFontSizeL%2CsidebarFontWeightL%2CsidebarLineHeightL%2CsidebarLetterSpacingL%2CsidebarTextTransformL%2CsidebarFontFamilyD%2CsidebarFontSizeD%2CsidebarFontWeightD%2CsidebarLineHeightD%2CsidebarLetterSpacingD%2CsidebarTextTransformD%2CsidebarBorderWidthL%2CsidebarBorderStyleL%2CsidebarBorderRadiusL%2CsidebarShadowL%2CsidebarShadowHoverL%2CsidebarShadowActiveL%2CsidebarBorderWidthD%2CsidebarBorderStyleD%2CsidebarBorderRadiusD%2CsidebarShadowD%2CsidebarShadowHoverD%2CsidebarShadowActiveD%2CsidebarPaddingXL%2CsidebarPaddingYL%2CsidebarMarginL%2CsidebarGapL%2CsidebarWidthL%2CsidebarWidthCollapsedL%2CsidebarTransitionDurationL%2CsidebarTransitionTimingL%2CsidebarPaddingXD%2CsidebarPaddingYD%2CsidebarMarginD%2CsidebarGapD%2CsidebarWidthD%2CsidebarWidthCollapsedD%2CsidebarTransitionDurationD%2CsidebarTransitionTimingD%2CsidebarMenuItemBgL%2CsidebarMenuItemBgHoverL%2CsidebarMenuItemBgActiveL%2CsidebarMenuItemColorL%2CsidebarMenuItemColorHoverL%2CsidebarMenuItemColorActiveL%2CsidebarMenuItemBorderL%2CsidebarMenuItemBorderHoverL%2CsidebarMenuItemBorderActiveL%2CsidebarMenuItemBorderRadiusL%2CsidebarMenuItemPaddingXL%2CsidebarMenuItemPaddingYL%2CsidebarMenuItemMarginL%2CsidebarMenuItemFontWeightL%2CsidebarMenuItemFontWeightActiveL%2CsidebarMenuItemFontSizeL%2CsidebarMenuItemLineHeightL%2CsidebarMenuItemTransitionL%2CsidebarMenuItemBgD%2CsidebarMenuItemBgHoverD%2CsidebarMenuItemBgActiveD%2CsidebarMenuItemColorD%2CsidebarMenuItemColorHoverD%2CsidebarMenuItemColorActiveD%2CsidebarMenuItemBorderD%2CsidebarMenuItemBorderHoverD%2CsidebarMenuItemBorderActiveD%2CsidebarMenuItemBorderRadiusD%2CsidebarMenuItemPaddingXD%2CsidebarMenuItemPaddingYD%2CsidebarMenuItemMarginD%2CsidebarMenuItemFontWeightD%2CsidebarMenuItemFontWeightActiveD%2CsidebarMenuItemFontSizeD%2CsidebarMenuItemLineHeightD%2CsidebarMenuItemTransitionD%2CsidebarIconSizeL%2CsidebarIconColorL%2CsidebarIconColorHoverL%2CsidebarIconColorActiveL%2CsidebarIconMarginRightL%2CsidebarIconTransitionL%2CsidebarIconSizeD%2CsidebarIconColorD%2CsidebarIconColorHoverD%2CsidebarIconColorActiveD%2CsidebarIconMarginRightD%2CsidebarIconTransitionD%2CsidebarGroupLabelColorL%2CsidebarGroupLabelFontSizeL%2CsidebarGroupLabelFontWeightL%2CsidebarGroupLabelTextTransformL%2CsidebarGroupLabelLetterSpacingL%2CsidebarGroupLabelPaddingL%2CsidebarGroupLabelMarginL%2CsidebarGroupLabelColorD%2CsidebarGroupLabelFontSizeD%2CsidebarGroupLabelFontWeightD%2CsidebarGroupLabelTextTransformD%2CsidebarGroupLabelLetterSpacingD%2CsidebarGroupLabelPaddingD%2CsidebarGroupLabelMarginD 200 in 1758ms
 GET /api/settings/system-settings?keys=appName%2CappLogoDataUrl%2CappFaviconDataUrl%2CorganizationLogoDataUrl%2CappThemePreference%2CshowLogoOnly%2CsidebarLogoSize%2CsidebarLogoCollapsedLightMode%2CsidebarLogoExpandedLightMode%2CsidebarLogoCollapsedDarkMode%2CsidebarLogoExpandedDarkMode%2CloginPageLogoLightMode%2CloginPageLogoDarkMode%2CsplashBackgroundColor%2CsplashLogoDataUrl%2CsplashAnimationType%2CpwaEnabled%2CpwaThemeColor%2CpwaBackgroundColor%2CpwaAppleMobileWebAppTitle%2CpwaAppleMobileWebAppStatusBarStyle%2CrightClickProtectionEnabled%2CscreenCaptureProtectionEnabled 200 in 2398ms
 GET /auth/signin 200 in 3139ms
 GET /auth/signin 200 in 1853ms
 GET /api/settings/system-settings 200 in 1157ms
 GET /api/settings/system-settings 200 in 1077ms
 ✓ Compiled /api/auth/[...nextauth] in 193ms
 GET /api/auth/session 200 in 1766ms
 ○ Compiling /dashboard ...
 GET /api/auth/session 200 in 466ms
 ✓ Compiled /dashboard in 1773ms
 ✓ Compiled /api/broadcast/active in 194ms
 GET /api/broadcast/active 200 in 1135ms
 GET /dashboard 200 in 3171ms
 GET /api/settings/platform-setup/status 200 in 1407ms
 ✓ Compiled /api/settings/position-levels in 229ms
 GET /api/settings/system-settings?keys=broadcastBannerActiveId,broadcastBannerOneTitle,broadcastBannerOneMessage,broadcastBannerOneTone,broadcastBannerTwoTitle,broadcastBannerTwoMessage,broadcastBannerTwoTone,broadcastBannerThreeTitle,broadcastBannerThreeMessage,broadcastBannerThreeTone 200 in 686ms
 GET /api/settings/platform-setup/status 200 in 1023ms
 GET /api/settings/system-settings?keys=jobMatchFeatureEnabled 200 in 1047ms
 GET /api/settings/platform-setup/status 200 in 1157ms
 GET /api/settings/position-levels 200 in 1157ms
 GET /api/settings/system-settings?keys=defaultMatchCriteria 200 in 760ms
 ✓ Compiled /api/settings/recruitment-stages in 369ms
 GET /api/settings/system-settings?keys=jobMatchFeatureEnabled 200 in 599ms
 GET /api/settings/recruitment-stages?ids=Hired,Applied 200 in 878ms
 GET /api/settings/system-settings?keys=defaultMatchCriteria 200 in 2099ms
 GET /api/settings/position-levels 200 in 2265ms
 GET /api/dashboard/headcount-summary 200 in 2462ms
 GET /api/settings/recruitment-stages?ids=Hired,Applied 200 in 682ms
 GET /api/dashboard/headcount-summary 200 in 599ms
 ○ Compiling /people ...
 ✓ Compiled /people in 798ms
 GET /people 200 in 947ms
 ✓ Compiled /api/settings/dropdown-options in 388ms
 GET /icon.png?icon.31d034ff.png 200 in 663ms
 GET /api/settings/dropdown-options?key=employment_types 200 in 1035ms
 GET /api/settings/platform-setup/status 200 in 1137ms
 GET /api/broadcast/active 200 in 1247ms
 GET /api/hr/employees 200 in 1458ms
 GET /api/settings/dropdown-options?key=employment_types 200 in 517ms
 GET /api/settings/system-settings?keys=broadcastBannerActiveId,broadcastBannerOneTitle,broadcastBannerOneMessage,broadcastBannerOneTone,broadcastBannerTwoTitle,broadcastBannerTwoMessage,broadcastBannerTwoTone,broadcastBannerThreeTitle,broadcastBannerThreeMessage,broadcastBannerThreeTone 200 in 589ms
 GET /api/hr/employees 200 in 599ms
 ○ Compiling /people/[id] ...
 ✓ Compiled /people/[id] in 981ms
 GET /people/9180a346-84c7-4341-b550-8ac2f1b4e7b0 200 in 1793ms
 GET /api/settings/platform-setup/status 200 in 1055ms
 GET /api/broadcast/active 200 in 1183ms
 GET /api/settings/system-settings?keys=broadcastBannerActiveId,broadcastBannerOneTitle,broadcastBannerOneMessage,broadcastBannerOneTone,broadcastBannerTwoTitle,broadcastBannerTwoMessage,broadcastBannerTwoTone,broadcastBannerThreeTitle,broadcastBannerThreeMessage,broadcastBannerThreeTone 200 in 401ms
 GET /api/hr/employees?id=9180a346-84c7-4341-b550-8ac2f1b4e7b0 200 in 2247ms
 ✓ Compiled /api/hr/clients in 194ms
 GET /api/hr/clients 200 in 781ms
 ✓ Compiled instrumentation Node.js in 1ms
 ✓ Compiled instrumentation Edge in 1ms
 ✓ Compiled middleware in 1ms
 ✓ Compiled in 1057ms
 GET /auth/signin 200 in 1719ms
 GET /auth/signin 200 in 1643ms
 GET /api/auth/session 200 in 854ms
 GET /api/auth/session 200 in 422ms
 GET /api/auth/session 200 in 473ms
 GET /api/auth/session 200 in 450ms
 GET /api/auth/session 200 in 487ms
 GET /api/auth/session 200 in 432ms
 GET /people/9180a346-84c7-4341-b550-8ac2f1b4e7b0 200 in 949ms
 ✓ Compiled /api/user-preferences in 412ms
 GET /api/settings/system-settings?keys=appLogoDataUrl%2CappName%2CshowLogoOnly%2CsidebarLogoSize%2CcollapsedSidebarLogoSize%2CsidebarLogoCollapsedLightMode%2CsidebarLogoExpandedLightMode%2CsidebarLogoCollapsedDarkMode%2CsidebarLogoExpandedDarkMode%2CthemePreference%2CprimaryGradient%2CprimaryButtonShadowL%2CprimaryButtonShadowHoverL%2CprimaryButtonShadowD%2CprimaryButtonShadowHoverD%2CsidebarBackgroundType%2CsidebarBackgroundImageUrl%2CsidebarBackgroundImageFit%2CsidebarBackgroundImagePosition%2CsidebarNavigationMode%2CsidebarSecondaryGroupLabels%2CsidebarBgStartL%2CsidebarBgEndL%2CsidebarTextL%2CsidebarActiveBgStartL%2CsidebarActiveBgEndL%2CsidebarActiveTextL%2CsidebarHoverBgL%2CsidebarHoverTextL%2CsidebarBorderL%2CbuttonTextColorL%2CbuttonTextColorD%2CsidebarBgStartD%2CsidebarBgEndD%2CsidebarTextD%2CsidebarActiveBgStartD%2CsidebarActiveBgEndD%2CsidebarActiveTextD%2CsidebarHoverBgD%2CsidebarHoverTextD%2CsidebarBorderD%2CsidebarFontFamilyL%2CsidebarFontSizeL%2CsidebarFontWeightL%2CsidebarLineHeightL%2CsidebarLetterSpacingL%2CsidebarTextTransformL%2CsidebarFontFamilyD%2CsidebarFontSizeD%2CsidebarFontWeightD%2CsidebarLineHeightD%2CsidebarLetterSpacingD%2CsidebarTextTransformD%2CsidebarBorderWidthL%2CsidebarBorderStyleL%2CsidebarBorderRadiusL%2CsidebarShadowL%2CsidebarShadowHoverL%2CsidebarShadowActiveL%2CsidebarBorderWidthD%2CsidebarBorderStyleD%2CsidebarBorderRadiusD%2CsidebarShadowD%2CsidebarShadowHoverD%2CsidebarShadowActiveD%2CsidebarPaddingXL%2CsidebarPaddingYL%2CsidebarMarginL%2CsidebarGapL%2CsidebarWidthL%2CsidebarWidthCollapsedL%2CsidebarTransitionDurationL%2CsidebarTransitionTimingL%2CsidebarPaddingXD%2CsidebarPaddingYD%2CsidebarMarginD%2CsidebarGapD%2CsidebarWidthD%2CsidebarWidthCollapsedD%2CsidebarTransitionDurationD%2CsidebarTransitionTimingD%2CsidebarMenuItemBgL%2CsidebarMenuItemBgHoverL%2CsidebarMenuItemBgActiveL%2CsidebarMenuItemColorL%2CsidebarMenuItemColorHoverL%2CsidebarMenuItemColorActiveL%2CsidebarMenuItemBorderL%2CsidebarMenuItemBorderHoverL%2CsidebarMenuItemBorderActiveL%2CsidebarMenuItemBorderRadiusL%2CsidebarMenuItemPaddingXL%2CsidebarMenuItemPaddingYL%2CsidebarMenuItemMarginL%2CsidebarMenuItemFontWeightL%2CsidebarMenuItemFontWeightActiveL%2CsidebarMenuItemFontSizeL%2CsidebarMenuItemLineHeightL%2CsidebarMenuItemTransitionL%2CsidebarMenuItemBgD%2CsidebarMenuItemBgHoverD%2CsidebarMenuItemBgActiveD%2CsidebarMenuItemColorD%2CsidebarMenuItemColorHoverD%2CsidebarMenuItemColorActiveD%2CsidebarMenuItemBorderD%2CsidebarMenuItemBorderHoverD%2CsidebarMenuItemBorderActiveD%2CsidebarMenuItemBorderRadiusD%2CsidebarMenuItemPaddingXD%2CsidebarMenuItemPaddingYD%2CsidebarMenuItemMarginD%2CsidebarMenuItemFontWeightD%2CsidebarMenuItemFontWeightActiveD%2CsidebarMenuItemFontSizeD%2CsidebarMenuItemLineHeightD%2CsidebarMenuItemTransitionD%2CsidebarIconSizeL%2CsidebarIconColorL%2CsidebarIconColorHoverL%2CsidebarIconColorActiveL%2CsidebarIconMarginRightL%2CsidebarIconTransitionL%2CsidebarIconSizeD%2CsidebarIconColorD%2CsidebarIconColorHoverD%2CsidebarIconColorActiveD%2CsidebarIconMarginRightD%2CsidebarIconTransitionD%2CsidebarGroupLabelColorL%2CsidebarGroupLabelFontSizeL%2CsidebarGroupLabelFontWeightL%2CsidebarGroupLabelTextTransformL%2CsidebarGroupLabelLetterSpacingL%2CsidebarGroupLabelPaddingL%2CsidebarGroupLabelMarginL%2CsidebarGroupLabelColorD%2CsidebarGroupLabelFontSizeD%2CsidebarGroupLabelFontWeightD%2CsidebarGroupLabelTextTransformD%2CsidebarGroupLabelLetterSpacingD%2CsidebarGroupLabelPaddingD%2CsidebarGroupLabelMarginD 200 in 897ms
 GET /api/auth/session 200 in 1260ms
 GET /api/user-preferences 200 in 1547ms
 ○ Compiling /settings/design-options ...
 GET /api/settings/system-settings?keys=appName%2CappLogoDataUrl%2CappFaviconDataUrl%2CorganizationLogoDataUrl%2CappThemePreference%2CshowLogoOnly%2CsidebarLogoSize%2CsidebarLogoCollapsedLightMode%2CsidebarLogoExpandedLightMode%2CsidebarLogoCollapsedDarkMode%2CsidebarLogoExpandedDarkMode%2CloginPageLogoLightMode%2CloginPageLogoDarkMode%2CsplashBackgroundColor%2CsplashLogoDataUrl%2CsplashAnimationType%2CpwaEnabled%2CpwaThemeColor%2CpwaBackgroundColor%2CpwaAppleMobileWebAppTitle%2CpwaAppleMobileWebAppStatusBarStyle%2CrightClickProtectionEnabled%2CscreenCaptureProtectionEnabled 200 in 1773ms
 GET /api/broadcast/active 200 in 1084ms
 GET /api/upload-queue/health 200 in 897ms
 ✓ Compiled /settings/design-options in 1065ms
 GET /api/settings/platform-setup/status 200 in 957ms
 HEAD /settings/design-options 200 in 1300ms
 GET /api/realtime/notifications?limit=50 200 in 1041ms
 ✓ Compiled /api/privacy-support/categories in 216ms
 GET /api/settings/platform-setup/status 200 in 876ms
 GET /api/broadcast/active 200 in 1106ms
 GET /api/settings/system-settings?keys=drawerStyle 200 in 472ms
 GET /api/privacy-support/categories 200 in 1309ms
 GET /api/privacy-support/categories 200 in 1130ms
 GET /api/broadcast/active 200 in 983ms
 GET /api/user-preferences 200 in 640ms
 GET /api/settings/system-settings?keys=broadcastBannerActiveId,broadcastBannerOneTitle,broadcastBannerOneMessage,broadcastBannerOneTone,broadcastBannerTwoTitle,broadcastBannerTwoMessage,broadcastBannerTwoTone,broadcastBannerThreeTitle,broadcastBannerThreeMessage,broadcastBannerThreeTone 200 in 465ms
 GET /api/upload-queue/health 200 in 586ms
 GET /api/broadcast/active 200 in 931ms
 GET /api/hr/employees?id=9180a346-84c7-4341-b550-8ac2f1b4e7b0 200 in 2075ms
 GET /api/settings/system-settings?keys=drawerStyle 200 in 450ms
 GET /api/settings/system-settings?keys=broadcastBannerActiveId,broadcastBannerOneTitle,broadcastBannerOneMessage,broadcastBannerOneTone,broadcastBannerTwoTitle,broadcastBannerTwoMessage,broadcastBannerTwoTone,broadcastBannerThreeTitle,broadcastBannerThreeMessage,broadcastBannerThreeTone 200 in 658ms
 GET /api/upload-queue/health 200 in 844ms
 GET /api/user-preferences 200 in 949ms
 GET /api/settings/system-settings?keys=drawerStyle 200 in 435ms
 GET /api/broadcast/active 200 in 1208ms
 GET /api/settings/system-settings?keys=broadcastBannerActiveId,broadcastBannerOneTitle,broadcastBannerOneMessage,broadcastBannerOneTone,broadcastBannerTwoTitle,broadcastBannerTwoMessage,broadcastBannerTwoTone,broadcastBannerThreeTitle,broadcastBannerThreeMessage,broadcastBannerThreeTone 200 in 533ms
 GET /api/hr/clients 200 in 734ms
 GET /api/settings/system-settings?keys=drawerStyle 200 in 595ms
 GET /api/user-preferences 200 in 705ms
 GET /api/settings/system-settings?keys=broadcastBannerActiveId,broadcastBannerOneTitle,broadcastBannerOneMessage,broadcastBannerOneTone,broadcastBannerTwoTitle,broadcastBannerTwoMessage,broadcastBannerTwoTone,broadcastBannerThreeTitle,broadcastBannerThreeMessage,broadcastBannerThreeTone 200 in 430ms
 GET /api/settings/system-settings?keys=broadcastBannerActiveId,broadcastBannerOneTitle,broadcastBannerOneMessage,broadcastBannerOneTone,broadcastBannerTwoTitle,broadcastBannerTwoMessage,broadcastBannerTwoTone,broadcastBannerThreeTitle,broadcastBannerThreeMessage,broadcastBannerThreeTone 200 in 422ms
 ✓ Compiled instrumentation Node.js in 1ms
 ✓ Compiled instrumentation Edge in 0ms
 ✓ Compiled middleware in 2ms
 GET /people/9180a346-84c7-4341-b550-8ac2f1b4e7b0 200 in 1443ms
 GET /people/9180a346-84c7-4341-b550-8ac2f1b4e7b0 200 in 566ms
 GET /auth/signin 200 in 2134ms
 GET /auth/signin 200 in 1804ms
 GET /api/hr/employees 200 in 1186ms
 GET /api/hr/employees 200 in 583ms
 ○ Compiling /employee-portal ...
 ✓ Compiled /employee-portal in 1018ms
 GET /employee-portal 200 in 1625ms
 ✓ Compiled /api/employee-portal in 241ms
 GET /api/broadcast/active 200 in 1186ms
 GET /api/settings/platform-setup/status 200 in 1385ms
 GET /api/settings/system-settings?keys=broadcastBannerActiveId,broadcastBannerOneTitle,broadcastBannerOneMessage,broadcastBannerOneTone,broadcastBannerTwoTitle,broadcastBannerTwoMessage,broadcastBannerTwoTone,broadcastBannerThreeTitle,broadcastBannerThreeMessage,broadcastBannerThreeTone 200 in 533ms
 GET /api/employee-portal 200 in 1144ms
 ✓ Compiled /api/public/company-portal/assets in 158ms
 GET /api/employee-portal 200 in 1383ms
 GET /api/public/company-portal/assets?filePath=company-portal%2F1785582602408-3b1dd599-89cb-425b-a760-1d7fc74fa650.png 500 in 543ms
 GET /people/onboarding 200 in 189ms
 ✓ Compiled /api/hr/onboarding in 316ms
 GET /api/hr/employees 200 in 1049ms
 GET /api/hr/onboarding?view=tasks 200 in 1248ms
 GET /api/broadcast/active 200 in 1328ms
 GET /api/hr/onboarding 200 in 1342ms
 ✓ Compiled /api/hr/learning in 326ms
 GET /api/settings/platform-setup/status 200 in 1003ms
 GET /api/hr/learning 200 in 1305ms
 GET /api/hr/onboarding 200 in 1061ms
 GET /api/hr/learning?view=courses 200 in 1398ms
 GET /api/hr/onboarding?view=tasks 200 in 979ms
 GET /api/hr/employees 200 in 951ms
 GET /api/hr/learning 200 in 961ms
 GET /api/hr/learning?view=courses 200 in 867ms
 GET /settings?adminTab=hr-setup&config=onboarding 200 in 492ms
 GET /api/settings/system-settings?keys=broadcastBannerActiveId,broadcastBannerOneTitle,broadcastBannerOneMessage,broadcastBannerOneTone,broadcastBannerTwoTitle,broadcastBannerTwoMessage,broadcastBannerTwoTone,broadcastBannerThreeTitle,broadcastBannerThreeMessage,broadcastBannerThreeTone 200 in 751ms
 ○ Compiling /settings/onboarding ...
 GET /api/settings/platform-setup/status 200 in 845ms
 GET /api/broadcast/active 200 in 1038ms
 ✓ Compiled /settings/onboarding in 958ms
 GET /api/hr/employees?id=6f939ba5-f0a9-483b-a2b4-e3df94a96c56 200 in 2396ms
 GET /api/settings/platform-setup/status 200 in 1205ms
 GET /settings/onboarding?adminCenterEmbed=1 200 in 1805ms
 GET /api/settings/platform-setup/status 200 in 990ms
 GET /api/settings/system-settings?keys=broadcastBannerActiveId,broadcastBannerOneTitle,broadcastBannerOneMessage,broadcastBannerOneTone,broadcastBannerTwoTitle,broadcastBannerTwoMessage,broadcastBannerTwoTone,broadcastBannerThreeTitle,broadcastBannerThreeMessage,broadcastBannerThreeTone 200 in 422ms
 GET /api/settings/system-settings?keys=appLogoDataUrl%2CappName%2CshowLogoOnly%2CsidebarLogoSize%2CcollapsedSidebarLogoSize%2CsidebarLogoCollapsedLightMode%2CsidebarLogoExpandedLightMode%2CsidebarLogoCollapsedDarkMode%2CsidebarLogoExpandedDarkMode%2CthemePreference%2CprimaryGradient%2CprimaryButtonShadowL%2CprimaryButtonShadowHoverL%2CprimaryButtonShadowD%2CprimaryButtonShadowHoverD%2CsidebarBackgroundType%2CsidebarBackgroundImageUrl%2CsidebarBackgroundImageFit%2CsidebarBackgroundImagePosition%2CsidebarNavigationMode%2CsidebarSecondaryGroupLabels%2CsidebarBgStartL%2CsidebarBgEndL%2CsidebarTextL%2CsidebarActiveBgStartL%2CsidebarActiveBgEndL%2CsidebarActiveTextL%2CsidebarHoverBgL%2CsidebarHoverTextL%2CsidebarBorderL%2CbuttonTextColorL%2CbuttonTextColorD%2CsidebarBgStartD%2CsidebarBgEndD%2CsidebarTextD%2CsidebarActiveBgStartD%2CsidebarActiveBgEndD%2CsidebarActiveTextD%2CsidebarHoverBgD%2CsidebarHoverTextD%2CsidebarBorderD%2CsidebarFontFamilyL%2CsidebarFontSizeL%2CsidebarFontWeightL%2CsidebarLineHeightL%2CsidebarLetterSpacingL%2CsidebarTextTransformL%2CsidebarFontFamilyD%2CsidebarFontSizeD%2CsidebarFontWeightD%2CsidebarLineHeightD%2CsidebarLetterSpacingD%2CsidebarTextTransformD%2CsidebarBorderWidthL%2CsidebarBorderStyleL%2CsidebarBorderRadiusL%2CsidebarShadowL%2CsidebarShadowHoverL%2CsidebarShadowActiveL%2CsidebarBorderWidthD%2CsidebarBorderStyleD%2CsidebarBorderRadiusD%2CsidebarShadowD%2CsidebarShadowHoverD%2CsidebarShadowActiveD%2CsidebarPaddingXL%2CsidebarPaddingYL%2CsidebarMarginL%2CsidebarGapL%2CsidebarWidthL%2CsidebarWidthCollapsedL%2CsidebarTransitionDurationL%2CsidebarTransitionTimingL%2CsidebarPaddingXD%2CsidebarPaddingYD%2CsidebarMarginD%2CsidebarGapD%2CsidebarWidthD%2CsidebarWidthCollapsedD%2CsidebarTransitionDurationD%2CsidebarTransitionTimingD%2CsidebarMenuItemBgL%2CsidebarMenuItemBgHoverL%2CsidebarMenuItemBgActiveL%2CsidebarMenuItemColorL%2CsidebarMenuItemColorHoverL%2CsidebarMenuItemColorActiveL%2CsidebarMenuItemBorderL%2CsidebarMenuItemBorderHoverL%2CsidebarMenuItemBorderActiveL%2CsidebarMenuItemBorderRadiusL%2CsidebarMenuItemPaddingXL%2CsidebarMenuItemPaddingYL%2CsidebarMenuItemMarginL%2CsidebarMenuItemFontWeightL%2CsidebarMenuItemFontWeightActiveL%2CsidebarMenuItemFontSizeL%2CsidebarMenuItemLineHeightL%2CsidebarMenuItemTransitionL%2CsidebarMenuItemBgD%2CsidebarMenuItemBgHoverD%2CsidebarMenuItemBgActiveD%2CsidebarMenuItemColorD%2CsidebarMenuItemColorHoverD%2CsidebarMenuItemColorActiveD%2CsidebarMenuItemBorderD%2CsidebarMenuItemBorderHoverD%2CsidebarMenuItemBorderActiveD%2CsidebarMenuItemBorderRadiusD%2CsidebarMenuItemPaddingXD%2CsidebarMenuItemPaddingYD%2CsidebarMenuItemMarginD%2CsidebarMenuItemFontWeightD%2CsidebarMenuItemFontWeightActiveD%2CsidebarMenuItemFontSizeD%2CsidebarMenuItemLineHeightD%2CsidebarMenuItemTransitionD%2CsidebarIconSizeL%2CsidebarIconColorL%2CsidebarIconColorHoverL%2CsidebarIconColorActiveL%2CsidebarIconMarginRightL%2CsidebarIconTransitionL%2CsidebarIconSizeD%2CsidebarIconColorD%2CsidebarIconColorHoverD%2CsidebarIconColorActiveD%2CsidebarIconMarginRightD%2CsidebarIconTransitionD%2CsidebarGroupLabelColorL%2CsidebarGroupLabelFontSizeL%2CsidebarGroupLabelFontWeightL%2CsidebarGroupLabelTextTransformL%2CsidebarGroupLabelLetterSpacingL%2CsidebarGroupLabelPaddingL%2CsidebarGroupLabelMarginL%2CsidebarGroupLabelColorD%2CsidebarGroupLabelFontSizeD%2CsidebarGroupLabelFontWeightD%2CsidebarGroupLabelTextTransformD%2CsidebarGroupLabelLetterSpacingD%2CsidebarGroupLabelPaddingD%2CsidebarGroupLabelMarginD 200 in 734ms
 GET /api/auth/session 200 in 787ms
 GET /api/user-preferences 200 in 918ms
 GET /api/settings/system-settings?keys=appName%2CappLogoDataUrl%2CappFaviconDataUrl%2CorganizationLogoDataUrl%2CappThemePreference%2CshowLogoOnly%2CsidebarLogoSize%2CsidebarLogoCollapsedLightMode%2CsidebarLogoExpandedLightMode%2CsidebarLogoCollapsedDarkMode%2CsidebarLogoExpandedDarkMode%2CloginPageLogoLightMode%2CloginPageLogoDarkMode%2CsplashBackgroundColor%2CsplashLogoDataUrl%2CsplashAnimationType%2CpwaEnabled%2CpwaThemeColor%2CpwaBackgroundColor%2CpwaAppleMobileWebAppTitle%2CpwaAppleMobileWebAppStatusBarStyle%2CrightClickProtectionEnabled%2CscreenCaptureProtectionEnabled 200 in 1522ms
 GET /api/realtime/notifications?limit=50 200 in 804ms
 GET /api/hr/onboarding?view=tasks 200 in 1075ms
 GET /api/hr/onboarding?view=templates 200 in 1164ms
 GET /api/hr/onboarding?view=templates 200 in 831ms
 GET /api/hr/onboarding?view=tasks 200 in 758ms
 GET /api/user-preferences 200 in 650ms
 GET /api/user-preferences 200 in 554ms
 GET /api/user-preferences 200 in 513ms
 ✓ Compiled in 234ms
 ✓ Compiled in 297ms
 ✓ Compiled in 227ms
 ✓ Compiled in 256ms
 ✓ Compiled in 223ms
 GET /people/9180a346-84c7-4341-b550-8ac2f1b4e7b0 200 in 1052ms
 GET /api/settings/system-settings?keys=appLogoDataUrl%2CappName%2CshowLogoOnly%2CsidebarLogoSize%2CcollapsedSidebarLogoSize%2CsidebarLogoCollapsedLightMode%2CsidebarLogoExpandedLightMode%2CsidebarLogoCollapsedDarkMode%2CsidebarLogoExpandedDarkMode%2CthemePreference%2CprimaryGradient%2CprimaryButtonShadowL%2CprimaryButtonShadowHoverL%2CprimaryButtonShadowD%2CprimaryButtonShadowHoverD%2CsidebarBackgroundType%2CsidebarBackgroundImageUrl%2CsidebarBackgroundImageFit%2CsidebarBackgroundImagePosition%2CsidebarNavigationMode%2CsidebarSecondaryGroupLabels%2CsidebarBgStartL%2CsidebarBgEndL%2CsidebarTextL%2CsidebarActiveBgStartL%2CsidebarActiveBgEndL%2CsidebarActiveTextL%2CsidebarHoverBgL%2CsidebarHoverTextL%2CsidebarBorderL%2CbuttonTextColorL%2CbuttonTextColorD%2CsidebarBgStartD%2CsidebarBgEndD%2CsidebarTextD%2CsidebarActiveBgStartD%2CsidebarActiveBgEndD%2CsidebarActiveTextD%2CsidebarHoverBgD%2CsidebarHoverTextD%2CsidebarBorderD%2CsidebarFontFamilyL%2CsidebarFontSizeL%2CsidebarFontWeightL%2CsidebarLineHeightL%2CsidebarLetterSpacingL%2CsidebarTextTransformL%2CsidebarFontFamilyD%2CsidebarFontSizeD%2CsidebarFontWeightD%2CsidebarLineHeightD%2CsidebarLetterSpacingD%2CsidebarTextTransformD%2CsidebarBorderWidthL%2CsidebarBorderStyleL%2CsidebarBorderRadiusL%2CsidebarShadowL%2CsidebarShadowHoverL%2CsidebarShadowActiveL%2CsidebarBorderWidthD%2CsidebarBorderStyleD%2CsidebarBorderRadiusD%2CsidebarShadowD%2CsidebarShadowHoverD%2CsidebarShadowActiveD%2CsidebarPaddingXL%2CsidebarPaddingYL%2CsidebarMarginL%2CsidebarGapL%2CsidebarWidthL%2CsidebarWidthCollapsedL%2CsidebarTransitionDurationL%2CsidebarTransitionTimingL%2CsidebarPaddingXD%2CsidebarPaddingYD%2CsidebarMarginD%2CsidebarGapD%2CsidebarWidthD%2CsidebarWidthCollapsedD%2CsidebarTransitionDurationD%2CsidebarTransitionTimingD%2CsidebarMenuItemBgL%2CsidebarMenuItemBgHoverL%2CsidebarMenuItemBgActiveL%2CsidebarMenuItemColorL%2CsidebarMenuItemColorHoverL%2CsidebarMenuItemColorActiveL%2CsidebarMenuItemBorderL%2CsidebarMenuItemBorderHoverL%2CsidebarMenuItemBorderActiveL%2CsidebarMenuItemBorderRadiusL%2CsidebarMenuItemPaddingXL%2CsidebarMenuItemPaddingYL%2CsidebarMenuItemMarginL%2CsidebarMenuItemFontWeightL%2CsidebarMenuItemFontWeightActiveL%2CsidebarMenuItemFontSizeL%2CsidebarMenuItemLineHeightL%2CsidebarMenuItemTransitionL%2CsidebarMenuItemBgD%2CsidebarMenuItemBgHoverD%2CsidebarMenuItemBgActiveD%2CsidebarMenuItemColorD%2CsidebarMenuItemColorHoverD%2CsidebarMenuItemColorActiveD%2CsidebarMenuItemBorderD%2CsidebarMenuItemBorderHoverD%2CsidebarMenuItemBorderActiveD%2CsidebarMenuItemBorderRadiusD%2CsidebarMenuItemPaddingXD%2CsidebarMenuItemPaddingYD%2CsidebarMenuItemMarginD%2CsidebarMenuItemFontWeightD%2CsidebarMenuItemFontWeightActiveD%2CsidebarMenuItemFontSizeD%2CsidebarMenuItemLineHeightD%2CsidebarMenuItemTransitionD%2CsidebarIconSizeL%2CsidebarIconColorL%2CsidebarIconColorHoverL%2CsidebarIconColorActiveL%2CsidebarIconMarginRightL%2CsidebarIconTransitionL%2CsidebarIconSizeD%2CsidebarIconColorD%2CsidebarIconColorHoverD%2CsidebarIconColorActiveD%2CsidebarIconMarginRightD%2CsidebarIconTransitionD%2CsidebarGroupLabelColorL%2CsidebarGroupLabelFontSizeL%2CsidebarGroupLabelFontWeightL%2CsidebarGroupLabelTextTransformL%2CsidebarGroupLabelLetterSpacingL%2CsidebarGroupLabelPaddingL%2CsidebarGroupLabelMarginL%2CsidebarGroupLabelColorD%2CsidebarGroupLabelFontSizeD%2CsidebarGroupLabelFontWeightD%2CsidebarGroupLabelTextTransformD%2CsidebarGroupLabelLetterSpacingD%2CsidebarGroupLabelPaddingD%2CsidebarGroupLabelMarginD 200 in 906ms
 GET /api/auth/session 200 in 996ms
 GET /api/user-preferences 200 in 1139ms
 GET /api/broadcast/active 200 in 923ms
 GET /api/settings/system-settings?keys=appName%2CappLogoDataUrl%2CappFaviconDataUrl%2CorganizationLogoDataUrl%2CappThemePreference%2CshowLogoOnly%2CsidebarLogoSize%2CsidebarLogoCollapsedLightMode%2CsidebarLogoExpandedLightMode%2CsidebarLogoCollapsedDarkMode%2CsidebarLogoExpandedDarkMode%2CloginPageLogoLightMode%2CloginPageLogoDarkMode%2CsplashBackgroundColor%2CsplashLogoDataUrl%2CsplashAnimationType%2CpwaEnabled%2CpwaThemeColor%2CpwaBackgroundColor%2CpwaAppleMobileWebAppTitle%2CpwaAppleMobileWebAppStatusBarStyle%2CrightClickProtectionEnabled%2CscreenCaptureProtectionEnabled 200 in 1156ms
 GET /api/upload-queue/health 200 in 706ms
 GET /api/settings/platform-setup/status 200 in 828ms
 GET /api/realtime/notifications?limit=50 200 in 588ms
 GET /api/broadcast/active 200 in 856ms
 GET /api/settings/platform-setup/status 200 in 739ms
 GET /api/settings/system-settings?keys=drawerStyle 200 in 480ms
 GET /api/privacy-support/categories 200 in 962ms
 GET /api/privacy-support/categories 200 in 788ms
 GET /api/broadcast/active 200 in 899ms
 GET /api/hr/employees?id=9180a346-84c7-4341-b550-8ac2f1b4e7b0 200 in 1996ms
 GET /api/user-preferences 200 in 649ms
 GET /api/settings/system-settings?keys=broadcastBannerActiveId,broadcastBannerOneTitle,broadcastBannerOneMessage,broadcastBannerOneTone,broadcastBannerTwoTitle,broadcastBannerTwoMessage,broadcastBannerTwoTone,broadcastBannerThreeTitle,broadcastBannerThreeMessage,broadcastBannerThreeTone 200 in 671ms
 GET /api/broadcast/active 200 in 1233ms
 GET /api/upload-queue/health 200 in 621ms
 GET /api/settings/system-settings?keys=drawerStyle 200 in 426ms
 GET /api/user-preferences 200 in 559ms
 GET /api/hr/clients 200 in 653ms
 GET /api/settings/system-settings?keys=broadcastBannerActiveId,broadcastBannerOneTitle,broadcastBannerOneMessage,broadcastBannerOneTone,broadcastBannerTwoTitle,broadcastBannerTwoMessage,broadcastBannerTwoTone,broadcastBannerThreeTitle,broadcastBannerThreeMessage,broadcastBannerThreeTone 200 in 450ms
 GET /api/broadcast/active 200 in 885ms
 GET /api/upload-queue/health 200 in 569ms
 GET /api/settings/system-settings?keys=drawerStyle 200 in 486ms
 GET /api/settings/system-settings?keys=broadcastBannerActiveId,broadcastBannerOneTitle,broadcastBannerOneMessage,broadcastBannerOneTone,broadcastBannerTwoTitle,broadcastBannerTwoMessage,broadcastBannerTwoTone,broadcastBannerThreeTitle,broadcastBannerThreeMessage,broadcastBannerThreeTone 200 in 453ms
 GET /api/user-preferences 200 in 588ms
 GET /api/settings/system-settings?keys=drawerStyle 200 in 532ms
 GET /api/settings/system-settings?keys=broadcastBannerActiveId,broadcastBannerOneTitle,broadcastBannerOneMessage,broadcastBannerOneTone,broadcastBannerTwoTitle,broadcastBannerTwoMessage,broadcastBannerTwoTone,broadcastBannerThreeTitle,broadcastBannerThreeMessage,broadcastBannerThreeTone 200 in 500ms
 GET /api/settings/system-settings?keys=broadcastBannerActiveId,broadcastBannerOneTitle,broadcastBannerOneMessage,broadcastBannerOneTone,broadcastBannerTwoTitle,broadcastBannerTwoMessage,broadcastBannerTwoTone,broadcastBannerThreeTitle,broadcastBannerThreeMessage,broadcastBannerThreeTone 200 in 468ms
 GET /api/sse 200 in 102031ms
 ○ Compiling /settings/system-settings ...
 ✓ Compiled /settings/system-settings in 1233ms
 GET /settings/system-settings?tab=organize&adminCenterEmbed=1 200 in 2087ms
 GET /api/settings/system-settings?keys=appLogoDataUrl%2CappName%2CshowLogoOnly%2CsidebarLogoSize%2CcollapsedSidebarLogoSize%2CsidebarLogoCollapsedLightMode%2CsidebarLogoExpandedLightMode%2CsidebarLogoCollapsedDarkMode%2CsidebarLogoExpandedDarkMode%2CthemePreference%2CprimaryGradient%2CprimaryButtonShadowL%2CprimaryButtonShadowHoverL%2CprimaryButtonShadowD%2CprimaryButtonShadowHoverD%2CsidebarBackgroundType%2CsidebarBackgroundImageUrl%2CsidebarBackgroundImageFit%2CsidebarBackgroundImagePosition%2CsidebarNavigationMode%2CsidebarSecondaryGroupLabels%2CsidebarBgStartL%2CsidebarBgEndL%2CsidebarTextL%2CsidebarActiveBgStartL%2CsidebarActiveBgEndL%2CsidebarActiveTextL%2CsidebarHoverBgL%2CsidebarHoverTextL%2CsidebarBorderL%2CbuttonTextColorL%2CbuttonTextColorD%2CsidebarBgStartD%2CsidebarBgEndD%2CsidebarTextD%2CsidebarActiveBgStartD%2CsidebarActiveBgEndD%2CsidebarActiveTextD%2CsidebarHoverBgD%2CsidebarHoverTextD%2CsidebarBorderD%2CsidebarFontFamilyL%2CsidebarFontSizeL%2CsidebarFontWeightL%2CsidebarLineHeightL%2CsidebarLetterSpacingL%2CsidebarTextTransformL%2CsidebarFontFamilyD%2CsidebarFontSizeD%2CsidebarFontWeightD%2CsidebarLineHeightD%2CsidebarLetterSpacingD%2CsidebarTextTransformD%2CsidebarBorderWidthL%2CsidebarBorderStyleL%2CsidebarBorderRadiusL%2CsidebarShadowL%2CsidebarShadowHoverL%2CsidebarShadowActiveL%2CsidebarBorderWidthD%2CsidebarBorderStyleD%2CsidebarBorderRadiusD%2CsidebarShadowD%2CsidebarShadowHoverD%2CsidebarShadowActiveD%2CsidebarPaddingXL%2CsidebarPaddingYL%2CsidebarMarginL%2CsidebarGapL%2CsidebarWidthL%2CsidebarWidthCollapsedL%2CsidebarTransitionDurationL%2CsidebarTransitionTimingL%2CsidebarPaddingXD%2CsidebarPaddingYD%2CsidebarMarginD%2CsidebarGapD%2CsidebarWidthD%2CsidebarWidthCollapsedD%2CsidebarTransitionDurationD%2CsidebarTransitionTimingD%2CsidebarMenuItemBgL%2CsidebarMenuItemBgHoverL%2CsidebarMenuItemBgActiveL%2CsidebarMenuItemColorL%2CsidebarMenuItemColorHoverL%2CsidebarMenuItemColorActiveL%2CsidebarMenuItemBorderL%2CsidebarMenuItemBorderHoverL%2CsidebarMenuItemBorderActiveL%2CsidebarMenuItemBorderRadiusL%2CsidebarMenuItemPaddingXL%2CsidebarMenuItemPaddingYL%2CsidebarMenuItemMarginL%2CsidebarMenuItemFontWeightL%2CsidebarMenuItemFontWeightActiveL%2CsidebarMenuItemFontSizeL%2CsidebarMenuItemLineHeightL%2CsidebarMenuItemTransitionL%2CsidebarMenuItemBgD%2CsidebarMenuItemBgHoverD%2CsidebarMenuItemBgActiveD%2CsidebarMenuItemColorD%2CsidebarMenuItemColorHoverD%2CsidebarMenuItemColorActiveD%2CsidebarMenuItemBorderD%2CsidebarMenuItemBorderHoverD%2CsidebarMenuItemBorderActiveD%2CsidebarMenuItemBorderRadiusD%2CsidebarMenuItemPaddingXD%2CsidebarMenuItemPaddingYD%2CsidebarMenuItemMarginD%2CsidebarMenuItemFontWeightD%2CsidebarMenuItemFontWeightActiveD%2CsidebarMenuItemFontSizeD%2CsidebarMenuItemLineHeightD%2CsidebarMenuItemTransitionD%2CsidebarIconSizeL%2CsidebarIconColorL%2CsidebarIconColorHoverL%2CsidebarIconColorActiveL%2CsidebarIconMarginRightL%2CsidebarIconTransitionL%2CsidebarIconSizeD%2CsidebarIconColorD%2CsidebarIconColorHoverD%2CsidebarIconColorActiveD%2CsidebarIconMarginRightD%2CsidebarIconTransitionD%2CsidebarGroupLabelColorL%2CsidebarGroupLabelFontSizeL%2CsidebarGroupLabelFontWeightL%2CsidebarGroupLabelTextTransformL%2CsidebarGroupLabelLetterSpacingL%2CsidebarGroupLabelPaddingL%2CsidebarGroupLabelMarginL%2CsidebarGroupLabelColorD%2CsidebarGroupLabelFontSizeD%2CsidebarGroupLabelFontWeightD%2CsidebarGroupLabelTextTransformD%2CsidebarGroupLabelLetterSpacingD%2CsidebarGroupLabelPaddingD%2CsidebarGroupLabelMarginD 200 in 920ms
 GET /api/auth/session 200 in 971ms
 GET /api/user-preferences 200 in 1196ms
 GET /api/settings/system-settings?keys=appName%2CappLogoDataUrl%2CappFaviconDataUrl%2CorganizationLogoDataUrl%2CappThemePreference%2CshowLogoOnly%2CsidebarLogoSize%2CsidebarLogoCollapsedLightMode%2CsidebarLogoExpandedLightMode%2CsidebarLogoCollapsedDarkMode%2CsidebarLogoExpandedDarkMode%2CloginPageLogoLightMode%2CloginPageLogoDarkMode%2CsplashBackgroundColor%2CsplashLogoDataUrl%2CsplashAnimationType%2CpwaEnabled%2CpwaThemeColor%2CpwaBackgroundColor%2CpwaAppleMobileWebAppTitle%2CpwaAppleMobileWebAppStatusBarStyle%2CrightClickProtectionEnabled%2CscreenCaptureProtectionEnabled 200 in 1265ms
 GET /api/settings/system-settings 200 in 1522ms
 GET /api/realtime/notifications?limit=50 200 in 625ms
 GET /api/user-preferences 200 in 594ms
 GET /api/settings/dropdown-options?key=organization_types 200 in 698ms
 GET /api/settings/system-settings 200 in 1321ms
 GET /api/settings/dropdown-options?key=organization_sizes 200 in 647ms
 GET /api/user-preferences 200 in 529ms
 GET /api/settings/dropdown-options?key=organization_types 200 in 701ms
 GET /api/settings/dropdown-options?key=organization_sizes 200 in 654ms
 GET /settings?adminTab=hr-setup&config=onboarding&setupView=map 200 in 463ms
 GET /api/user-preferences 200 in 564ms
 GET /api/sse 200 in 4917ms
 GET /settings?adminTab=hr-setup&config=onboarding 200 in 168ms
 GET /settings/system-settings?tab=organize&adminCenterEmbed=1 200 in 954ms
 GET /api/settings/system-settings?keys=appLogoDataUrl%2CappName%2CshowLogoOnly%2CsidebarLogoSize%2CcollapsedSidebarLogoSize%2CsidebarLogoCollapsedLightMode%2CsidebarLogoExpandedLightMode%2CsidebarLogoCollapsedDarkMode%2CsidebarLogoExpandedDarkMode%2CthemePreference%2CprimaryGradient%2CprimaryButtonShadowL%2CprimaryButtonShadowHoverL%2CprimaryButtonShadowD%2CprimaryButtonShadowHoverD%2CsidebarBackgroundType%2CsidebarBackgroundImageUrl%2CsidebarBackgroundImageFit%2CsidebarBackgroundImagePosition%2CsidebarNavigationMode%2CsidebarSecondaryGroupLabels%2CsidebarBgStartL%2CsidebarBgEndL%2CsidebarTextL%2CsidebarActiveBgStartL%2CsidebarActiveBgEndL%2CsidebarActiveTextL%2CsidebarHoverBgL%2CsidebarHoverTextL%2CsidebarBorderL%2CbuttonTextColorL%2CbuttonTextColorD%2CsidebarBgStartD%2CsidebarBgEndD%2CsidebarTextD%2CsidebarActiveBgStartD%2CsidebarActiveBgEndD%2CsidebarActiveTextD%2CsidebarHoverBgD%2CsidebarHoverTextD%2CsidebarBorderD%2CsidebarFontFamilyL%2CsidebarFontSizeL%2CsidebarFontWeightL%2CsidebarLineHeightL%2CsidebarLetterSpacingL%2CsidebarTextTransformL%2CsidebarFontFamilyD%2CsidebarFontSizeD%2CsidebarFontWeightD%2CsidebarLineHeightD%2CsidebarLetterSpacingD%2CsidebarTextTransformD%2CsidebarBorderWidthL%2CsidebarBorderStyleL%2CsidebarBorderRadiusL%2CsidebarShadowL%2CsidebarShadowHoverL%2CsidebarShadowActiveL%2CsidebarBorderWidthD%2CsidebarBorderStyleD%2CsidebarBorderRadiusD%2CsidebarShadowD%2CsidebarShadowHoverD%2CsidebarShadowActiveD%2CsidebarPaddingXL%2CsidebarPaddingYL%2CsidebarMarginL%2CsidebarGapL%2CsidebarWidthL%2CsidebarWidthCollapsedL%2CsidebarTransitionDurationL%2CsidebarTransitionTimingL%2CsidebarPaddingXD%2CsidebarPaddingYD%2CsidebarMarginD%2CsidebarGapD%2CsidebarWidthD%2CsidebarWidthCollapsedD%2CsidebarTransitionDurationD%2CsidebarTransitionTimingD%2CsidebarMenuItemBgL%2CsidebarMenuItemBgHoverL%2CsidebarMenuItemBgActiveL%2CsidebarMenuItemColorL%2CsidebarMenuItemColorHoverL%2CsidebarMenuItemColorActiveL%2CsidebarMenuItemBorderL%2CsidebarMenuItemBorderHoverL%2CsidebarMenuItemBorderActiveL%2CsidebarMenuItemBorderRadiusL%2CsidebarMenuItemPaddingXL%2CsidebarMenuItemPaddingYL%2CsidebarMenuItemMarginL%2CsidebarMenuItemFontWeightL%2CsidebarMenuItemFontWeightActiveL%2CsidebarMenuItemFontSizeL%2CsidebarMenuItemLineHeightL%2CsidebarMenuItemTransitionL%2CsidebarMenuItemBgD%2CsidebarMenuItemBgHoverD%2CsidebarMenuItemBgActiveD%2CsidebarMenuItemColorD%2CsidebarMenuItemColorHoverD%2CsidebarMenuItemColorActiveD%2CsidebarMenuItemBorderD%2CsidebarMenuItemBorderHoverD%2CsidebarMenuItemBorderActiveD%2CsidebarMenuItemBorderRadiusD%2CsidebarMenuItemPaddingXD%2CsidebarMenuItemPaddingYD%2CsidebarMenuItemMarginD%2CsidebarMenuItemFontWeightD%2CsidebarMenuItemFontWeightActiveD%2CsidebarMenuItemFontSizeD%2CsidebarMenuItemLineHeightD%2CsidebarMenuItemTransitionD%2CsidebarIconSizeL%2CsidebarIconColorL%2CsidebarIconColorHoverL%2CsidebarIconColorActiveL%2CsidebarIconMarginRightL%2CsidebarIconTransitionL%2CsidebarIconSizeD%2CsidebarIconColorD%2CsidebarIconColorHoverD%2CsidebarIconColorActiveD%2CsidebarIconMarginRightD%2CsidebarIconTransitionD%2CsidebarGroupLabelColorL%2CsidebarGroupLabelFontSizeL%2CsidebarGroupLabelFontWeightL%2CsidebarGroupLabelTextTransformL%2CsidebarGroupLabelLetterSpacingL%2CsidebarGroupLabelPaddingL%2CsidebarGroupLabelMarginL%2CsidebarGroupLabelColorD%2CsidebarGroupLabelFontSizeD%2CsidebarGroupLabelFontWeightD%2CsidebarGroupLabelTextTransformD%2CsidebarGroupLabelLetterSpacingD%2CsidebarGroupLabelPaddingD%2CsidebarGroupLabelMarginD 200 in 617ms
 GET /api/auth/session 200 in 671ms
 GET /api/user-preferences 200 in 1075ms
 GET /api/settings/system-settings?keys=appName%2CappLogoDataUrl%2CappFaviconDataUrl%2CorganizationLogoDataUrl%2CappThemePreference%2CshowLogoOnly%2CsidebarLogoSize%2CsidebarLogoCollapsedLightMode%2CsidebarLogoExpandedLightMode%2CsidebarLogoCollapsedDarkMode%2CsidebarLogoExpandedDarkMode%2CloginPageLogoLightMode%2CloginPageLogoDarkMode%2CsplashBackgroundColor%2CsplashLogoDataUrl%2CsplashAnimationType%2CpwaEnabled%2CpwaThemeColor%2CpwaBackgroundColor%2CpwaAppleMobileWebAppTitle%2CpwaAppleMobileWebAppStatusBarStyle%2CrightClickProtectionEnabled%2CscreenCaptureProtectionEnabled 200 in 1445ms
 GET /api/realtime/notifications?limit=50 200 in 616ms
 GET /api/settings/system-settings 200 in 1738ms
 GET /api/user-preferences 200 in 737ms
 GET /api/settings/dropdown-options?key=organization_types 200 in 551ms
 GET /api/settings/system-settings 200 in 1529ms
 GET /api/settings/dropdown-options?key=organization_sizes 200 in 533ms
 GET /api/user-preferences 200 in 584ms
 GET /api/settings/dropdown-options?key=organization_types 200 in 529ms
 GET /api/settings/dropdown-options?key=organization_sizes 200 in 566ms
 GET /api/user-preferences 200 in 514ms
 GET /api/sse 200 in 30515ms
 ○ Compiling /workforce/holidays ...
 ✓ Compiled /workforce/holidays in 908ms
 GET /workforce/holidays?tab=leave-blocks&adminCenterEmbed=1 200 in 1794ms
 GET /api/settings/system-settings?keys=appLogoDataUrl%2CappName%2CshowLogoOnly%2CsidebarLogoSize%2CcollapsedSidebarLogoSize%2CsidebarLogoCollapsedLightMode%2CsidebarLogoExpandedLightMode%2CsidebarLogoCollapsedDarkMode%2CsidebarLogoExpandedDarkMode%2CthemePreference%2CprimaryGradient%2CprimaryButtonShadowL%2CprimaryButtonShadowHoverL%2CprimaryButtonShadowD%2CprimaryButtonShadowHoverD%2CsidebarBackgroundType%2CsidebarBackgroundImageUrl%2CsidebarBackgroundImageFit%2CsidebarBackgroundImagePosition%2CsidebarNavigationMode%2CsidebarSecondaryGroupLabels%2CsidebarBgStartL%2CsidebarBgEndL%2CsidebarTextL%2CsidebarActiveBgStartL%2CsidebarActiveBgEndL%2CsidebarActiveTextL%2CsidebarHoverBgL%2CsidebarHoverTextL%2CsidebarBorderL%2CbuttonTextColorL%2CbuttonTextColorD%2CsidebarBgStartD%2CsidebarBgEndD%2CsidebarTextD%2CsidebarActiveBgStartD%2CsidebarActiveBgEndD%2CsidebarActiveTextD%2CsidebarHoverBgD%2CsidebarHoverTextD%2CsidebarBorderD%2CsidebarFontFamilyL%2CsidebarFontSizeL%2CsidebarFontWeightL%2CsidebarLineHeightL%2CsidebarLetterSpacingL%2CsidebarTextTransformL%2CsidebarFontFamilyD%2CsidebarFontSizeD%2CsidebarFontWeightD%2CsidebarLineHeightD%2CsidebarLetterSpacingD%2CsidebarTextTransformD%2CsidebarBorderWidthL%2CsidebarBorderStyleL%2CsidebarBorderRadiusL%2CsidebarShadowL%2CsidebarShadowHoverL%2CsidebarShadowActiveL%2CsidebarBorderWidthD%2CsidebarBorderStyleD%2CsidebarBorderRadiusD%2CsidebarShadowD%2CsidebarShadowHoverD%2CsidebarShadowActiveD%2CsidebarPaddingXL%2CsidebarPaddingYL%2CsidebarMarginL%2CsidebarGapL%2CsidebarWidthL%2CsidebarWidthCollapsedL%2CsidebarTransitionDurationL%2CsidebarTransitionTimingL%2CsidebarPaddingXD%2CsidebarPaddingYD%2CsidebarMarginD%2CsidebarGapD%2CsidebarWidthD%2CsidebarWidthCollapsedD%2CsidebarTransitionDurationD%2CsidebarTransitionTimingD%2CsidebarMenuItemBgL%2CsidebarMenuItemBgHoverL%2CsidebarMenuItemBgActiveL%2CsidebarMenuItemColorL%2CsidebarMenuItemColorHoverL%2CsidebarMenuItemColorActiveL%2CsidebarMenuItemBorderL%2CsidebarMenuItemBorderHoverL%2CsidebarMenuItemBorderActiveL%2CsidebarMenuItemBorderRadiusL%2CsidebarMenuItemPaddingXL%2CsidebarMenuItemPaddingYL%2CsidebarMenuItemMarginL%2CsidebarMenuItemFontWeightL%2CsidebarMenuItemFontWeightActiveL%2CsidebarMenuItemFontSizeL%2CsidebarMenuItemLineHeightL%2CsidebarMenuItemTransitionL%2CsidebarMenuItemBgD%2CsidebarMenuItemBgHoverD%2CsidebarMenuItemBgActiveD%2CsidebarMenuItemColorD%2CsidebarMenuItemColorHoverD%2CsidebarMenuItemColorActiveD%2CsidebarMenuItemBorderD%2CsidebarMenuItemBorderHoverD%2CsidebarMenuItemBorderActiveD%2CsidebarMenuItemBorderRadiusD%2CsidebarMenuItemPaddingXD%2CsidebarMenuItemPaddingYD%2CsidebarMenuItemMarginD%2CsidebarMenuItemFontWeightD%2CsidebarMenuItemFontWeightActiveD%2CsidebarMenuItemFontSizeD%2CsidebarMenuItemLineHeightD%2CsidebarMenuItemTransitionD%2CsidebarIconSizeL%2CsidebarIconColorL%2CsidebarIconColorHoverL%2CsidebarIconColorActiveL%2CsidebarIconMarginRightL%2CsidebarIconTransitionL%2CsidebarIconSizeD%2CsidebarIconColorD%2CsidebarIconColorHoverD%2CsidebarIconColorActiveD%2CsidebarIconMarginRightD%2CsidebarIconTransitionD%2CsidebarGroupLabelColorL%2CsidebarGroupLabelFontSizeL%2CsidebarGroupLabelFontWeightL%2CsidebarGroupLabelTextTransformL%2CsidebarGroupLabelLetterSpacingL%2CsidebarGroupLabelPaddingL%2CsidebarGroupLabelMarginL%2CsidebarGroupLabelColorD%2CsidebarGroupLabelFontSizeD%2CsidebarGroupLabelFontWeightD%2CsidebarGroupLabelTextTransformD%2CsidebarGroupLabelLetterSpacingD%2CsidebarGroupLabelPaddingD%2CsidebarGroupLabelMarginD 200 in 915ms
 GET /api/auth/session 200 in 932ms
 GET /api/user-preferences 200 in 1120ms
 ✓ Compiled /api/hr/leave in 242ms
 GET /api/settings/system-settings?keys=appName%2CappLogoDataUrl%2CappFaviconDataUrl%2CorganizationLogoDataUrl%2CappThemePreference%2CshowLogoOnly%2CsidebarLogoSize%2CsidebarLogoCollapsedLightMode%2CsidebarLogoExpandedLightMode%2CsidebarLogoCollapsedDarkMode%2CsidebarLogoExpandedDarkMode%2CloginPageLogoLightMode%2CloginPageLogoDarkMode%2CsplashBackgroundColor%2CsplashLogoDataUrl%2CsplashAnimationType%2CpwaEnabled%2CpwaThemeColor%2CpwaBackgroundColor%2CpwaAppleMobileWebAppTitle%2CpwaAppleMobileWebAppStatusBarStyle%2CrightClickProtectionEnabled%2CscreenCaptureProtectionEnabled 200 in 1153ms
 GET /api/hr/leave?view=blocks 200 in 1124ms
 GET /api/realtime/notifications?limit=50 200 in 564ms
 GET /api/hr/leave?view=blocks 200 in 829ms
 GET /api/user-preferences 200 in 528ms
 GET /api/sse 200 in 2586ms
 GET /api/user-preferences 200 in 385ms
 GET /settings/system-settings?tab=organize&adminCenterEmbed=1 200 in 634ms
 GET /api/settings/system-settings?keys=appLogoDataUrl%2CappName%2CshowLogoOnly%2CsidebarLogoSize%2CcollapsedSidebarLogoSize%2CsidebarLogoCollapsedLightMode%2CsidebarLogoExpandedLightMode%2CsidebarLogoCollapsedDarkMode%2CsidebarLogoExpandedDarkMode%2CthemePreference%2CprimaryGradient%2CprimaryButtonShadowL%2CprimaryButtonShadowHoverL%2CprimaryButtonShadowD%2CprimaryButtonShadowHoverD%2CsidebarBackgroundType%2CsidebarBackgroundImageUrl%2CsidebarBackgroundImageFit%2CsidebarBackgroundImagePosition%2CsidebarNavigationMode%2CsidebarSecondaryGroupLabels%2CsidebarBgStartL%2CsidebarBgEndL%2CsidebarTextL%2CsidebarActiveBgStartL%2CsidebarActiveBgEndL%2CsidebarActiveTextL%2CsidebarHoverBgL%2CsidebarHoverTextL%2CsidebarBorderL%2CbuttonTextColorL%2CbuttonTextColorD%2CsidebarBgStartD%2CsidebarBgEndD%2CsidebarTextD%2CsidebarActiveBgStartD%2CsidebarActiveBgEndD%2CsidebarActiveTextD%2CsidebarHoverBgD%2CsidebarHoverTextD%2CsidebarBorderD%2CsidebarFontFamilyL%2CsidebarFontSizeL%2CsidebarFontWeightL%2CsidebarLineHeightL%2CsidebarLetterSpacingL%2CsidebarTextTransformL%2CsidebarFontFamilyD%2CsidebarFontSizeD%2CsidebarFontWeightD%2CsidebarLineHeightD%2CsidebarLetterSpacingD%2CsidebarTextTransformD%2CsidebarBorderWidthL%2CsidebarBorderStyleL%2CsidebarBorderRadiusL%2CsidebarShadowL%2CsidebarShadowHoverL%2CsidebarShadowActiveL%2CsidebarBorderWidthD%2CsidebarBorderStyleD%2CsidebarBorderRadiusD%2CsidebarShadowD%2CsidebarShadowHoverD%2CsidebarShadowActiveD%2CsidebarPaddingXL%2CsidebarPaddingYL%2CsidebarMarginL%2CsidebarGapL%2CsidebarWidthL%2CsidebarWidthCollapsedL%2CsidebarTransitionDurationL%2CsidebarTransitionTimingL%2CsidebarPaddingXD%2CsidebarPaddingYD%2CsidebarMarginD%2CsidebarGapD%2CsidebarWidthD%2CsidebarWidthCollapsedD%2CsidebarTransitionDurationD%2CsidebarTransitionTimingD%2CsidebarMenuItemBgL%2CsidebarMenuItemBgHoverL%2CsidebarMenuItemBgActiveL%2CsidebarMenuItemColorL%2CsidebarMenuItemColorHoverL%2CsidebarMenuItemColorActiveL%2CsidebarMenuItemBorderL%2CsidebarMenuItemBorderHoverL%2CsidebarMenuItemBorderActiveL%2CsidebarMenuItemBorderRadiusL%2CsidebarMenuItemPaddingXL%2CsidebarMenuItemPaddingYL%2CsidebarMenuItemMarginL%2CsidebarMenuItemFontWeightL%2CsidebarMenuItemFontWeightActiveL%2CsidebarMenuItemFontSizeL%2CsidebarMenuItemLineHeightL%2CsidebarMenuItemTransitionL%2CsidebarMenuItemBgD%2CsidebarMenuItemBgHoverD%2CsidebarMenuItemBgActiveD%2CsidebarMenuItemColorD%2CsidebarMenuItemColorHoverD%2CsidebarMenuItemColorActiveD%2CsidebarMenuItemBorderD%2CsidebarMenuItemBorderHoverD%2CsidebarMenuItemBorderActiveD%2CsidebarMenuItemBorderRadiusD%2CsidebarMenuItemPaddingXD%2CsidebarMenuItemPaddingYD%2CsidebarMenuItemMarginD%2CsidebarMenuItemFontWeightD%2CsidebarMenuItemFontWeightActiveD%2CsidebarMenuItemFontSizeD%2CsidebarMenuItemLineHeightD%2CsidebarMenuItemTransitionD%2CsidebarIconSizeL%2CsidebarIconColorL%2CsidebarIconColorHoverL%2CsidebarIconColorActiveL%2CsidebarIconMarginRightL%2CsidebarIconTransitionL%2CsidebarIconSizeD%2CsidebarIconColorD%2CsidebarIconColorHoverD%2CsidebarIconColorActiveD%2CsidebarIconMarginRightD%2CsidebarIconTransitionD%2CsidebarGroupLabelColorL%2CsidebarGroupLabelFontSizeL%2CsidebarGroupLabelFontWeightL%2CsidebarGroupLabelTextTransformL%2CsidebarGroupLabelLetterSpacingL%2CsidebarGroupLabelPaddingL%2CsidebarGroupLabelMarginL%2CsidebarGroupLabelColorD%2CsidebarGroupLabelFontSizeD%2CsidebarGroupLabelFontWeightD%2CsidebarGroupLabelTextTransformD%2CsidebarGroupLabelLetterSpacingD%2CsidebarGroupLabelPaddingD%2CsidebarGroupLabelMarginD 200 in 572ms
 GET /api/auth/session 200 in 584ms
 GET /api/user-preferences 200 in 708ms
 GET /api/settings/system-settings?keys=appName%2CappLogoDataUrl%2CappFaviconDataUrl%2CorganizationLogoDataUrl%2CappThemePreference%2CshowLogoOnly%2CsidebarLogoSize%2CsidebarLogoCollapsedLightMode%2CsidebarLogoExpandedLightMode%2CsidebarLogoCollapsedDarkMode%2CsidebarLogoExpandedDarkMode%2CloginPageLogoLightMode%2CloginPageLogoDarkMode%2CsplashBackgroundColor%2CsplashLogoDataUrl%2CsplashAnimationType%2CpwaEnabled%2CpwaThemeColor%2CpwaBackgroundColor%2CpwaAppleMobileWebAppTitle%2CpwaAppleMobileWebAppStatusBarStyle%2CrightClickProtectionEnabled%2CscreenCaptureProtectionEnabled 200 in 1346ms
 GET /api/sse 200 in 1360ms
 GET /api/settings/system-settings 200 in 1310ms
 ○ Compiling /people/department ...
 ✓ Compiled /people/department in 1024ms
 GET /people/department?adminCenterEmbed=1 200 in 1385ms
 GET /api/settings/system-settings?keys=appLogoDataUrl%2CappName%2CshowLogoOnly%2CsidebarLogoSize%2CcollapsedSidebarLogoSize%2CsidebarLogoCollapsedLightMode%2CsidebarLogoExpandedLightMode%2CsidebarLogoCollapsedDarkMode%2CsidebarLogoExpandedDarkMode%2CthemePreference%2CprimaryGradient%2CprimaryButtonShadowL%2CprimaryButtonShadowHoverL%2CprimaryButtonShadowD%2CprimaryButtonShadowHoverD%2CsidebarBackgroundType%2CsidebarBackgroundImageUrl%2CsidebarBackgroundImageFit%2CsidebarBackgroundImagePosition%2CsidebarNavigationMode%2CsidebarSecondaryGroupLabels%2CsidebarBgStartL%2CsidebarBgEndL%2CsidebarTextL%2CsidebarActiveBgStartL%2CsidebarActiveBgEndL%2CsidebarActiveTextL%2CsidebarHoverBgL%2CsidebarHoverTextL%2CsidebarBorderL%2CbuttonTextColorL%2CbuttonTextColorD%2CsidebarBgStartD%2CsidebarBgEndD%2CsidebarTextD%2CsidebarActiveBgStartD%2CsidebarActiveBgEndD%2CsidebarActiveTextD%2CsidebarHoverBgD%2CsidebarHoverTextD%2CsidebarBorderD%2CsidebarFontFamilyL%2CsidebarFontSizeL%2CsidebarFontWeightL%2CsidebarLineHeightL%2CsidebarLetterSpacingL%2CsidebarTextTransformL%2CsidebarFontFamilyD%2CsidebarFontSizeD%2CsidebarFontWeightD%2CsidebarLineHeightD%2CsidebarLetterSpacingD%2CsidebarTextTransformD%2CsidebarBorderWidthL%2CsidebarBorderStyleL%2CsidebarBorderRadiusL%2CsidebarShadowL%2CsidebarShadowHoverL%2CsidebarShadowActiveL%2CsidebarBorderWidthD%2CsidebarBorderStyleD%2CsidebarBorderRadiusD%2CsidebarShadowD%2CsidebarShadowHoverD%2CsidebarShadowActiveD%2CsidebarPaddingXL%2CsidebarPaddingYL%2CsidebarMarginL%2CsidebarGapL%2CsidebarWidthL%2CsidebarWidthCollapsedL%2CsidebarTransitionDurationL%2CsidebarTransitionTimingL%2CsidebarPaddingXD%2CsidebarPaddingYD%2CsidebarMarginD%2CsidebarGapD%2CsidebarWidthD%2CsidebarWidthCollapsedD%2CsidebarTransitionDurationD%2CsidebarTransitionTimingD%2CsidebarMenuItemBgL%2CsidebarMenuItemBgHoverL%2CsidebarMenuItemBgActiveL%2CsidebarMenuItemColorL%2CsidebarMenuItemColorHoverL%2CsidebarMenuItemColorActiveL%2CsidebarMenuItemBorderL%2CsidebarMenuItemBorderHoverL%2CsidebarMenuItemBorderActiveL%2CsidebarMenuItemBorderRadiusL%2CsidebarMenuItemPaddingXL%2CsidebarMenuItemPaddingYL%2CsidebarMenuItemMarginL%2CsidebarMenuItemFontWeightL%2CsidebarMenuItemFontWeightActiveL%2CsidebarMenuItemFontSizeL%2CsidebarMenuItemLineHeightL%2CsidebarMenuItemTransitionL%2CsidebarMenuItemBgD%2CsidebarMenuItemBgHoverD%2CsidebarMenuItemBgActiveD%2CsidebarMenuItemColorD%2CsidebarMenuItemColorHoverD%2CsidebarMenuItemColorActiveD%2CsidebarMenuItemBorderD%2CsidebarMenuItemBorderHoverD%2CsidebarMenuItemBorderActiveD%2CsidebarMenuItemBorderRadiusD%2CsidebarMenuItemPaddingXD%2CsidebarMenuItemPaddingYD%2CsidebarMenuItemMarginD%2CsidebarMenuItemFontWeightD%2CsidebarMenuItemFontWeightActiveD%2CsidebarMenuItemFontSizeD%2CsidebarMenuItemLineHeightD%2CsidebarMenuItemTransitionD%2CsidebarIconSizeL%2CsidebarIconColorL%2CsidebarIconColorHoverL%2CsidebarIconColorActiveL%2CsidebarIconMarginRightL%2CsidebarIconTransitionL%2CsidebarIconSizeD%2CsidebarIconColorD%2CsidebarIconColorHoverD%2CsidebarIconColorActiveD%2CsidebarIconMarginRightD%2CsidebarIconTransitionD%2CsidebarGroupLabelColorL%2CsidebarGroupLabelFontSizeL%2CsidebarGroupLabelFontWeightL%2CsidebarGroupLabelTextTransformL%2CsidebarGroupLabelLetterSpacingL%2CsidebarGroupLabelPaddingL%2CsidebarGroupLabelMarginL%2CsidebarGroupLabelColorD%2CsidebarGroupLabelFontSizeD%2CsidebarGroupLabelFontWeightD%2CsidebarGroupLabelTextTransformD%2CsidebarGroupLabelLetterSpacingD%2CsidebarGroupLabelPaddingD%2CsidebarGroupLabelMarginD 200 in 756ms
 GET /api/auth/session 200 in 752ms
 GET /api/user-preferences 200 in 878ms
 ✓ Compiled /api/hr/departments in 207ms
 GET /api/settings/system-settings?keys=appName%2CappLogoDataUrl%2CappFaviconDataUrl%2CorganizationLogoDataUrl%2CappThemePreference%2CshowLogoOnly%2CsidebarLogoSize%2CsidebarLogoCollapsedLightMode%2CsidebarLogoExpandedLightMode%2CsidebarLogoCollapsedDarkMode%2CsidebarLogoExpandedDarkMode%2CloginPageLogoLightMode%2CloginPageLogoDarkMode%2CsplashBackgroundColor%2CsplashLogoDataUrl%2CsplashAnimationType%2CpwaEnabled%2CpwaThemeColor%2CpwaBackgroundColor%2CpwaAppleMobileWebAppTitle%2CpwaAppleMobileWebAppStatusBarStyle%2CrightClickProtectionEnabled%2CscreenCaptureProtectionEnabled 200 in 888ms
 GET /api/hr/departments 200 in 1186ms
 GET /api/settings/system-settings?keys=drawerStyle 200 in 557ms
 GET /api/realtime/notifications?limit=50 200 in 771ms
 GET /api/hr/departments 200 in 957ms
 GET /api/user-preferences 200 in 539ms
 GET /api/settings/system-settings?keys=drawerStyle 200 in 431ms
 GET /api/user-preferences 200 in 495ms
 GET /api/settings/system-settings?keys=drawerStyle 200 in 409ms
 GET /api/user-preferences 200 in 506ms
 GET /api/settings/system-settings?keys=drawerStyle 200 in 433ms
 GET /api/sse 200 in 58462ms
 GET /workforce/holidays?tab=leave-blocks&adminCenterEmbed=1 200 in 630ms
 GET /api/auth/session 200 in 847ms
 GET /api/settings/system-settings?keys=appLogoDataUrl%2CappName%2CshowLogoOnly%2CsidebarLogoSize%2CcollapsedSidebarLogoSize%2CsidebarLogoCollapsedLightMode%2CsidebarLogoExpandedLightMode%2CsidebarLogoCollapsedDarkMode%2CsidebarLogoExpandedDarkMode%2CthemePreference%2CprimaryGradient%2CprimaryButtonShadowL%2CprimaryButtonShadowHoverL%2CprimaryButtonShadowD%2CprimaryButtonShadowHoverD%2CsidebarBackgroundType%2CsidebarBackgroundImageUrl%2CsidebarBackgroundImageFit%2CsidebarBackgroundImagePosition%2CsidebarNavigationMode%2CsidebarSecondaryGroupLabels%2CsidebarBgStartL%2CsidebarBgEndL%2CsidebarTextL%2CsidebarActiveBgStartL%2CsidebarActiveBgEndL%2CsidebarActiveTextL%2CsidebarHoverBgL%2CsidebarHoverTextL%2CsidebarBorderL%2CbuttonTextColorL%2CbuttonTextColorD%2CsidebarBgStartD%2CsidebarBgEndD%2CsidebarTextD%2CsidebarActiveBgStartD%2CsidebarActiveBgEndD%2CsidebarActiveTextD%2CsidebarHoverBgD%2CsidebarHoverTextD%2CsidebarBorderD%2CsidebarFontFamilyL%2CsidebarFontSizeL%2CsidebarFontWeightL%2CsidebarLineHeightL%2CsidebarLetterSpacingL%2CsidebarTextTransformL%2CsidebarFontFamilyD%2CsidebarFontSizeD%2CsidebarFontWeightD%2CsidebarLineHeightD%2CsidebarLetterSpacingD%2CsidebarTextTransformD%2CsidebarBorderWidthL%2CsidebarBorderStyleL%2CsidebarBorderRadiusL%2CsidebarShadowL%2CsidebarShadowHoverL%2CsidebarShadowActiveL%2CsidebarBorderWidthD%2CsidebarBorderStyleD%2CsidebarBorderRadiusD%2CsidebarShadowD%2CsidebarShadowHoverD%2CsidebarShadowActiveD%2CsidebarPaddingXL%2CsidebarPaddingYL%2CsidebarMarginL%2CsidebarGapL%2CsidebarWidthL%2CsidebarWidthCollapsedL%2CsidebarTransitionDurationL%2CsidebarTransitionTimingL%2CsidebarPaddingXD%2CsidebarPaddingYD%2CsidebarMarginD%2CsidebarGapD%2CsidebarWidthD%2CsidebarWidthCollapsedD%2CsidebarTransitionDurationD%2CsidebarTransitionTimingD%2CsidebarMenuItemBgL%2CsidebarMenuItemBgHoverL%2CsidebarMenuItemBgActiveL%2CsidebarMenuItemColorL%2CsidebarMenuItemColorHoverL%2CsidebarMenuItemColorActiveL%2CsidebarMenuItemBorderL%2CsidebarMenuItemBorderHoverL%2CsidebarMenuItemBorderActiveL%2CsidebarMenuItemBorderRadiusL%2CsidebarMenuItemPaddingXL%2CsidebarMenuItemPaddingYL%2CsidebarMenuItemMarginL%2CsidebarMenuItemFontWeightL%2CsidebarMenuItemFontWeightActiveL%2CsidebarMenuItemFontSizeL%2CsidebarMenuItemLineHeightL%2CsidebarMenuItemTransitionL%2CsidebarMenuItemBgD%2CsidebarMenuItemBgHoverD%2CsidebarMenuItemBgActiveD%2CsidebarMenuItemColorD%2CsidebarMenuItemColorHoverD%2CsidebarMenuItemColorActiveD%2CsidebarMenuItemBorderD%2CsidebarMenuItemBorderHoverD%2CsidebarMenuItemBorderActiveD%2CsidebarMenuItemBorderRadiusD%2CsidebarMenuItemPaddingXD%2CsidebarMenuItemPaddingYD%2CsidebarMenuItemMarginD%2CsidebarMenuItemFontWeightD%2CsidebarMenuItemFontWeightActiveD%2CsidebarMenuItemFontSizeD%2CsidebarMenuItemLineHeightD%2CsidebarMenuItemTransitionD%2CsidebarIconSizeL%2CsidebarIconColorL%2CsidebarIconColorHoverL%2CsidebarIconColorActiveL%2CsidebarIconMarginRightL%2CsidebarIconTransitionL%2CsidebarIconSizeD%2CsidebarIconColorD%2CsidebarIconColorHoverD%2CsidebarIconColorActiveD%2CsidebarIconMarginRightD%2CsidebarIconTransitionD%2CsidebarGroupLabelColorL%2CsidebarGroupLabelFontSizeL%2CsidebarGroupLabelFontWeightL%2CsidebarGroupLabelTextTransformL%2CsidebarGroupLabelLetterSpacingL%2CsidebarGroupLabelPaddingL%2CsidebarGroupLabelMarginL%2CsidebarGroupLabelColorD%2CsidebarGroupLabelFontSizeD%2CsidebarGroupLabelFontWeightD%2CsidebarGroupLabelTextTransformD%2CsidebarGroupLabelLetterSpacingD%2CsidebarGroupLabelPaddingD%2CsidebarGroupLabelMarginD 200 in 840ms
 GET /api/user-preferences 200 in 971ms
 ○ Compiling /settings/position-levels ...
 ✓ Compiled /settings/position-levels in 894ms
 GET /settings/position-levels?adminCenterEmbed=1 200 in 1223ms
 GET /api/settings/system-settings?keys=appLogoDataUrl%2CappName%2CshowLogoOnly%2CsidebarLogoSize%2CcollapsedSidebarLogoSize%2CsidebarLogoCollapsedLightMode%2CsidebarLogoExpandedLightMode%2CsidebarLogoCollapsedDarkMode%2CsidebarLogoExpandedDarkMode%2CthemePreference%2CprimaryGradient%2CprimaryButtonShadowL%2CprimaryButtonShadowHoverL%2CprimaryButtonShadowD%2CprimaryButtonShadowHoverD%2CsidebarBackgroundType%2CsidebarBackgroundImageUrl%2CsidebarBackgroundImageFit%2CsidebarBackgroundImagePosition%2CsidebarNavigationMode%2CsidebarSecondaryGroupLabels%2CsidebarBgStartL%2CsidebarBgEndL%2CsidebarTextL%2CsidebarActiveBgStartL%2CsidebarActiveBgEndL%2CsidebarActiveTextL%2CsidebarHoverBgL%2CsidebarHoverTextL%2CsidebarBorderL%2CbuttonTextColorL%2CbuttonTextColorD%2CsidebarBgStartD%2CsidebarBgEndD%2CsidebarTextD%2CsidebarActiveBgStartD%2CsidebarActiveBgEndD%2CsidebarActiveTextD%2CsidebarHoverBgD%2CsidebarHoverTextD%2CsidebarBorderD%2CsidebarFontFamilyL%2CsidebarFontSizeL%2CsidebarFontWeightL%2CsidebarLineHeightL%2CsidebarLetterSpacingL%2CsidebarTextTransformL%2CsidebarFontFamilyD%2CsidebarFontSizeD%2CsidebarFontWeightD%2CsidebarLineHeightD%2CsidebarLetterSpacingD%2CsidebarTextTransformD%2CsidebarBorderWidthL%2CsidebarBorderStyleL%2CsidebarBorderRadiusL%2CsidebarShadowL%2CsidebarShadowHoverL%2CsidebarShadowActiveL%2CsidebarBorderWidthD%2CsidebarBorderStyleD%2CsidebarBorderRadiusD%2CsidebarShadowD%2CsidebarShadowHoverD%2CsidebarShadowActiveD%2CsidebarPaddingXL%2CsidebarPaddingYL%2CsidebarMarginL%2CsidebarGapL%2CsidebarWidthL%2CsidebarWidthCollapsedL%2CsidebarTransitionDurationL%2CsidebarTransitionTimingL%2CsidebarPaddingXD%2CsidebarPaddingYD%2CsidebarMarginD%2CsidebarGapD%2CsidebarWidthD%2CsidebarWidthCollapsedD%2CsidebarTransitionDurationD%2CsidebarTransitionTimingD%2CsidebarMenuItemBgL%2CsidebarMenuItemBgHoverL%2CsidebarMenuItemBgActiveL%2CsidebarMenuItemColorL%2CsidebarMenuItemColorHoverL%2CsidebarMenuItemColorActiveL%2CsidebarMenuItemBorderL%2CsidebarMenuItemBorderHoverL%2CsidebarMenuItemBorderActiveL%2CsidebarMenuItemBorderRadiusL%2CsidebarMenuItemPaddingXL%2CsidebarMenuItemPaddingYL%2CsidebarMenuItemMarginL%2CsidebarMenuItemFontWeightL%2CsidebarMenuItemFontWeightActiveL%2CsidebarMenuItemFontSizeL%2CsidebarMenuItemLineHeightL%2CsidebarMenuItemTransitionL%2CsidebarMenuItemBgD%2CsidebarMenuItemBgHoverD%2CsidebarMenuItemBgActiveD%2CsidebarMenuItemColorD%2CsidebarMenuItemColorHoverD%2CsidebarMenuItemColorActiveD%2CsidebarMenuItemBorderD%2CsidebarMenuItemBorderHoverD%2CsidebarMenuItemBorderActiveD%2CsidebarMenuItemBorderRadiusD%2CsidebarMenuItemPaddingXD%2CsidebarMenuItemPaddingYD%2CsidebarMenuItemMarginD%2CsidebarMenuItemFontWeightD%2CsidebarMenuItemFontWeightActiveD%2CsidebarMenuItemFontSizeD%2CsidebarMenuItemLineHeightD%2CsidebarMenuItemTransitionD%2CsidebarIconSizeL%2CsidebarIconColorL%2CsidebarIconColorHoverL%2CsidebarIconColorActiveL%2CsidebarIconMarginRightL%2CsidebarIconTransitionL%2CsidebarIconSizeD%2CsidebarIconColorD%2CsidebarIconColorHoverD%2CsidebarIconColorActiveD%2CsidebarIconMarginRightD%2CsidebarIconTransitionD%2CsidebarGroupLabelColorL%2CsidebarGroupLabelFontSizeL%2CsidebarGroupLabelFontWeightL%2CsidebarGroupLabelTextTransformL%2CsidebarGroupLabelLetterSpacingL%2CsidebarGroupLabelPaddingL%2CsidebarGroupLabelMarginL%2CsidebarGroupLabelColorD%2CsidebarGroupLabelFontSizeD%2CsidebarGroupLabelFontWeightD%2CsidebarGroupLabelTextTransformD%2CsidebarGroupLabelLetterSpacingD%2CsidebarGroupLabelPaddingD%2CsidebarGroupLabelMarginD 200 in 582ms
 GET /api/auth/session 200 in 630ms
 GET /api/user-preferences 200 in 835ms
 GET /api/realtime/notifications?limit=50 200 in 598ms
 GET /api/settings/system-settings?keys=appName%2CappLogoDataUrl%2CappFaviconDataUrl%2CorganizationLogoDataUrl%2CappThemePreference%2CshowLogoOnly%2CsidebarLogoSize%2CsidebarLogoCollapsedLightMode%2CsidebarLogoExpandedLightMode%2CsidebarLogoCollapsedDarkMode%2CsidebarLogoExpandedDarkMode%2CloginPageLogoLightMode%2CloginPageLogoDarkMode%2CsplashBackgroundColor%2CsplashLogoDataUrl%2CsplashAnimationType%2CpwaEnabled%2CpwaThemeColor%2CpwaBackgroundColor%2CpwaAppleMobileWebAppTitle%2CpwaAppleMobileWebAppStatusBarStyle%2CrightClickProtectionEnabled%2CscreenCaptureProtectionEnabled 200 in 1110ms
 GET /api/settings/position-levels 200 in 537ms
 GET /api/user-preferences 200 in 548ms
 GET /api/settings/position-levels 200 in 495ms
 GET /api/user-preferences 200 in 525ms
 GET /api/user-preferences 200 in 494ms
 GET /api/sse 200 in 12331ms
 ✓ Compiled in 441ms
 GET /settings/position-levels?adminCenterEmbed=1 200 in 630ms
 GET /api/settings/system-settings?keys=appLogoDataUrl%2CappName%2CshowLogoOnly%2CsidebarLogoSize%2CcollapsedSidebarLogoSize%2CsidebarLogoCollapsedLightMode%2CsidebarLogoExpandedLightMode%2CsidebarLogoCollapsedDarkMode%2CsidebarLogoExpandedDarkMode%2CthemePreference%2CprimaryGradient%2CprimaryButtonShadowL%2CprimaryButtonShadowHoverL%2CprimaryButtonShadowD%2CprimaryButtonShadowHoverD%2CsidebarBackgroundType%2CsidebarBackgroundImageUrl%2CsidebarBackgroundImageFit%2CsidebarBackgroundImagePosition%2CsidebarNavigationMode%2CsidebarSecondaryGroupLabels%2CsidebarBgStartL%2CsidebarBgEndL%2CsidebarTextL%2CsidebarActiveBgStartL%2CsidebarActiveBgEndL%2CsidebarActiveTextL%2CsidebarHoverBgL%2CsidebarHoverTextL%2CsidebarBorderL%2CbuttonTextColorL%2CbuttonTextColorD%2CsidebarBgStartD%2CsidebarBgEndD%2CsidebarTextD%2CsidebarActiveBgStartD%2CsidebarActiveBgEndD%2CsidebarActiveTextD%2CsidebarHoverBgD%2CsidebarHoverTextD%2CsidebarBorderD%2CsidebarFontFamilyL%2CsidebarFontSizeL%2CsidebarFontWeightL%2CsidebarLineHeightL%2CsidebarLetterSpacingL%2CsidebarTextTransformL%2CsidebarFontFamilyD%2CsidebarFontSizeD%2CsidebarFontWeightD%2CsidebarLineHeightD%2CsidebarLetterSpacingD%2CsidebarTextTransformD%2CsidebarBorderWidthL%2CsidebarBorderStyleL%2CsidebarBorderRadiusL%2CsidebarShadowL%2CsidebarShadowHoverL%2CsidebarShadowActiveL%2CsidebarBorderWidthD%2CsidebarBorderStyleD%2CsidebarBorderRadiusD%2CsidebarShadowD%2CsidebarShadowHoverD%2CsidebarShadowActiveD%2CsidebarPaddingXL%2CsidebarPaddingYL%2CsidebarMarginL%2CsidebarGapL%2CsidebarWidthL%2CsidebarWidthCollapsedL%2CsidebarTransitionDurationL%2CsidebarTransitionTimingL%2CsidebarPaddingXD%2CsidebarPaddingYD%2CsidebarMarginD%2CsidebarGapD%2CsidebarWidthD%2CsidebarWidthCollapsedD%2CsidebarTransitionDurationD%2CsidebarTransitionTimingD%2CsidebarMenuItemBgL%2CsidebarMenuItemBgHoverL%2CsidebarMenuItemBgActiveL%2CsidebarMenuItemColorL%2CsidebarMenuItemColorHoverL%2CsidebarMenuItemColorActiveL%2CsidebarMenuItemBorderL%2CsidebarMenuItemBorderHoverL%2CsidebarMenuItemBorderActiveL%2CsidebarMenuItemBorderRadiusL%2CsidebarMenuItemPaddingXL%2CsidebarMenuItemPaddingYL%2CsidebarMenuItemMarginL%2CsidebarMenuItemFontWeightL%2CsidebarMenuItemFontWeightActiveL%2CsidebarMenuItemFontSizeL%2CsidebarMenuItemLineHeightL%2CsidebarMenuItemTransitionL%2CsidebarMenuItemBgD%2CsidebarMenuItemBgHoverD%2CsidebarMenuItemBgActiveD%2CsidebarMenuItemColorD%2CsidebarMenuItemColorHoverD%2CsidebarMenuItemColorActiveD%2CsidebarMenuItemBorderD%2CsidebarMenuItemBorderHoverD%2CsidebarMenuItemBorderActiveD%2CsidebarMenuItemBorderRadiusD%2CsidebarMenuItemPaddingXD%2CsidebarMenuItemPaddingYD%2CsidebarMenuItemMarginD%2CsidebarMenuItemFontWeightD%2CsidebarMenuItemFontWeightActiveD%2CsidebarMenuItemFontSizeD%2CsidebarMenuItemLineHeightD%2CsidebarMenuItemTransitionD%2CsidebarIconSizeL%2CsidebarIconColorL%2CsidebarIconColorHoverL%2CsidebarIconColorActiveL%2CsidebarIconMarginRightL%2CsidebarIconTransitionL%2CsidebarIconSizeD%2CsidebarIconColorD%2CsidebarIconColorHoverD%2CsidebarIconColorActiveD%2CsidebarIconMarginRightD%2CsidebarIconTransitionD%2CsidebarGroupLabelColorL%2CsidebarGroupLabelFontSizeL%2CsidebarGroupLabelFontWeightL%2CsidebarGroupLabelTextTransformL%2CsidebarGroupLabelLetterSpacingL%2CsidebarGroupLabelPaddingL%2CsidebarGroupLabelMarginL%2CsidebarGroupLabelColorD%2CsidebarGroupLabelFontSizeD%2CsidebarGroupLabelFontWeightD%2CsidebarGroupLabelTextTransformD%2CsidebarGroupLabelLetterSpacingD%2CsidebarGroupLabelPaddingD%2CsidebarGroupLabelMarginD 200 in 839ms
 GET /api/auth/session 200 in 892ms
 GET /api/user-preferences 200 in 1037ms
 GET /api/settings/position-levels 200 in 599ms
 GET /api/settings/system-settings?keys=appName%2CappLogoDataUrl%2CappFaviconDataUrl%2CorganizationLogoDataUrl%2CappThemePreference%2CshowLogoOnly%2CsidebarLogoSize%2CsidebarLogoCollapsedLightMode%2CsidebarLogoExpandedLightMode%2CsidebarLogoCollapsedDarkMode%2CsidebarLogoExpandedDarkMode%2CloginPageLogoLightMode%2CloginPageLogoDarkMode%2CsplashBackgroundColor%2CsplashLogoDataUrl%2CsplashAnimationType%2CpwaEnabled%2CpwaThemeColor%2CpwaBackgroundColor%2CpwaAppleMobileWebAppTitle%2CpwaAppleMobileWebAppStatusBarStyle%2CrightClickProtectionEnabled%2CscreenCaptureProtectionEnabled 200 in 1115ms
 GET /api/realtime/notifications?limit=50 200 in 570ms
 GET /api/user-preferences 200 in 514ms
 GET /api/settings/position-levels 200 in 503ms
 GET /api/user-preferences 200 in 512ms
 GET /api/user-preferences 200 in 507ms
 GET /api/sse 200 in 23618ms
 ○ Compiling /settings/headcount-types ...
 ✓ Compiled in 1054ms
 ✓ Compiled /settings/headcount-types in 1166ms
 GET /settings/headcount-types?adminCenterEmbed=1 200 in 1816ms
 GET /api/settings/system-settings?keys=appLogoDataUrl%2CappName%2CshowLogoOnly%2CsidebarLogoSize%2CcollapsedSidebarLogoSize%2CsidebarLogoCollapsedLightMode%2CsidebarLogoExpandedLightMode%2CsidebarLogoCollapsedDarkMode%2CsidebarLogoExpandedDarkMode%2CthemePreference%2CprimaryGradient%2CprimaryButtonShadowL%2CprimaryButtonShadowHoverL%2CprimaryButtonShadowD%2CprimaryButtonShadowHoverD%2CsidebarBackgroundType%2CsidebarBackgroundImageUrl%2CsidebarBackgroundImageFit%2CsidebarBackgroundImagePosition%2CsidebarNavigationMode%2CsidebarSecondaryGroupLabels%2CsidebarBgStartL%2CsidebarBgEndL%2CsidebarTextL%2CsidebarActiveBgStartL%2CsidebarActiveBgEndL%2CsidebarActiveTextL%2CsidebarHoverBgL%2CsidebarHoverTextL%2CsidebarBorderL%2CbuttonTextColorL%2CbuttonTextColorD%2CsidebarBgStartD%2CsidebarBgEndD%2CsidebarTextD%2CsidebarActiveBgStartD%2CsidebarActiveBgEndD%2CsidebarActiveTextD%2CsidebarHoverBgD%2CsidebarHoverTextD%2CsidebarBorderD%2CsidebarFontFamilyL%2CsidebarFontSizeL%2CsidebarFontWeightL%2CsidebarLineHeightL%2CsidebarLetterSpacingL%2CsidebarTextTransformL%2CsidebarFontFamilyD%2CsidebarFontSizeD%2CsidebarFontWeightD%2CsidebarLineHeightD%2CsidebarLetterSpacingD%2CsidebarTextTransformD%2CsidebarBorderWidthL%2CsidebarBorderStyleL%2CsidebarBorderRadiusL%2CsidebarShadowL%2CsidebarShadowHoverL%2CsidebarShadowActiveL%2CsidebarBorderWidthD%2CsidebarBorderStyleD%2CsidebarBorderRadiusD%2CsidebarShadowD%2CsidebarShadowHoverD%2CsidebarShadowActiveD%2CsidebarPaddingXL%2CsidebarPaddingYL%2CsidebarMarginL%2CsidebarGapL%2CsidebarWidthL%2CsidebarWidthCollapsedL%2CsidebarTransitionDurationL%2CsidebarTransitionTimingL%2CsidebarPaddingXD%2CsidebarPaddingYD%2CsidebarMarginD%2CsidebarGapD%2CsidebarWidthD%2CsidebarWidthCollapsedD%2CsidebarTransitionDurationD%2CsidebarTransitionTimingD%2CsidebarMenuItemBgL%2CsidebarMenuItemBgHoverL%2CsidebarMenuItemBgActiveL%2CsidebarMenuItemColorL%2CsidebarMenuItemColorHoverL%2CsidebarMenuItemColorActiveL%2CsidebarMenuItemBorderL%2CsidebarMenuItemBorderHoverL%2CsidebarMenuItemBorderActiveL%2CsidebarMenuItemBorderRadiusL%2CsidebarMenuItemPaddingXL%2CsidebarMenuItemPaddingYL%2CsidebarMenuItemMarginL%2CsidebarMenuItemFontWeightL%2CsidebarMenuItemFontWeightActiveL%2CsidebarMenuItemFontSizeL%2CsidebarMenuItemLineHeightL%2CsidebarMenuItemTransitionL%2CsidebarMenuItemBgD%2CsidebarMenuItemBgHoverD%2CsidebarMenuItemBgActiveD%2CsidebarMenuItemColorD%2CsidebarMenuItemColorHoverD%2CsidebarMenuItemColorActiveD%2CsidebarMenuItemBorderD%2CsidebarMenuItemBorderHoverD%2CsidebarMenuItemBorderActiveD%2CsidebarMenuItemBorderRadiusD%2CsidebarMenuItemPaddingXD%2CsidebarMenuItemPaddingYD%2CsidebarMenuItemMarginD%2CsidebarMenuItemFontWeightD%2CsidebarMenuItemFontWeightActiveD%2CsidebarMenuItemFontSizeD%2CsidebarMenuItemLineHeightD%2CsidebarMenuItemTransitionD%2CsidebarIconSizeL%2CsidebarIconColorL%2CsidebarIconColorHoverL%2CsidebarIconColorActiveL%2CsidebarIconMarginRightL%2CsidebarIconTransitionL%2CsidebarIconSizeD%2CsidebarIconColorD%2CsidebarIconColorHoverD%2CsidebarIconColorActiveD%2CsidebarIconMarginRightD%2CsidebarIconTransitionD%2CsidebarGroupLabelColorL%2CsidebarGroupLabelFontSizeL%2CsidebarGroupLabelFontWeightL%2CsidebarGroupLabelTextTransformL%2CsidebarGroupLabelLetterSpacingL%2CsidebarGroupLabelPaddingL%2CsidebarGroupLabelMarginL%2CsidebarGroupLabelColorD%2CsidebarGroupLabelFontSizeD%2CsidebarGroupLabelFontWeightD%2CsidebarGroupLabelTextTransformD%2CsidebarGroupLabelLetterSpacingD%2CsidebarGroupLabelPaddingD%2CsidebarGroupLabelMarginD 200 in 900ms
 GET /api/auth/session 200 in 424ms
 GET /api/settings/system-settings?keys=appName%2CappLogoDataUrl%2CappFaviconDataUrl%2CorganizationLogoDataUrl%2CappThemePreference%2CshowLogoOnly%2CsidebarLogoSize%2CsidebarLogoCollapsedLightMode%2CsidebarLogoExpandedLightMode%2CsidebarLogoCollapsedDarkMode%2CsidebarLogoExpandedDarkMode%2CloginPageLogoLightMode%2CloginPageLogoDarkMode%2CsplashBackgroundColor%2CsplashLogoDataUrl%2CsplashAnimationType%2CpwaEnabled%2CpwaThemeColor%2CpwaBackgroundColor%2CpwaAppleMobileWebAppTitle%2CpwaAppleMobileWebAppStatusBarStyle%2CrightClickProtectionEnabled%2CscreenCaptureProtectionEnabled 200 in 1517ms
 GET /api/user-preferences 200 in 578ms
 GET /api/realtime/notifications?limit=50 200 in 530ms
 ✓ Compiled /api/settings/headcount-types in 252ms
 GET /api/user-preferences 200 in 614ms
 GET /api/settings/headcount-types 200 in 768ms
 GET /api/settings/headcount-types 200 in 542ms
 GET /api/user-preferences 200 in 591ms
 GET /api/user-preferences 200 in 524ms
 GET /api/sse 200 in 322384ms
 GET /api/sse 200 in 7666ms
 GET /settings?adminTab=hr-setup&config=onboarding 200 in 1079ms
 GET /icon.png?icon.31d034ff.png 200 in 822ms
 GET /api/settings/system-settings?keys=appLogoDataUrl%2CappName%2CshowLogoOnly%2CsidebarLogoSize%2CcollapsedSidebarLogoSize%2CsidebarLogoCollapsedLightMode%2CsidebarLogoExpandedLightMode%2CsidebarLogoCollapsedDarkMode%2CsidebarLogoExpandedDarkMode%2CthemePreference%2CprimaryGradient%2CprimaryButtonShadowL%2CprimaryButtonShadowHoverL%2CprimaryButtonShadowD%2CprimaryButtonShadowHoverD%2CsidebarBackgroundType%2CsidebarBackgroundImageUrl%2CsidebarBackgroundImageFit%2CsidebarBackgroundImagePosition%2CsidebarNavigationMode%2CsidebarSecondaryGroupLabels%2CsidebarBgStartL%2CsidebarBgEndL%2CsidebarTextL%2CsidebarActiveBgStartL%2CsidebarActiveBgEndL%2CsidebarActiveTextL%2CsidebarHoverBgL%2CsidebarHoverTextL%2CsidebarBorderL%2CbuttonTextColorL%2CbuttonTextColorD%2CsidebarBgStartD%2CsidebarBgEndD%2CsidebarTextD%2CsidebarActiveBgStartD%2CsidebarActiveBgEndD%2CsidebarActiveTextD%2CsidebarHoverBgD%2CsidebarHoverTextD%2CsidebarBorderD%2CsidebarFontFamilyL%2CsidebarFontSizeL%2CsidebarFontWeightL%2CsidebarLineHeightL%2CsidebarLetterSpacingL%2CsidebarTextTransformL%2CsidebarFontFamilyD%2CsidebarFontSizeD%2CsidebarFontWeightD%2CsidebarLineHeightD%2CsidebarLetterSpacingD%2CsidebarTextTransformD%2CsidebarBorderWidthL%2CsidebarBorderStyleL%2CsidebarBorderRadiusL%2CsidebarShadowL%2CsidebarShadowHoverL%2CsidebarShadowActiveL%2CsidebarBorderWidthD%2CsidebarBorderStyleD%2CsidebarBorderRadiusD%2CsidebarShadowD%2CsidebarShadowHoverD%2CsidebarShadowActiveD%2CsidebarPaddingXL%2CsidebarPaddingYL%2CsidebarMarginL%2CsidebarGapL%2CsidebarWidthL%2CsidebarWidthCollapsedL%2CsidebarTransitionDurationL%2CsidebarTransitionTimingL%2CsidebarPaddingXD%2CsidebarPaddingYD%2CsidebarMarginD%2CsidebarGapD%2CsidebarWidthD%2CsidebarWidthCollapsedD%2CsidebarTransitionDurationD%2CsidebarTransitionTimingD%2CsidebarMenuItemBgL%2CsidebarMenuItemBgHoverL%2CsidebarMenuItemBgActiveL%2CsidebarMenuItemColorL%2CsidebarMenuItemColorHoverL%2CsidebarMenuItemColorActiveL%2CsidebarMenuItemBorderL%2CsidebarMenuItemBorderHoverL%2CsidebarMenuItemBorderActiveL%2CsidebarMenuItemBorderRadiusL%2CsidebarMenuItemPaddingXL%2CsidebarMenuItemPaddingYL%2CsidebarMenuItemMarginL%2CsidebarMenuItemFontWeightL%2CsidebarMenuItemFontWeightActiveL%2CsidebarMenuItemFontSizeL%2CsidebarMenuItemLineHeightL%2CsidebarMenuItemTransitionL%2CsidebarMenuItemBgD%2CsidebarMenuItemBgHoverD%2CsidebarMenuItemBgActiveD%2CsidebarMenuItemColorD%2CsidebarMenuItemColorHoverD%2CsidebarMenuItemColorActiveD%2CsidebarMenuItemBorderD%2CsidebarMenuItemBorderHoverD%2CsidebarMenuItemBorderActiveD%2CsidebarMenuItemBorderRadiusD%2CsidebarMenuItemPaddingXD%2CsidebarMenuItemPaddingYD%2CsidebarMenuItemMarginD%2CsidebarMenuItemFontWeightD%2CsidebarMenuItemFontWeightActiveD%2CsidebarMenuItemFontSizeD%2CsidebarMenuItemLineHeightD%2CsidebarMenuItemTransitionD%2CsidebarIconSizeL%2CsidebarIconColorL%2CsidebarIconColorHoverL%2CsidebarIconColorActiveL%2CsidebarIconMarginRightL%2CsidebarIconTransitionL%2CsidebarIconSizeD%2CsidebarIconColorD%2CsidebarIconColorHoverD%2CsidebarIconColorActiveD%2CsidebarIconMarginRightD%2CsidebarIconTransitionD%2CsidebarGroupLabelColorL%2CsidebarGroupLabelFontSizeL%2CsidebarGroupLabelFontWeightL%2CsidebarGroupLabelTextTransformL%2CsidebarGroupLabelLetterSpacingL%2CsidebarGroupLabelPaddingL%2CsidebarGroupLabelMarginL%2CsidebarGroupLabelColorD%2CsidebarGroupLabelFontSizeD%2CsidebarGroupLabelFontWeightD%2CsidebarGroupLabelTextTransformD%2CsidebarGroupLabelLetterSpacingD%2CsidebarGroupLabelPaddingD%2CsidebarGroupLabelMarginD 200 in 806ms
 GET /api/auth/session 200 in 862ms
 GET /api/user-preferences 200 in 1337ms
 GET /settings/onboarding?adminCenterEmbed=1 200 in 894ms
 GET /api/settings/system-settings?keys=appName%2CappLogoDataUrl%2CappFaviconDataUrl%2CorganizationLogoDataUrl%2CappThemePreference%2CshowLogoOnly%2CsidebarLogoSize%2CsidebarLogoCollapsedLightMode%2CsidebarLogoExpandedLightMode%2CsidebarLogoCollapsedDarkMode%2CsidebarLogoExpandedDarkMode%2CloginPageLogoLightMode%2CloginPageLogoDarkMode%2CsplashBackgroundColor%2CsplashLogoDataUrl%2CsplashAnimationType%2CpwaEnabled%2CpwaThemeColor%2CpwaBackgroundColor%2CpwaAppleMobileWebAppTitle%2CpwaAppleMobileWebAppStatusBarStyle%2CrightClickProtectionEnabled%2CscreenCaptureProtectionEnabled 200 in 1239ms
 GET /api/broadcast/active 200 in 950ms
 GET /api/upload-queue/health 200 in 653ms
 GET /api/realtime/notifications?limit=50 200 in 560ms
 GET /api/settings/platform-setup/status 200 in 818ms
 GET /api/broadcast/active 200 in 912ms
 GET /api/settings/system-settings?keys=drawerStyle 200 in 441ms
 GET /api/settings/platform-setup/status 200 in 828ms
 GET /api/privacy-support/categories 200 in 993ms
 GET /api/privacy-support/categories 200 in 982ms
 GET /api/broadcast/active 200 in 882ms
 GET /api/settings/platform-setup/status 200 in 799ms
 GET /api/user-preferences 200 in 647ms
 GET /api/settings/platform-setup/status 200 in 800ms
 GET /api/settings/system-settings?keys=broadcastBannerActiveId,broadcastBannerOneTitle,broadcastBannerOneMessage,broadcastBannerOneTone,broadcastBannerTwoTitle,broadcastBannerTwoMessage,broadcastBannerTwoTone,broadcastBannerThreeTitle,broadcastBannerThreeMessage,broadcastBannerThreeTone 200 in 504ms
 GET /api/upload-queue/health 200 in 652ms
 GET /settings?adminTab=user-accounts 200 in 276ms
 GET /api/broadcast/active 200 in 1030ms
 GET /api/settings/system-settings?keys=drawerStyle 200 in 504ms
 GET /api/user-preferences 200 in 569ms
 GET /api/settings/system-settings?keys=broadcastBannerActiveId,broadcastBannerOneTitle,broadcastBannerOneMessage,broadcastBannerOneTone,broadcastBannerTwoTitle,broadcastBannerTwoMessage,broadcastBannerTwoTone,broadcastBannerThreeTitle,broadcastBannerThreeMessage,broadcastBannerThreeTone 200 in 418ms
 ✓ Compiled /api/settings/user-teams in 153ms
 GET /api/broadcast/active 200 in 925ms
 GET /api/upload-queue/health 200 in 598ms
 ✓ Compiled /api/settings/user-groups in 313ms
 GET /api/settings/user-teams 200 in 669ms
 GET /api/settings/user-groups 200 in 741ms
 GET /api/settings/system-settings?keys=drawerStyle 200 in 506ms
 GET /api/user-preferences 200 in 522ms
 GET /api/settings/system-settings?keys=broadcastBannerActiveId,broadcastBannerOneTitle,broadcastBannerOneMessage,broadcastBannerOneTone,broadcastBannerTwoTitle,broadcastBannerTwoMessage,broadcastBannerTwoTone,broadcastBannerThreeTitle,broadcastBannerThreeMessage,broadcastBannerThreeTone 200 in 430ms
 GET /api/users?page=1&pageSize=10 200 in 1464ms
 GET /api/settings/user-teams 200 in 571ms
 GET /api/settings/user-groups 200 in 501ms
 GET /api/settings/system-settings?keys=drawerStyle 200 in 442ms
 GET /api/settings/system-settings?keys=broadcastBannerActiveId,broadcastBannerOneTitle,broadcastBannerOneMessage,broadcastBannerOneTone,broadcastBannerTwoTitle,broadcastBannerTwoMessage,broadcastBannerTwoTone,broadcastBannerThreeTitle,broadcastBannerThreeMessage,broadcastBannerThreeTone 200 in 539ms
 GET /api/users?page=1&pageSize=10 200 in 749ms
 GET /api/settings/system-settings?keys=broadcastBannerActiveId,broadcastBannerOneTitle,broadcastBannerOneMessage,broadcastBannerOneTone,broadcastBannerTwoTitle,broadcastBannerTwoMessage,broadcastBannerTwoTone,broadcastBannerThreeTitle,broadcastBannerThreeMessage,broadcastBannerThreeTone 200 in 433ms
 GET /api/sse 200 in 45422ms
 GET /settings?adminTab=hr-setup&config=onboarding 200 in 647ms
 GET /api/settings/system-settings?keys=appLogoDataUrl%2CappName%2CshowLogoOnly%2CsidebarLogoSize%2CcollapsedSidebarLogoSize%2CsidebarLogoCollapsedLightMode%2CsidebarLogoExpandedLightMode%2CsidebarLogoCollapsedDarkMode%2CsidebarLogoExpandedDarkMode%2CthemePreference%2CprimaryGradient%2CprimaryButtonShadowL%2CprimaryButtonShadowHoverL%2CprimaryButtonShadowD%2CprimaryButtonShadowHoverD%2CsidebarBackgroundType%2CsidebarBackgroundImageUrl%2CsidebarBackgroundImageFit%2CsidebarBackgroundImagePosition%2CsidebarNavigationMode%2CsidebarSecondaryGroupLabels%2CsidebarBgStartL%2CsidebarBgEndL%2CsidebarTextL%2CsidebarActiveBgStartL%2CsidebarActiveBgEndL%2CsidebarActiveTextL%2CsidebarHoverBgL%2CsidebarHoverTextL%2CsidebarBorderL%2CbuttonTextColorL%2CbuttonTextColorD%2CsidebarBgStartD%2CsidebarBgEndD%2CsidebarTextD%2CsidebarActiveBgStartD%2CsidebarActiveBgEndD%2CsidebarActiveTextD%2CsidebarHoverBgD%2CsidebarHoverTextD%2CsidebarBorderD%2CsidebarFontFamilyL%2CsidebarFontSizeL%2CsidebarFontWeightL%2CsidebarLineHeightL%2CsidebarLetterSpacingL%2CsidebarTextTransformL%2CsidebarFontFamilyD%2CsidebarFontSizeD%2CsidebarFontWeightD%2CsidebarLineHeightD%2CsidebarLetterSpacingD%2CsidebarTextTransformD%2CsidebarBorderWidthL%2CsidebarBorderStyleL%2CsidebarBorderRadiusL%2CsidebarShadowL%2CsidebarShadowHoverL%2CsidebarShadowActiveL%2CsidebarBorderWidthD%2CsidebarBorderStyleD%2CsidebarBorderRadiusD%2CsidebarShadowD%2CsidebarShadowHoverD%2CsidebarShadowActiveD%2CsidebarPaddingXL%2CsidebarPaddingYL%2CsidebarMarginL%2CsidebarGapL%2CsidebarWidthL%2CsidebarWidthCollapsedL%2CsidebarTransitionDurationL%2CsidebarTransitionTimingL%2CsidebarPaddingXD%2CsidebarPaddingYD%2CsidebarMarginD%2CsidebarGapD%2CsidebarWidthD%2CsidebarWidthCollapsedD%2CsidebarTransitionDurationD%2CsidebarTransitionTimingD%2CsidebarMenuItemBgL%2CsidebarMenuItemBgHoverL%2CsidebarMenuItemBgActiveL%2CsidebarMenuItemColorL%2CsidebarMenuItemColorHoverL%2CsidebarMenuItemColorActiveL%2CsidebarMenuItemBorderL%2CsidebarMenuItemBorderHoverL%2CsidebarMenuItemBorderActiveL%2CsidebarMenuItemBorderRadiusL%2CsidebarMenuItemPaddingXL%2CsidebarMenuItemPaddingYL%2CsidebarMenuItemMarginL%2CsidebarMenuItemFontWeightL%2CsidebarMenuItemFontWeightActiveL%2CsidebarMenuItemFontSizeL%2CsidebarMenuItemLineHeightL%2CsidebarMenuItemTransitionL%2CsidebarMenuItemBgD%2CsidebarMenuItemBgHoverD%2CsidebarMenuItemBgActiveD%2CsidebarMenuItemColorD%2CsidebarMenuItemColorHoverD%2CsidebarMenuItemColorActiveD%2CsidebarMenuItemBorderD%2CsidebarMenuItemBorderHoverD%2CsidebarMenuItemBorderActiveD%2CsidebarMenuItemBorderRadiusD%2CsidebarMenuItemPaddingXD%2CsidebarMenuItemPaddingYD%2CsidebarMenuItemMarginD%2CsidebarMenuItemFontWeightD%2CsidebarMenuItemFontWeightActiveD%2CsidebarMenuItemFontSizeD%2CsidebarMenuItemLineHeightD%2CsidebarMenuItemTransitionD%2CsidebarIconSizeL%2CsidebarIconColorL%2CsidebarIconColorHoverL%2CsidebarIconColorActiveL%2CsidebarIconMarginRightL%2CsidebarIconTransitionL%2CsidebarIconSizeD%2CsidebarIconColorD%2CsidebarIconColorHoverD%2CsidebarIconColorActiveD%2CsidebarIconMarginRightD%2CsidebarIconTransitionD%2CsidebarGroupLabelColorL%2CsidebarGroupLabelFontSizeL%2CsidebarGroupLabelFontWeightL%2CsidebarGroupLabelTextTransformL%2CsidebarGroupLabelLetterSpacingL%2CsidebarGroupLabelPaddingL%2CsidebarGroupLabelMarginL%2CsidebarGroupLabelColorD%2CsidebarGroupLabelFontSizeD%2CsidebarGroupLabelFontWeightD%2CsidebarGroupLabelTextTransformD%2CsidebarGroupLabelLetterSpacingD%2CsidebarGroupLabelPaddingD%2CsidebarGroupLabelMarginD 200 in 1068ms
 GET /api/auth/session 200 in 1054ms
 GET /api/user-preferences 200 in 1253ms
 GET /api/settings/system-settings?keys=appName%2CappLogoDataUrl%2CappFaviconDataUrl%2CorganizationLogoDataUrl%2CappThemePreference%2CshowLogoOnly%2CsidebarLogoSize%2CsidebarLogoCollapsedLightMode%2CsidebarLogoExpandedLightMode%2CsidebarLogoCollapsedDarkMode%2CsidebarLogoExpandedDarkMode%2CloginPageLogoLightMode%2CloginPageLogoDarkMode%2CsplashBackgroundColor%2CsplashLogoDataUrl%2CsplashAnimationType%2CpwaEnabled%2CpwaThemeColor%2CpwaBackgroundColor%2CpwaAppleMobileWebAppTitle%2CpwaAppleMobileWebAppStatusBarStyle%2CrightClickProtectionEnabled%2CscreenCaptureProtectionEnabled 200 in 1691ms
 GET /api/upload-queue/health 200 in 833ms
 GET /settings/onboarding?adminCenterEmbed=1 200 in 1019ms
 GET /api/broadcast/active 200 in 1081ms
 GET /api/settings/platform-setup/status 200 in 785ms
 GET /api/realtime/notifications?limit=50 200 in 763ms
 GET /api/settings/system-settings?keys=drawerStyle 200 in 443ms
 GET /api/settings/platform-setup/status 200 in 890ms
 GET /api/broadcast/active 200 in 979ms
 GET /api/privacy-support/categories 200 in 827ms
 GET /api/privacy-support/categories 200 in 903ms
 GET /api/broadcast/active 200 in 930ms
 GET /api/settings/platform-setup/status 200 in 737ms
 GET /api/user-preferences 200 in 540ms
 GET /api/settings/platform-setup/status 200 in 783ms
 GET /api/settings/system-settings?keys=broadcastBannerActiveId,broadcastBannerOneTitle,broadcastBannerOneMessage,broadcastBannerOneTone,broadcastBannerTwoTitle,broadcastBannerTwoMessage,broadcastBannerTwoTone,broadcastBannerThreeTitle,broadcastBannerThreeMessage,broadcastBannerThreeTone 200 in 502ms
 GET /api/broadcast/active 200 in 857ms
 GET /api/upload-queue/health 200 in 750ms
 GET /api/settings/system-settings?keys=drawerStyle 200 in 457ms
 GET /api/user-preferences 200 in 588ms
 GET /api/settings/system-settings?keys=broadcastBannerActiveId,broadcastBannerOneTitle,broadcastBannerOneMessage,broadcastBannerOneTone,broadcastBannerTwoTitle,broadcastBannerTwoMessage,broadcastBannerTwoTone,broadcastBannerThreeTitle,broadcastBannerThreeMessage,broadcastBannerThreeTone 200 in 428ms
 GET /api/broadcast/active 200 in 949ms
 GET /api/settings/system-settings?keys=drawerStyle 200 in 409ms
 GET /api/upload-queue/health 200 in 605ms
 GET /api/user-preferences 200 in 490ms
 GET /api/settings/system-settings?keys=broadcastBannerActiveId,broadcastBannerOneTitle,broadcastBannerOneMessage,broadcastBannerOneTone,broadcastBannerTwoTitle,broadcastBannerTwoMessage,broadcastBannerTwoTone,broadcastBannerThreeTitle,broadcastBannerThreeMessage,broadcastBannerThreeTone 200 in 495ms
 GET /api/settings/system-settings?keys=drawerStyle 200 in 486ms
 GET /api/settings/system-settings?keys=broadcastBannerActiveId,broadcastBannerOneTitle,broadcastBannerOneMessage,broadcastBannerOneTone,broadcastBannerTwoTitle,broadcastBannerTwoMessage,broadcastBannerTwoTone,broadcastBannerThreeTitle,broadcastBannerThreeMessage,broadcastBannerThreeTone 200 in 435ms
 GET /api/auth/session 200 in 515ms
 GET /api/user-preferences 200 in 622ms
 GET /api/settings/system-settings?keys=appLogoDataUrl%2CappName%2CshowLogoOnly%2CsidebarLogoSize%2CcollapsedSidebarLogoSize%2CsidebarLogoCollapsedLightMode%2CsidebarLogoExpandedLightMode%2CsidebarLogoCollapsedDarkMode%2CsidebarLogoExpandedDarkMode%2CthemePreference%2CprimaryGradient%2CprimaryButtonShadowL%2CprimaryButtonShadowHoverL%2CprimaryButtonShadowD%2CprimaryButtonShadowHoverD%2CsidebarBackgroundType%2CsidebarBackgroundImageUrl%2CsidebarBackgroundImageFit%2CsidebarBackgroundImagePosition%2CsidebarNavigationMode%2CsidebarSecondaryGroupLabels%2CsidebarBgStartL%2CsidebarBgEndL%2CsidebarTextL%2CsidebarActiveBgStartL%2CsidebarActiveBgEndL%2CsidebarActiveTextL%2CsidebarHoverBgL%2CsidebarHoverTextL%2CsidebarBorderL%2CbuttonTextColorL%2CbuttonTextColorD%2CsidebarBgStartD%2CsidebarBgEndD%2CsidebarTextD%2CsidebarActiveBgStartD%2CsidebarActiveBgEndD%2CsidebarActiveTextD%2CsidebarHoverBgD%2CsidebarHoverTextD%2CsidebarBorderD%2CsidebarFontFamilyL%2CsidebarFontSizeL%2CsidebarFontWeightL%2CsidebarLineHeightL%2CsidebarLetterSpacingL%2CsidebarTextTransformL%2CsidebarFontFamilyD%2CsidebarFontSizeD%2CsidebarFontWeightD%2CsidebarLineHeightD%2CsidebarLetterSpacingD%2CsidebarTextTransformD%2CsidebarBorderWidthL%2CsidebarBorderStyleL%2CsidebarBorderRadiusL%2CsidebarShadowL%2CsidebarShadowHoverL%2CsidebarShadowActiveL%2CsidebarBorderWidthD%2CsidebarBorderStyleD%2CsidebarBorderRadiusD%2CsidebarShadowD%2CsidebarShadowHoverD%2CsidebarShadowActiveD%2CsidebarPaddingXL%2CsidebarPaddingYL%2CsidebarMarginL%2CsidebarGapL%2CsidebarWidthL%2CsidebarWidthCollapsedL%2CsidebarTransitionDurationL%2CsidebarTransitionTimingL%2CsidebarPaddingXD%2CsidebarPaddingYD%2CsidebarMarginD%2CsidebarGapD%2CsidebarWidthD%2CsidebarWidthCollapsedD%2CsidebarTransitionDurationD%2CsidebarTransitionTimingD%2CsidebarMenuItemBgL%2CsidebarMenuItemBgHoverL%2CsidebarMenuItemBgActiveL%2CsidebarMenuItemColorL%2CsidebarMenuItemColorHoverL%2CsidebarMenuItemColorActiveL%2CsidebarMenuItemBorderL%2CsidebarMenuItemBorderHoverL%2CsidebarMenuItemBorderActiveL%2CsidebarMenuItemBorderRadiusL%2CsidebarMenuItemPaddingXL%2CsidebarMenuItemPaddingYL%2CsidebarMenuItemMarginL%2CsidebarMenuItemFontWeightL%2CsidebarMenuItemFontWeightActiveL%2CsidebarMenuItemFontSizeL%2CsidebarMenuItemLineHeightL%2CsidebarMenuItemTransitionL%2CsidebarMenuItemBgD%2CsidebarMenuItemBgHoverD%2CsidebarMenuItemBgActiveD%2CsidebarMenuItemColorD%2CsidebarMenuItemColorHoverD%2CsidebarMenuItemColorActiveD%2CsidebarMenuItemBorderD%2CsidebarMenuItemBorderHoverD%2CsidebarMenuItemBorderActiveD%2CsidebarMenuItemBorderRadiusD%2CsidebarMenuItemPaddingXD%2CsidebarMenuItemPaddingYD%2CsidebarMenuItemMarginD%2CsidebarMenuItemFontWeightD%2CsidebarMenuItemFontWeightActiveD%2CsidebarMenuItemFontSizeD%2CsidebarMenuItemLineHeightD%2CsidebarMenuItemTransitionD%2CsidebarIconSizeL%2CsidebarIconColorL%2CsidebarIconColorHoverL%2CsidebarIconColorActiveL%2CsidebarIconMarginRightL%2CsidebarIconTransitionL%2CsidebarIconSizeD%2CsidebarIconColorD%2CsidebarIconColorHoverD%2CsidebarIconColorActiveD%2CsidebarIconMarginRightD%2CsidebarIconTransitionD%2CsidebarGroupLabelColorL%2CsidebarGroupLabelFontSizeL%2CsidebarGroupLabelFontWeightL%2CsidebarGroupLabelTextTransformL%2CsidebarGroupLabelLetterSpacingL%2CsidebarGroupLabelPaddingL%2CsidebarGroupLabelMarginL%2CsidebarGroupLabelColorD%2CsidebarGroupLabelFontSizeD%2CsidebarGroupLabelFontWeightD%2CsidebarGroupLabelTextTransformD%2CsidebarGroupLabelLetterSpacingD%2CsidebarGroupLabelPaddingD%2CsidebarGroupLabelMarginD 200 in 404ms
 GET /api/settings/system-settings?keys=appName%2CappLogoDataUrl%2CappFaviconDataUrl%2CorganizationLogoDataUrl%2CappThemePreference%2CshowLogoOnly%2CsidebarLogoSize%2CsidebarLogoCollapsedLightMode%2CsidebarLogoExpandedLightMode%2CsidebarLogoCollapsedDarkMode%2CsidebarLogoExpandedDarkMode%2CloginPageLogoLightMode%2CloginPageLogoDarkMode%2CsplashBackgroundColor%2CsplashLogoDataUrl%2CsplashAnimationType%2CpwaEnabled%2CpwaThemeColor%2CpwaBackgroundColor%2CpwaAppleMobileWebAppTitle%2CpwaAppleMobileWebAppStatusBarStyle%2CrightClickProtectionEnabled%2CscreenCaptureProtectionEnabled 200 in 1169ms
 GET /api/hr/onboarding?view=tasks 200 in 1378ms
 GET /api/hr/onboarding?view=templates 200 in 1430ms
 GET /api/realtime/notifications?limit=50 200 in 806ms
 GET /api/hr/onboarding?view=tasks 200 in 1206ms
 GET /api/hr/onboarding?view=templates 200 in 1241ms
 GET /api/settings/system-settings?keys=broadcastBannerActiveId,broadcastBannerOneTitle,broadcastBannerOneMessage,broadcastBannerOneTone,broadcastBannerTwoTitle,broadcastBannerTwoMessage,broadcastBannerTwoTone,broadcastBannerThreeTitle,broadcastBannerThreeMessage,broadcastBannerThreeTone 200 in 527ms
 GET /api/user-preferences 200 in 584ms
 GET /api/user-preferences 200 in 497ms
 GET /api/user-preferences 200 in 502ms
 GET /api/auth/session 200 in 713ms
 GET /api/auth/session 200 in 436ms
 GET /api/auth/session 200 in 498ms
 GET /api/auth/session 200 in 513ms
 GET /api/auth/session 200 in 571ms
 GET /api/settings/system-settings?keys=appLogoDataUrl%2CappName%2CshowLogoOnly%2CsidebarLogoSize%2CcollapsedSidebarLogoSize%2CsidebarLogoCollapsedLightMode%2CsidebarLogoExpandedLightMode%2CsidebarLogoCollapsedDarkMode%2CsidebarLogoExpandedDarkMode%2CthemePreference%2CprimaryGradient%2CprimaryButtonShadowL%2CprimaryButtonShadowHoverL%2CprimaryButtonShadowD%2CprimaryButtonShadowHoverD%2CsidebarBackgroundType%2CsidebarBackgroundImageUrl%2CsidebarBackgroundImageFit%2CsidebarBackgroundImagePosition%2CsidebarNavigationMode%2CsidebarSecondaryGroupLabels%2CsidebarBgStartL%2CsidebarBgEndL%2CsidebarTextL%2CsidebarActiveBgStartL%2CsidebarActiveBgEndL%2CsidebarActiveTextL%2CsidebarHoverBgL%2CsidebarHoverTextL%2CsidebarBorderL%2CbuttonTextColorL%2CbuttonTextColorD%2CsidebarBgStartD%2CsidebarBgEndD%2CsidebarTextD%2CsidebarActiveBgStartD%2CsidebarActiveBgEndD%2CsidebarActiveTextD%2CsidebarHoverBgD%2CsidebarHoverTextD%2CsidebarBorderD%2CsidebarFontFamilyL%2CsidebarFontSizeL%2CsidebarFontWeightL%2CsidebarLineHeightL%2CsidebarLetterSpacingL%2CsidebarTextTransformL%2CsidebarFontFamilyD%2CsidebarFontSizeD%2CsidebarFontWeightD%2CsidebarLineHeightD%2CsidebarLetterSpacingD%2CsidebarTextTransformD%2CsidebarBorderWidthL%2CsidebarBorderStyleL%2CsidebarBorderRadiusL%2CsidebarShadowL%2CsidebarShadowHoverL%2CsidebarShadowActiveL%2CsidebarBorderWidthD%2CsidebarBorderStyleD%2CsidebarBorderRadiusD%2CsidebarShadowD%2CsidebarShadowHoverD%2CsidebarShadowActiveD%2CsidebarPaddingXL%2CsidebarPaddingYL%2CsidebarMarginL%2CsidebarGapL%2CsidebarWidthL%2CsidebarWidthCollapsedL%2CsidebarTransitionDurationL%2CsidebarTransitionTimingL%2CsidebarPaddingXD%2CsidebarPaddingYD%2CsidebarMarginD%2CsidebarGapD%2CsidebarWidthD%2CsidebarWidthCollapsedD%2CsidebarTransitionDurationD%2CsidebarTransitionTimingD%2CsidebarMenuItemBgL%2CsidebarMenuItemBgHoverL%2CsidebarMenuItemBgActiveL%2CsidebarMenuItemColorL%2CsidebarMenuItemColorHoverL%2CsidebarMenuItemColorActiveL%2CsidebarMenuItemBorderL%2CsidebarMenuItemBorderHoverL%2CsidebarMenuItemBorderActiveL%2CsidebarMenuItemBorderRadiusL%2CsidebarMenuItemPaddingXL%2CsidebarMenuItemPaddingYL%2CsidebarMenuItemMarginL%2CsidebarMenuItemFontWeightL%2CsidebarMenuItemFontWeightActiveL%2CsidebarMenuItemFontSizeL%2CsidebarMenuItemLineHeightL%2CsidebarMenuItemTransitionL%2CsidebarMenuItemBgD%2CsidebarMenuItemBgHoverD%2CsidebarMenuItemBgActiveD%2CsidebarMenuItemColorD%2CsidebarMenuItemColorHoverD%2CsidebarMenuItemColorActiveD%2CsidebarMenuItemBorderD%2CsidebarMenuItemBorderHoverD%2CsidebarMenuItemBorderActiveD%2CsidebarMenuItemBorderRadiusD%2CsidebarMenuItemPaddingXD%2CsidebarMenuItemPaddingYD%2CsidebarMenuItemMarginD%2CsidebarMenuItemFontWeightD%2CsidebarMenuItemFontWeightActiveD%2CsidebarMenuItemFontSizeD%2CsidebarMenuItemLineHeightD%2CsidebarMenuItemTransitionD%2CsidebarIconSizeL%2CsidebarIconColorL%2CsidebarIconColorHoverL%2CsidebarIconColorActiveL%2CsidebarIconMarginRightL%2CsidebarIconTransitionL%2CsidebarIconSizeD%2CsidebarIconColorD%2CsidebarIconColorHoverD%2CsidebarIconColorActiveD%2CsidebarIconMarginRightD%2CsidebarIconTransitionD%2CsidebarGroupLabelColorL%2CsidebarGroupLabelFontSizeL%2CsidebarGroupLabelFontWeightL%2CsidebarGroupLabelTextTransformL%2CsidebarGroupLabelLetterSpacingL%2CsidebarGroupLabelPaddingL%2CsidebarGroupLabelMarginL%2CsidebarGroupLabelColorD%2CsidebarGroupLabelFontSizeD%2CsidebarGroupLabelFontWeightD%2CsidebarGroupLabelTextTransformD%2CsidebarGroupLabelLetterSpacingD%2CsidebarGroupLabelPaddingD%2CsidebarGroupLabelMarginD 200 in 902ms
 GET /api/auth/session 200 in 636ms
 GET /api/auth/session 200 in 468ms
 GET /api/auth/session 200 in 507ms
 GET /api/auth/session 200 in 502ms
 GET /api/auth/session 200 in 538ms
 GET /api/auth/session 200 in 534ms
 GET /settings/design-options 200 in 700ms
 GET /api/auth/session 200 in 453ms
 GET /api/auth/session 200 in 472ms
 GET /api/user-preferences 200 in 608ms
 GET /api/settings/system-settings?keys=appLogoDataUrl%2CappName%2CshowLogoOnly%2CsidebarLogoSize%2CcollapsedSidebarLogoSize%2CsidebarLogoCollapsedLightMode%2CsidebarLogoExpandedLightMode%2CsidebarLogoCollapsedDarkMode%2CsidebarLogoExpandedDarkMode%2CthemePreference%2CprimaryGradient%2CprimaryButtonShadowL%2CprimaryButtonShadowHoverL%2CprimaryButtonShadowD%2CprimaryButtonShadowHoverD%2CsidebarBackgroundType%2CsidebarBackgroundImageUrl%2CsidebarBackgroundImageFit%2CsidebarBackgroundImagePosition%2CsidebarNavigationMode%2CsidebarSecondaryGroupLabels%2CsidebarBgStartL%2CsidebarBgEndL%2CsidebarTextL%2CsidebarActiveBgStartL%2CsidebarActiveBgEndL%2CsidebarActiveTextL%2CsidebarHoverBgL%2CsidebarHoverTextL%2CsidebarBorderL%2CbuttonTextColorL%2CbuttonTextColorD%2CsidebarBgStartD%2CsidebarBgEndD%2CsidebarTextD%2CsidebarActiveBgStartD%2CsidebarActiveBgEndD%2CsidebarActiveTextD%2CsidebarHoverBgD%2CsidebarHoverTextD%2CsidebarBorderD%2CsidebarFontFamilyL%2CsidebarFontSizeL%2CsidebarFontWeightL%2CsidebarLineHeightL%2CsidebarLetterSpacingL%2CsidebarTextTransformL%2CsidebarFontFamilyD%2CsidebarFontSizeD%2CsidebarFontWeightD%2CsidebarLineHeightD%2CsidebarLetterSpacingD%2CsidebarTextTransformD%2CsidebarBorderWidthL%2CsidebarBorderStyleL%2CsidebarBorderRadiusL%2CsidebarShadowL%2CsidebarShadowHoverL%2CsidebarShadowActiveL%2CsidebarBorderWidthD%2CsidebarBorderStyleD%2CsidebarBorderRadiusD%2CsidebarShadowD%2CsidebarShadowHoverD%2CsidebarShadowActiveD%2CsidebarPaddingXL%2CsidebarPaddingYL%2CsidebarMarginL%2CsidebarGapL%2CsidebarWidthL%2CsidebarWidthCollapsedL%2CsidebarTransitionDurationL%2CsidebarTransitionTimingL%2CsidebarPaddingXD%2CsidebarPaddingYD%2CsidebarMarginD%2CsidebarGapD%2CsidebarWidthD%2CsidebarWidthCollapsedD%2CsidebarTransitionDurationD%2CsidebarTransitionTimingD%2CsidebarMenuItemBgL%2CsidebarMenuItemBgHoverL%2CsidebarMenuItemBgActiveL%2CsidebarMenuItemColorL%2CsidebarMenuItemColorHoverL%2CsidebarMenuItemColorActiveL%2CsidebarMenuItemBorderL%2CsidebarMenuItemBorderHoverL%2CsidebarMenuItemBorderActiveL%2CsidebarMenuItemBorderRadiusL%2CsidebarMenuItemPaddingXL%2CsidebarMenuItemPaddingYL%2CsidebarMenuItemMarginL%2CsidebarMenuItemFontWeightL%2CsidebarMenuItemFontWeightActiveL%2CsidebarMenuItemFontSizeL%2CsidebarMenuItemLineHeightL%2CsidebarMenuItemTransitionL%2CsidebarMenuItemBgD%2CsidebarMenuItemBgHoverD%2CsidebarMenuItemBgActiveD%2CsidebarMenuItemColorD%2CsidebarMenuItemColorHoverD%2CsidebarMenuItemColorActiveD%2CsidebarMenuItemBorderD%2CsidebarMenuItemBorderHoverD%2CsidebarMenuItemBorderActiveD%2CsidebarMenuItemBorderRadiusD%2CsidebarMenuItemPaddingXD%2CsidebarMenuItemPaddingYD%2CsidebarMenuItemMarginD%2CsidebarMenuItemFontWeightD%2CsidebarMenuItemFontWeightActiveD%2CsidebarMenuItemFontSizeD%2CsidebarMenuItemLineHeightD%2CsidebarMenuItemTransitionD%2CsidebarIconSizeL%2CsidebarIconColorL%2CsidebarIconColorHoverL%2CsidebarIconColorActiveL%2CsidebarIconMarginRightL%2CsidebarIconTransitionL%2CsidebarIconSizeD%2CsidebarIconColorD%2CsidebarIconColorHoverD%2CsidebarIconColorActiveD%2CsidebarIconMarginRightD%2CsidebarIconTransitionD%2CsidebarGroupLabelColorL%2CsidebarGroupLabelFontSizeL%2CsidebarGroupLabelFontWeightL%2CsidebarGroupLabelTextTransformL%2CsidebarGroupLabelLetterSpacingL%2CsidebarGroupLabelPaddingL%2CsidebarGroupLabelMarginL%2CsidebarGroupLabelColorD%2CsidebarGroupLabelFontSizeD%2CsidebarGroupLabelFontWeightD%2CsidebarGroupLabelTextTransformD%2CsidebarGroupLabelLetterSpacingD%2CsidebarGroupLabelPaddingD%2CsidebarGroupLabelMarginD 200 in 432ms
 GET /api/settings/system-settings?keys=appName%2CappLogoDataUrl%2CappFaviconDataUrl%2CorganizationLogoDataUrl%2CappThemePreference%2CshowLogoOnly%2CsidebarLogoSize%2CsidebarLogoCollapsedLightMode%2CsidebarLogoExpandedLightMode%2CsidebarLogoCollapsedDarkMode%2CsidebarLogoExpandedDarkMode%2CloginPageLogoLightMode%2CloginPageLogoDarkMode%2CsplashBackgroundColor%2CsplashLogoDataUrl%2CsplashAnimationType%2CpwaEnabled%2CpwaThemeColor%2CpwaBackgroundColor%2CpwaAppleMobileWebAppTitle%2CpwaAppleMobileWebAppStatusBarStyle%2CrightClickProtectionEnabled%2CscreenCaptureProtectionEnabled 200 in 978ms
 GET /api/broadcast/active 200 in 863ms
 GET /api/upload-queue/health 200 in 572ms
 GET /api/settings/platform-setup/status 200 in 776ms
 GET /api/realtime/notifications?limit=50 200 in 588ms
 GET /api/broadcast/active 200 in 889ms
 GET /api/settings/platform-setup/status 200 in 739ms
 GET /api/privacy-support/categories 200 in 931ms
 GET /api/settings/system-settings?keys=drawerStyle 200 in 404ms
 GET /api/privacy-support/categories 200 in 757ms
 GET /api/broadcast/active 200 in 913ms
 GET /api/auth/session 200 in 478ms
 GET /api/user-preferences 200 in 544ms
 GET /api/broadcast/active 200 in 1019ms
 GET /api/settings/system-settings?keys=broadcastBannerActiveId,broadcastBannerOneTitle,broadcastBannerOneMessage,broadcastBannerOneTone,broadcastBannerTwoTitle,broadcastBannerTwoMessage,broadcastBannerTwoTone,broadcastBannerThreeTitle,broadcastBannerThreeMessage,broadcastBannerThreeTone 200 in 455ms
 GET /api/upload-queue/health 200 in 604ms
 GET /api/settings/system-settings?keys=drawerStyle 200 in 413ms
 GET /api/auth/session 200 in 430ms
 GET /api/user-preferences 200 in 543ms
 GET /api/broadcast/active 200 in 871ms
 ✓ Compiled in 352ms
 GET /api/settings/system-settings?keys=broadcastBannerActiveId,broadcastBannerOneTitle,broadcastBannerOneMessage,broadcastBannerOneTone,broadcastBannerTwoTitle,broadcastBannerTwoMessage,broadcastBannerTwoTone,broadcastBannerThreeTitle,broadcastBannerThreeMessage,broadcastBannerThreeTone 200 in 463ms
 GET /api/upload-queue/health 200 in 603ms
 GET /api/settings/system-settings?keys=drawerStyle 200 in 413ms
 GET /api/user-preferences 200 in 745ms
 GET /api/settings/system-settings?keys=broadcastBannerActiveId,broadcastBannerOneTitle,broadcastBannerOneMessage,broadcastBannerOneTone,broadcastBannerTwoTitle,broadcastBannerTwoMessage,broadcastBannerTwoTone,broadcastBannerThreeTitle,broadcastBannerThreeMessage,broadcastBannerThreeTone 200 in 424ms
 GET /api/settings/system-settings?keys=drawerStyle 200 in 402ms
 GET /api/settings/system-settings?keys=broadcastBannerActiveId,broadcastBannerOneTitle,broadcastBannerOneMessage,broadcastBannerOneTone,broadcastBannerTwoTitle,broadcastBannerTwoMessage,broadcastBannerTwoTone,broadcastBannerThreeTitle,broadcastBannerThreeMessage,broadcastBannerThreeTone 200 in 412ms
 GET /api/settings/system-settings?keys=broadcastBannerActiveId,broadcastBannerOneTitle,broadcastBannerOneMessage,broadcastBannerOneTone,broadcastBannerTwoTitle,broadcastBannerTwoMessage,broadcastBannerTwoTone,broadcastBannerThreeTitle,broadcastBannerThreeMessage,broadcastBannerThreeTone 200 in 423ms
 ✓ Compiled in 247ms
 ○ Compiling /ess/profile ...
 ✓ Compiled /ess/profile in 1148ms
 GET /ess/profile 200 in 2035ms
 GET /api/sse 200 in 60466ms
 GET /api/sse 200 in 67047ms
 GET /settings?adminTab=hr-setup&config=onboarding 200 in 751ms
 GET /icon.png?icon.31d034ff.png 200 in 440ms
 GET /api/settings/platform-setup/status 200 in 1268ms
 GET /api/broadcast/active 200 in 1307ms
 GET /api/auth/session 200 in 749ms
 GET /api/settings/system-settings?keys=broadcastBannerActiveId,broadcastBannerOneTitle,broadcastBannerOneMessage,broadcastBannerOneTone,broadcastBannerTwoTitle,broadcastBannerTwoMessage,broadcastBannerTwoTone,broadcastBannerThreeTitle,broadcastBannerThreeMessage,broadcastBannerThreeTone 200 in 498ms
 GET /api/auth/session 200 in 489ms
 ○ Compiling /payroll ...
 GET /api/auth/session 200 in 627ms
 GET /api/user-preferences 200 in 641ms
 ✓ Compiled /payroll in 1176ms
 GET /payroll 200 in 1315ms
 GET /api/settings/system-settings?keys=appLogoDataUrl%2CappName%2CshowLogoOnly%2CsidebarLogoSize%2CcollapsedSidebarLogoSize%2CsidebarLogoCollapsedLightMode%2CsidebarLogoExpandedLightMode%2CsidebarLogoCollapsedDarkMode%2CsidebarLogoExpandedDarkMode%2CthemePreference%2CprimaryGradient%2CprimaryButtonShadowL%2CprimaryButtonShadowHoverL%2CprimaryButtonShadowD%2CprimaryButtonShadowHoverD%2CsidebarBackgroundType%2CsidebarBackgroundImageUrl%2CsidebarBackgroundImageFit%2CsidebarBackgroundImagePosition%2CsidebarNavigationMode%2CsidebarSecondaryGroupLabels%2CsidebarBgStartL%2CsidebarBgEndL%2CsidebarTextL%2CsidebarActiveBgStartL%2CsidebarActiveBgEndL%2CsidebarActiveTextL%2CsidebarHoverBgL%2CsidebarHoverTextL%2CsidebarBorderL%2CbuttonTextColorL%2CbuttonTextColorD%2CsidebarBgStartD%2CsidebarBgEndD%2CsidebarTextD%2CsidebarActiveBgStartD%2CsidebarActiveBgEndD%2CsidebarActiveTextD%2CsidebarHoverBgD%2CsidebarHoverTextD%2CsidebarBorderD%2CsidebarFontFamilyL%2CsidebarFontSizeL%2CsidebarFontWeightL%2CsidebarLineHeightL%2CsidebarLetterSpacingL%2CsidebarTextTransformL%2CsidebarFontFamilyD%2CsidebarFontSizeD%2CsidebarFontWeightD%2CsidebarLineHeightD%2CsidebarLetterSpacingD%2CsidebarTextTransformD%2CsidebarBorderWidthL%2CsidebarBorderStyleL%2CsidebarBorderRadiusL%2CsidebarShadowL%2CsidebarShadowHoverL%2CsidebarShadowActiveL%2CsidebarBorderWidthD%2CsidebarBorderStyleD%2CsidebarBorderRadiusD%2CsidebarShadowD%2CsidebarShadowHoverD%2CsidebarShadowActiveD%2CsidebarPaddingXL%2CsidebarPaddingYL%2CsidebarMarginL%2CsidebarGapL%2CsidebarWidthL%2CsidebarWidthCollapsedL%2CsidebarTransitionDurationL%2CsidebarTransitionTimingL%2CsidebarPaddingXD%2CsidebarPaddingYD%2CsidebarMarginD%2CsidebarGapD%2CsidebarWidthD%2CsidebarWidthCollapsedD%2CsidebarTransitionDurationD%2CsidebarTransitionTimingD%2CsidebarMenuItemBgL%2CsidebarMenuItemBgHoverL%2CsidebarMenuItemBgActiveL%2CsidebarMenuItemColorL%2CsidebarMenuItemColorHoverL%2CsidebarMenuItemColorActiveL%2CsidebarMenuItemBorderL%2CsidebarMenuItemBorderHoverL%2CsidebarMenuItemBorderActiveL%2CsidebarMenuItemBorderRadiusL%2CsidebarMenuItemPaddingXL%2CsidebarMenuItemPaddingYL%2CsidebarMenuItemMarginL%2CsidebarMenuItemFontWeightL%2CsidebarMenuItemFontWeightActiveL%2CsidebarMenuItemFontSizeL%2CsidebarMenuItemLineHeightL%2CsidebarMenuItemTransitionL%2CsidebarMenuItemBgD%2CsidebarMenuItemBgHoverD%2CsidebarMenuItemBgActiveD%2CsidebarMenuItemColorD%2CsidebarMenuItemColorHoverD%2CsidebarMenuItemColorActiveD%2CsidebarMenuItemBorderD%2CsidebarMenuItemBorderHoverD%2CsidebarMenuItemBorderActiveD%2CsidebarMenuItemBorderRadiusD%2CsidebarMenuItemPaddingXD%2CsidebarMenuItemPaddingYD%2CsidebarMenuItemMarginD%2CsidebarMenuItemFontWeightD%2CsidebarMenuItemFontWeightActiveD%2CsidebarMenuItemFontSizeD%2CsidebarMenuItemLineHeightD%2CsidebarMenuItemTransitionD%2CsidebarIconSizeL%2CsidebarIconColorL%2CsidebarIconColorHoverL%2CsidebarIconColorActiveL%2CsidebarIconMarginRightL%2CsidebarIconTransitionL%2CsidebarIconSizeD%2CsidebarIconColorD%2CsidebarIconColorHoverD%2CsidebarIconColorActiveD%2CsidebarIconMarginRightD%2CsidebarIconTransitionD%2CsidebarGroupLabelColorL%2CsidebarGroupLabelFontSizeL%2CsidebarGroupLabelFontWeightL%2CsidebarGroupLabelTextTransformL%2CsidebarGroupLabelLetterSpacingL%2CsidebarGroupLabelPaddingL%2CsidebarGroupLabelMarginL%2CsidebarGroupLabelColorD%2CsidebarGroupLabelFontSizeD%2CsidebarGroupLabelFontWeightD%2CsidebarGroupLabelTextTransformD%2CsidebarGroupLabelLetterSpacingD%2CsidebarGroupLabelPaddingD%2CsidebarGroupLabelMarginD 200 in 619ms
 GET /settings/onboarding?adminCenterEmbed=1 200 in 1036ms
 GET /api/settings/system-settings?keys=appName%2CappLogoDataUrl%2CappFaviconDataUrl%2CorganizationLogoDataUrl%2CappThemePreference%2CshowLogoOnly%2CsidebarLogoSize%2CsidebarLogoCollapsedLightMode%2CsidebarLogoExpandedLightMode%2CsidebarLogoCollapsedDarkMode%2CsidebarLogoExpandedDarkMode%2CloginPageLogoLightMode%2CloginPageLogoDarkMode%2CsplashBackgroundColor%2CsplashLogoDataUrl%2CsplashAnimationType%2CpwaEnabled%2CpwaThemeColor%2CpwaBackgroundColor%2CpwaAppleMobileWebAppTitle%2CpwaAppleMobileWebAppStatusBarStyle%2CrightClickProtectionEnabled%2CscreenCaptureProtectionEnabled 200 in 1138ms
 GET /api/broadcast/active 200 in 875ms
 GET /api/upload-queue/health 200 in 594ms
 GET /api/settings/platform-setup/status 200 in 744ms
 GET /api/realtime/notifications?limit=50 200 in 613ms
 GET /api/broadcast/active 200 in 828ms
 GET /api/settings/platform-setup/status 200 in 809ms
 GET /api/settings/system-settings?keys=drawerStyle 200 in 461ms
 GET /api/privacy-support/categories 200 in 819ms
 GET /icon.png?icon.31d034ff.png 200 in 365ms
 GET /api/privacy-support/categories 200 in 801ms
 GET /api/broadcast/active 200 in 870ms
 GET /api/settings/platform-setup/status 200 in 822ms
 GET /api/auth/session 200 in 436ms
 GET /api/settings/platform-setup/status 200 in 723ms
 GET /api/user-preferences 200 in 644ms
 GET /api/broadcast/active 200 in 952ms
 GET /api/broadcast/active 200 in 855ms
 GET /api/settings/platform-setup/status 200 in 762ms
 GET /api/settings/system-settings?keys=broadcastBannerActiveId,broadcastBannerOneTitle,broadcastBannerOneMessage,broadcastBannerOneTone,broadcastBannerTwoTitle,broadcastBannerTwoMessage,broadcastBannerTwoTone,broadcastBannerThreeTitle,broadcastBannerThreeMessage,broadcastBannerThreeTone 200 in 419ms
 GET /api/settings/system-settings?keys=drawerStyle 200 in 432ms
 GET /api/upload-queue/health 200 in 658ms
 GET /api/auth/session 200 in 496ms
 GET /api/settings/system-settings?keys=appLogoDataUrl%2CappName%2CshowLogoOnly%2CsidebarLogoSize%2CcollapsedSidebarLogoSize%2CsidebarLogoCollapsedLightMode%2CsidebarLogoExpandedLightMode%2CsidebarLogoCollapsedDarkMode%2CsidebarLogoExpandedDarkMode%2CthemePreference%2CprimaryGradient%2CprimaryButtonShadowL%2CprimaryButtonShadowHoverL%2CprimaryButtonShadowD%2CprimaryButtonShadowHoverD%2CsidebarBackgroundType%2CsidebarBackgroundImageUrl%2CsidebarBackgroundImageFit%2CsidebarBackgroundImagePosition%2CsidebarNavigationMode%2CsidebarSecondaryGroupLabels%2CsidebarBgStartL%2CsidebarBgEndL%2CsidebarTextL%2CsidebarActiveBgStartL%2CsidebarActiveBgEndL%2CsidebarActiveTextL%2CsidebarHoverBgL%2CsidebarHoverTextL%2CsidebarBorderL%2CbuttonTextColorL%2CbuttonTextColorD%2CsidebarBgStartD%2CsidebarBgEndD%2CsidebarTextD%2CsidebarActiveBgStartD%2CsidebarActiveBgEndD%2CsidebarActiveTextD%2CsidebarHoverBgD%2CsidebarHoverTextD%2CsidebarBorderD%2CsidebarFontFamilyL%2CsidebarFontSizeL%2CsidebarFontWeightL%2CsidebarLineHeightL%2CsidebarLetterSpacingL%2CsidebarTextTransformL%2CsidebarFontFamilyD%2CsidebarFontSizeD%2CsidebarFontWeightD%2CsidebarLineHeightD%2CsidebarLetterSpacingD%2CsidebarTextTransformD%2CsidebarBorderWidthL%2CsidebarBorderStyleL%2CsidebarBorderRadiusL%2CsidebarShadowL%2CsidebarShadowHoverL%2CsidebarShadowActiveL%2CsidebarBorderWidthD%2CsidebarBorderStyleD%2CsidebarBorderRadiusD%2CsidebarShadowD%2CsidebarShadowHoverD%2CsidebarShadowActiveD%2CsidebarPaddingXL%2CsidebarPaddingYL%2CsidebarMarginL%2CsidebarGapL%2CsidebarWidthL%2CsidebarWidthCollapsedL%2CsidebarTransitionDurationL%2CsidebarTransitionTimingL%2CsidebarPaddingXD%2CsidebarPaddingYD%2CsidebarMarginD%2CsidebarGapD%2CsidebarWidthD%2CsidebarWidthCollapsedD%2CsidebarTransitionDurationD%2CsidebarTransitionTimingD%2CsidebarMenuItemBgL%2CsidebarMenuItemBgHoverL%2CsidebarMenuItemBgActiveL%2CsidebarMenuItemColorL%2CsidebarMenuItemColorHoverL%2CsidebarMenuItemColorActiveL%2CsidebarMenuItemBorderL%2CsidebarMenuItemBorderHoverL%2CsidebarMenuItemBorderActiveL%2CsidebarMenuItemBorderRadiusL%2CsidebarMenuItemPaddingXL%2CsidebarMenuItemPaddingYL%2CsidebarMenuItemMarginL%2CsidebarMenuItemFontWeightL%2CsidebarMenuItemFontWeightActiveL%2CsidebarMenuItemFontSizeL%2CsidebarMenuItemLineHeightL%2CsidebarMenuItemTransitionL%2CsidebarMenuItemBgD%2CsidebarMenuItemBgHoverD%2CsidebarMenuItemBgActiveD%2CsidebarMenuItemColorD%2CsidebarMenuItemColorHoverD%2CsidebarMenuItemColorActiveD%2CsidebarMenuItemBorderD%2CsidebarMenuItemBorderHoverD%2CsidebarMenuItemBorderActiveD%2CsidebarMenuItemBorderRadiusD%2CsidebarMenuItemPaddingXD%2CsidebarMenuItemPaddingYD%2CsidebarMenuItemMarginD%2CsidebarMenuItemFontWeightD%2CsidebarMenuItemFontWeightActiveD%2CsidebarMenuItemFontSizeD%2CsidebarMenuItemLineHeightD%2CsidebarMenuItemTransitionD%2CsidebarIconSizeL%2CsidebarIconColorL%2CsidebarIconColorHoverL%2CsidebarIconColorActiveL%2CsidebarIconMarginRightL%2CsidebarIconTransitionL%2CsidebarIconSizeD%2CsidebarIconColorD%2CsidebarIconColorHoverD%2CsidebarIconColorActiveD%2CsidebarIconMarginRightD%2CsidebarIconTransitionD%2CsidebarGroupLabelColorL%2CsidebarGroupLabelFontSizeL%2CsidebarGroupLabelFontWeightL%2CsidebarGroupLabelTextTransformL%2CsidebarGroupLabelLetterSpacingL%2CsidebarGroupLabelPaddingL%2CsidebarGroupLabelMarginL%2CsidebarGroupLabelColorD%2CsidebarGroupLabelFontSizeD%2CsidebarGroupLabelFontWeightD%2CsidebarGroupLabelTextTransformD%2CsidebarGroupLabelLetterSpacingD%2CsidebarGroupLabelPaddingD%2CsidebarGroupLabelMarginD 200 in 440ms
 GET /api/user-preferences 200 in 603ms
 GET /api/broadcast/active 200 in 895ms
 GET /api/settings/system-settings?keys=broadcastBannerActiveId,broadcastBannerOneTitle,broadcastBannerOneMessage,broadcastBannerOneTone,broadcastBannerTwoTitle,broadcastBannerTwoMessage,broadcastBannerTwoTone,broadcastBannerThreeTitle,broadcastBannerThreeMessage,broadcastBannerThreeTone 200 in 430ms
 GET /api/settings/system-settings?keys=drawerStyle 200 in 471ms
 GET /api/upload-queue/health 200 in 610ms
 GET /api/auth/session 200 in 440ms
 GET /ess/profile 200 in 610ms
 GET /api/user-preferences 200 in 531ms
 GET /api/settings/system-settings?keys=broadcastBannerActiveId,broadcastBannerOneTitle,broadcastBannerOneMessage,broadcastBannerOneTone,broadcastBannerTwoTitle,broadcastBannerTwoMessage,broadcastBannerTwoTone,broadcastBannerThreeTitle,broadcastBannerThreeMessage,broadcastBannerThreeTone 200 in 455ms
 GET /api/settings/system-settings?keys=drawerStyle 200 in 436ms
 GET /api/auth/session 200 in 485ms
 GET /api/broadcast/active 200 in 849ms
 GET /api/settings/platform-setup/status 200 in 777ms
 GET /api/settings/system-settings?keys=broadcastBannerActiveId,broadcastBannerOneTitle,broadcastBannerOneMessage,broadcastBannerOneTone,broadcastBannerTwoTitle,broadcastBannerTwoMessage,broadcastBannerTwoTone,broadcastBannerThreeTitle,broadcastBannerThreeMessage,broadcastBannerThreeTone 200 in 408ms
 GET /api/settings/system-settings?keys=broadcastBannerActiveId,broadcastBannerOneTitle,broadcastBannerOneMessage,broadcastBannerOneTone,broadcastBannerTwoTitle,broadcastBannerTwoMessage,broadcastBannerTwoTone,broadcastBannerThreeTitle,broadcastBannerThreeMessage,broadcastBannerThreeTone 200 in 475ms
 GET /api/user-preferences 200 in 588ms
 GET /api/auth/session 200 in 486ms
 GET /api/settings/system-settings?keys=appLogoDataUrl%2CappName%2CshowLogoOnly%2CsidebarLogoSize%2CcollapsedSidebarLogoSize%2CsidebarLogoCollapsedLightMode%2CsidebarLogoExpandedLightMode%2CsidebarLogoCollapsedDarkMode%2CsidebarLogoExpandedDarkMode%2CthemePreference%2CprimaryGradient%2CprimaryButtonShadowL%2CprimaryButtonShadowHoverL%2CprimaryButtonShadowD%2CprimaryButtonShadowHoverD%2CsidebarBackgroundType%2CsidebarBackgroundImageUrl%2CsidebarBackgroundImageFit%2CsidebarBackgroundImagePosition%2CsidebarNavigationMode%2CsidebarSecondaryGroupLabels%2CsidebarBgStartL%2CsidebarBgEndL%2CsidebarTextL%2CsidebarActiveBgStartL%2CsidebarActiveBgEndL%2CsidebarActiveTextL%2CsidebarHoverBgL%2CsidebarHoverTextL%2CsidebarBorderL%2CbuttonTextColorL%2CbuttonTextColorD%2CsidebarBgStartD%2CsidebarBgEndD%2CsidebarTextD%2CsidebarActiveBgStartD%2CsidebarActiveBgEndD%2CsidebarActiveTextD%2CsidebarHoverBgD%2CsidebarHoverTextD%2CsidebarBorderD%2CsidebarFontFamilyL%2CsidebarFontSizeL%2CsidebarFontWeightL%2CsidebarLineHeightL%2CsidebarLetterSpacingL%2CsidebarTextTransformL%2CsidebarFontFamilyD%2CsidebarFontSizeD%2CsidebarFontWeightD%2CsidebarLineHeightD%2CsidebarLetterSpacingD%2CsidebarTextTransformD%2CsidebarBorderWidthL%2CsidebarBorderStyleL%2CsidebarBorderRadiusL%2CsidebarShadowL%2CsidebarShadowHoverL%2CsidebarShadowActiveL%2CsidebarBorderWidthD%2CsidebarBorderStyleD%2CsidebarBorderRadiusD%2CsidebarShadowD%2CsidebarShadowHoverD%2CsidebarShadowActiveD%2CsidebarPaddingXL%2CsidebarPaddingYL%2CsidebarMarginL%2CsidebarGapL%2CsidebarWidthL%2CsidebarWidthCollapsedL%2CsidebarTransitionDurationL%2CsidebarTransitionTimingL%2CsidebarPaddingXD%2CsidebarPaddingYD%2CsidebarMarginD%2CsidebarGapD%2CsidebarWidthD%2CsidebarWidthCollapsedD%2CsidebarTransitionDurationD%2CsidebarTransitionTimingD%2CsidebarMenuItemBgL%2CsidebarMenuItemBgHoverL%2CsidebarMenuItemBgActiveL%2CsidebarMenuItemColorL%2CsidebarMenuItemColorHoverL%2CsidebarMenuItemColorActiveL%2CsidebarMenuItemBorderL%2CsidebarMenuItemBorderHoverL%2CsidebarMenuItemBorderActiveL%2CsidebarMenuItemBorderRadiusL%2CsidebarMenuItemPaddingXL%2CsidebarMenuItemPaddingYL%2CsidebarMenuItemMarginL%2CsidebarMenuItemFontWeightL%2CsidebarMenuItemFontWeightActiveL%2CsidebarMenuItemFontSizeL%2CsidebarMenuItemLineHeightL%2CsidebarMenuItemTransitionL%2CsidebarMenuItemBgD%2CsidebarMenuItemBgHoverD%2CsidebarMenuItemBgActiveD%2CsidebarMenuItemColorD%2CsidebarMenuItemColorHoverD%2CsidebarMenuItemColorActiveD%2CsidebarMenuItemBorderD%2CsidebarMenuItemBorderHoverD%2CsidebarMenuItemBorderActiveD%2CsidebarMenuItemBorderRadiusD%2CsidebarMenuItemPaddingXD%2CsidebarMenuItemPaddingYD%2CsidebarMenuItemMarginD%2CsidebarMenuItemFontWeightD%2CsidebarMenuItemFontWeightActiveD%2CsidebarMenuItemFontSizeD%2CsidebarMenuItemLineHeightD%2CsidebarMenuItemTransitionD%2CsidebarIconSizeL%2CsidebarIconColorL%2CsidebarIconColorHoverL%2CsidebarIconColorActiveL%2CsidebarIconMarginRightL%2CsidebarIconTransitionL%2CsidebarIconSizeD%2CsidebarIconColorD%2CsidebarIconColorHoverD%2CsidebarIconColorActiveD%2CsidebarIconMarginRightD%2CsidebarIconTransitionD%2CsidebarGroupLabelColorL%2CsidebarGroupLabelFontSizeL%2CsidebarGroupLabelFontWeightL%2CsidebarGroupLabelTextTransformL%2CsidebarGroupLabelLetterSpacingL%2CsidebarGroupLabelPaddingL%2CsidebarGroupLabelMarginL%2CsidebarGroupLabelColorD%2CsidebarGroupLabelFontSizeD%2CsidebarGroupLabelFontWeightD%2CsidebarGroupLabelTextTransformD%2CsidebarGroupLabelLetterSpacingD%2CsidebarGroupLabelPaddingD%2CsidebarGroupLabelMarginD 200 in 467ms
 ○ Compiling /payroll/runs ...
 ✓ Compiled /payroll/runs in 658ms
 GET /payroll/runs 200 in 1083ms
 GET /api/settings/system-settings?keys=appName%2CappLogoDataUrl%2CappFaviconDataUrl%2CorganizationLogoDataUrl%2CappThemePreference%2CshowLogoOnly%2CsidebarLogoSize%2CsidebarLogoCollapsedLightMode%2CsidebarLogoExpandedLightMode%2CsidebarLogoCollapsedDarkMode%2CsidebarLogoExpandedDarkMode%2CloginPageLogoLightMode%2CloginPageLogoDarkMode%2CsplashBackgroundColor%2CsplashLogoDataUrl%2CsplashAnimationType%2CpwaEnabled%2CpwaThemeColor%2CpwaBackgroundColor%2CpwaAppleMobileWebAppTitle%2CpwaAppleMobileWebAppStatusBarStyle%2CrightClickProtectionEnabled%2CscreenCaptureProtectionEnabled 200 in 1012ms
 GET /api/hr/onboarding?view=templates 200 in 887ms
 GET /api/hr/onboarding?view=tasks 200 in 771ms
 GET /api/realtime/notifications?limit=50 200 in 532ms
 GET /api/hr/onboarding?view=templates 200 in 774ms
 GET /api/hr/onboarding?view=tasks 200 in 929ms
 GET /api/settings/system-settings?keys=broadcastBannerActiveId,broadcastBannerOneTitle,broadcastBannerOneMessage,broadcastBannerOneTone,broadcastBannerTwoTitle,broadcastBannerTwoMessage,broadcastBannerTwoTone,broadcastBannerThreeTitle,broadcastBannerThreeMessage,broadcastBannerThreeTone 200 in 465ms
 GET /api/user-preferences 200 in 505ms
 GET /api/settings/system-settings?keys=broadcastBannerActiveId,broadcastBannerOneTitle,broadcastBannerOneMessage,broadcastBannerOneTone,broadcastBannerTwoTitle,broadcastBannerTwoMessage,broadcastBannerTwoTone,broadcastBannerThreeTitle,broadcastBannerThreeMessage,broadcastBannerThreeTone 200 in 438ms
 GET /api/user-preferences 200 in 520ms
 GET /api/user-preferences 200 in 529ms
 GET /api/user-preferences 200 in 524ms
 GET /api/auth/session 200 in 485ms
 GET /api/settings/system-settings?keys=appLogoDataUrl%2CappName%2CshowLogoOnly%2CsidebarLogoSize%2CcollapsedSidebarLogoSize%2CsidebarLogoCollapsedLightMode%2CsidebarLogoExpandedLightMode%2CsidebarLogoCollapsedDarkMode%2CsidebarLogoExpandedDarkMode%2CthemePreference%2CprimaryGradient%2CprimaryButtonShadowL%2CprimaryButtonShadowHoverL%2CprimaryButtonShadowD%2CprimaryButtonShadowHoverD%2CsidebarBackgroundType%2CsidebarBackgroundImageUrl%2CsidebarBackgroundImageFit%2CsidebarBackgroundImagePosition%2CsidebarNavigationMode%2CsidebarSecondaryGroupLabels%2CsidebarBgStartL%2CsidebarBgEndL%2CsidebarTextL%2CsidebarActiveBgStartL%2CsidebarActiveBgEndL%2CsidebarActiveTextL%2CsidebarHoverBgL%2CsidebarHoverTextL%2CsidebarBorderL%2CbuttonTextColorL%2CbuttonTextColorD%2CsidebarBgStartD%2CsidebarBgEndD%2CsidebarTextD%2CsidebarActiveBgStartD%2CsidebarActiveBgEndD%2CsidebarActiveTextD%2CsidebarHoverBgD%2CsidebarHoverTextD%2CsidebarBorderD%2CsidebarFontFamilyL%2CsidebarFontSizeL%2CsidebarFontWeightL%2CsidebarLineHeightL%2CsidebarLetterSpacingL%2CsidebarTextTransformL%2CsidebarFontFamilyD%2CsidebarFontSizeD%2CsidebarFontWeightD%2CsidebarLineHeightD%2CsidebarLetterSpacingD%2CsidebarTextTransformD%2CsidebarBorderWidthL%2CsidebarBorderStyleL%2CsidebarBorderRadiusL%2CsidebarShadowL%2CsidebarShadowHoverL%2CsidebarShadowActiveL%2CsidebarBorderWidthD%2CsidebarBorderStyleD%2CsidebarBorderRadiusD%2CsidebarShadowD%2CsidebarShadowHoverD%2CsidebarShadowActiveD%2CsidebarPaddingXL%2CsidebarPaddingYL%2CsidebarMarginL%2CsidebarGapL%2CsidebarWidthL%2CsidebarWidthCollapsedL%2CsidebarTransitionDurationL%2CsidebarTransitionTimingL%2CsidebarPaddingXD%2CsidebarPaddingYD%2CsidebarMarginD%2CsidebarGapD%2CsidebarWidthD%2CsidebarWidthCollapsedD%2CsidebarTransitionDurationD%2CsidebarTransitionTimingD%2CsidebarMenuItemBgL%2CsidebarMenuItemBgHoverL%2CsidebarMenuItemBgActiveL%2CsidebarMenuItemColorL%2CsidebarMenuItemColorHoverL%2CsidebarMenuItemColorActiveL%2CsidebarMenuItemBorderL%2CsidebarMenuItemBorderHoverL%2CsidebarMenuItemBorderActiveL%2CsidebarMenuItemBorderRadiusL%2CsidebarMenuItemPaddingXL%2CsidebarMenuItemPaddingYL%2CsidebarMenuItemMarginL%2CsidebarMenuItemFontWeightL%2CsidebarMenuItemFontWeightActiveL%2CsidebarMenuItemFontSizeL%2CsidebarMenuItemLineHeightL%2CsidebarMenuItemTransitionL%2CsidebarMenuItemBgD%2CsidebarMenuItemBgHoverD%2CsidebarMenuItemBgActiveD%2CsidebarMenuItemColorD%2CsidebarMenuItemColorHoverD%2CsidebarMenuItemColorActiveD%2CsidebarMenuItemBorderD%2CsidebarMenuItemBorderHoverD%2CsidebarMenuItemBorderActiveD%2CsidebarMenuItemBorderRadiusD%2CsidebarMenuItemPaddingXD%2CsidebarMenuItemPaddingYD%2CsidebarMenuItemMarginD%2CsidebarMenuItemFontWeightD%2CsidebarMenuItemFontWeightActiveD%2CsidebarMenuItemFontSizeD%2CsidebarMenuItemLineHeightD%2CsidebarMenuItemTransitionD%2CsidebarIconSizeL%2CsidebarIconColorL%2CsidebarIconColorHoverL%2CsidebarIconColorActiveL%2CsidebarIconMarginRightL%2CsidebarIconTransitionL%2CsidebarIconSizeD%2CsidebarIconColorD%2CsidebarIconColorHoverD%2CsidebarIconColorActiveD%2CsidebarIconMarginRightD%2CsidebarIconTransitionD%2CsidebarGroupLabelColorL%2CsidebarGroupLabelFontSizeL%2CsidebarGroupLabelFontWeightL%2CsidebarGroupLabelTextTransformL%2CsidebarGroupLabelLetterSpacingL%2CsidebarGroupLabelPaddingL%2CsidebarGroupLabelMarginL%2CsidebarGroupLabelColorD%2CsidebarGroupLabelFontSizeD%2CsidebarGroupLabelFontWeightD%2CsidebarGroupLabelTextTransformD%2CsidebarGroupLabelLetterSpacingD%2CsidebarGroupLabelPaddingD%2CsidebarGroupLabelMarginD 200 in 435ms
 GET /api/settings/system-settings?keys=appName%2CappLogoDataUrl%2CappFaviconDataUrl%2CorganizationLogoDataUrl%2CappThemePreference%2CshowLogoOnly%2CsidebarLogoSize%2CsidebarLogoCollapsedLightMode%2CsidebarLogoExpandedLightMode%2CsidebarLogoCollapsedDarkMode%2CsidebarLogoExpandedDarkMode%2CloginPageLogoLightMode%2CloginPageLogoDarkMode%2CsplashBackgroundColor%2CsplashLogoDataUrl%2CsplashAnimationType%2CpwaEnabled%2CpwaThemeColor%2CpwaBackgroundColor%2CpwaAppleMobileWebAppTitle%2CpwaAppleMobileWebAppStatusBarStyle%2CrightClickProtectionEnabled%2CscreenCaptureProtectionEnabled 200 in 735ms
 ✓ Compiled in 432ms
 GET /api/sse 200 in 141731ms
 GET /settings/design-options 200 in 812ms
 GET /api/sse 200 in 164996ms
 GET /api/sse 200 in 148525ms
 GET /settings?adminTab=hr-setup&config=onboarding 200 in 594ms
 GET /payroll 200 in 432ms
 GET /settings?adminTab=hr-setup&config=onboarding 200 in 654ms
 GET /api/upload-queue/health 200 in 1066ms
 GET /api/settings/system-settings?keys=drawerStyle 200 in 780ms
 GET /api/upload-queue/health 200 in 1022ms
 GET /api/settings/system-settings?keys=drawerStyle 200 in 433ms
 ○ Compiling /workforce/attendance ...
 GET /api/settings/system-settings?keys=appLogoDataUrl%2CappName%2CshowLogoOnly%2CsidebarLogoSize%2CcollapsedSidebarLogoSize%2CsidebarLogoCollapsedLightMode%2CsidebarLogoExpandedLightMode%2CsidebarLogoCollapsedDarkMode%2CsidebarLogoExpandedDarkMode%2CthemePreference%2CprimaryGradient%2CprimaryButtonShadowL%2CprimaryButtonShadowHoverL%2CprimaryButtonShadowD%2CprimaryButtonShadowHoverD%2CsidebarBackgroundType%2CsidebarBackgroundImageUrl%2CsidebarBackgroundImageFit%2CsidebarBackgroundImagePosition%2CsidebarNavigationMode%2CsidebarSecondaryGroupLabels%2CsidebarBgStartL%2CsidebarBgEndL%2CsidebarTextL%2CsidebarActiveBgStartL%2CsidebarActiveBgEndL%2CsidebarActiveTextL%2CsidebarHoverBgL%2CsidebarHoverTextL%2CsidebarBorderL%2CbuttonTextColorL%2CbuttonTextColorD%2CsidebarBgStartD%2CsidebarBgEndD%2CsidebarTextD%2CsidebarActiveBgStartD%2CsidebarActiveBgEndD%2CsidebarActiveTextD%2CsidebarHoverBgD%2CsidebarHoverTextD%2CsidebarBorderD%2CsidebarFontFamilyL%2CsidebarFontSizeL%2CsidebarFontWeightL%2CsidebarLineHeightL%2CsidebarLetterSpacingL%2CsidebarTextTransformL%2CsidebarFontFamilyD%2CsidebarFontSizeD%2CsidebarFontWeightD%2CsidebarLineHeightD%2CsidebarLetterSpacingD%2CsidebarTextTransformD%2CsidebarBorderWidthL%2CsidebarBorderStyleL%2CsidebarBorderRadiusL%2CsidebarShadowL%2CsidebarShadowHoverL%2CsidebarShadowActiveL%2CsidebarBorderWidthD%2CsidebarBorderStyleD%2CsidebarBorderRadiusD%2CsidebarShadowD%2CsidebarShadowHoverD%2CsidebarShadowActiveD%2CsidebarPaddingXL%2CsidebarPaddingYL%2CsidebarMarginL%2CsidebarGapL%2CsidebarWidthL%2CsidebarWidthCollapsedL%2CsidebarTransitionDurationL%2CsidebarTransitionTimingL%2CsidebarPaddingXD%2CsidebarPaddingYD%2CsidebarMarginD%2CsidebarGapD%2CsidebarWidthD%2CsidebarWidthCollapsedD%2CsidebarTransitionDurationD%2CsidebarTransitionTimingD%2CsidebarMenuItemBgL%2CsidebarMenuItemBgHoverL%2CsidebarMenuItemBgActiveL%2CsidebarMenuItemColorL%2CsidebarMenuItemColorHoverL%2CsidebarMenuItemColorActiveL%2CsidebarMenuItemBorderL%2CsidebarMenuItemBorderHoverL%2CsidebarMenuItemBorderActiveL%2CsidebarMenuItemBorderRadiusL%2CsidebarMenuItemPaddingXL%2CsidebarMenuItemPaddingYL%2CsidebarMenuItemMarginL%2CsidebarMenuItemFontWeightL%2CsidebarMenuItemFontWeightActiveL%2CsidebarMenuItemFontSizeL%2CsidebarMenuItemLineHeightL%2CsidebarMenuItemTransitionL%2CsidebarMenuItemBgD%2CsidebarMenuItemBgHoverD%2CsidebarMenuItemBgActiveD%2CsidebarMenuItemColorD%2CsidebarMenuItemColorHoverD%2CsidebarMenuItemColorActiveD%2CsidebarMenuItemBorderD%2CsidebarMenuItemBorderHoverD%2CsidebarMenuItemBorderActiveD%2CsidebarMenuItemBorderRadiusD%2CsidebarMenuItemPaddingXD%2CsidebarMenuItemPaddingYD%2CsidebarMenuItemMarginD%2CsidebarMenuItemFontWeightD%2CsidebarMenuItemFontWeightActiveD%2CsidebarMenuItemFontSizeD%2CsidebarMenuItemLineHeightD%2CsidebarMenuItemTransitionD%2CsidebarIconSizeL%2CsidebarIconColorL%2CsidebarIconColorHoverL%2CsidebarIconColorActiveL%2CsidebarIconMarginRightL%2CsidebarIconTransitionL%2CsidebarIconSizeD%2CsidebarIconColorD%2CsidebarIconColorHoverD%2CsidebarIconColorActiveD%2CsidebarIconMarginRightD%2CsidebarIconTransitionD%2CsidebarGroupLabelColorL%2CsidebarGroupLabelFontSizeL%2CsidebarGroupLabelFontWeightL%2CsidebarGroupLabelTextTransformL%2CsidebarGroupLabelLetterSpacingL%2CsidebarGroupLabelPaddingL%2CsidebarGroupLabelMarginL%2CsidebarGroupLabelColorD%2CsidebarGroupLabelFontSizeD%2CsidebarGroupLabelFontWeightD%2CsidebarGroupLabelTextTransformD%2CsidebarGroupLabelLetterSpacingD%2CsidebarGroupLabelPaddingD%2CsidebarGroupLabelMarginD 200 in 616ms
 ✓ Compiled /workforce/attendance in 1354ms
 GET /workforce/attendance?view=attendance 200 in 1586ms
 GET /api/user-preferences 200 in 1126ms
 GET /api/auth/session 200 in 660ms
 GET /api/settings/system-settings?keys=appName%2CappLogoDataUrl%2CappFaviconDataUrl%2CorganizationLogoDataUrl%2CappThemePreference%2CshowLogoOnly%2CsidebarLogoSize%2CsidebarLogoCollapsedLightMode%2CsidebarLogoExpandedLightMode%2CsidebarLogoCollapsedDarkMode%2CsidebarLogoExpandedDarkMode%2CloginPageLogoLightMode%2CloginPageLogoDarkMode%2CsplashBackgroundColor%2CsplashLogoDataUrl%2CsplashAnimationType%2CpwaEnabled%2CpwaThemeColor%2CpwaBackgroundColor%2CpwaAppleMobileWebAppTitle%2CpwaAppleMobileWebAppStatusBarStyle%2CrightClickProtectionEnabled%2CscreenCaptureProtectionEnabled 200 in 1063ms
 GET /api/upload-queue/health 200 in 659ms
 GET /api/broadcast/active 200 in 973ms
 GET /api/settings/platform-setup/status 200 in 743ms
 GET /api/realtime/notifications?limit=50 200 in 586ms
 GET /api/settings/platform-setup/status 200 in 740ms
 GET /api/broadcast/active 200 in 877ms
 GET /api/settings/system-settings?keys=drawerStyle 200 in 512ms
 GET /api/privacy-support/categories 200 in 978ms
 GET /api/privacy-support/categories 200 in 758ms
 GET /icon.png?icon.31d034ff.png 200 in 350ms
 GET /api/broadcast/active 200 in 879ms
 GET /api/broadcast/active 200 in 832ms
 GET /api/user-preferences 200 in 545ms
 GET /api/settings/platform-setup/status 200 in 853ms
 GET /api/upload-queue/health 200 in 610ms
 GET /api/broadcast/active 200 in 855ms
 GET /api/settings/system-settings?keys=broadcastBannerActiveId,broadcastBannerOneTitle,broadcastBannerOneMessage,broadcastBannerOneTone,broadcastBannerTwoTitle,broadcastBannerTwoMessage,broadcastBannerTwoTone,broadcastBannerThreeTitle,broadcastBannerThreeMessage,broadcastBannerThreeTone 200 in 541ms
 GET /api/settings/system-settings?keys=drawerStyle 200 in 520ms
 GET /icon.png?icon.31d034ff.png 200 in 458ms
 GET /api/user-preferences 200 in 661ms
 GET /api/upload-queue/health 200 in 593ms
 GET /api/broadcast/active 200 in 877ms
 GET /api/settings/system-settings?keys=broadcastBannerActiveId,broadcastBannerOneTitle,broadcastBannerOneMessage,broadcastBannerOneTone,broadcastBannerTwoTitle,broadcastBannerTwoMessage,broadcastBannerTwoTone,broadcastBannerThreeTitle,broadcastBannerThreeMessage,broadcastBannerThreeTone 200 in 752ms
 GET /api/settings/system-settings?keys=drawerStyle 200 in 720ms
 GET /api/settings/system-settings?keys=broadcastBannerActiveId,broadcastBannerOneTitle,broadcastBannerOneMessage,broadcastBannerOneTone,broadcastBannerTwoTitle,broadcastBannerTwoMessage,broadcastBannerTwoTone,broadcastBannerThreeTitle,broadcastBannerThreeMessage,broadcastBannerThreeTone 200 in 555ms
 GET /api/user-preferences 200 in 735ms
 GET /api/settings/system-settings?keys=drawerStyle 200 in 1078ms
 GET /settings/position-levels?adminCenterEmbed=1 200 in 1333ms
 GET /api/settings/system-settings?keys=broadcastBannerActiveId,broadcastBannerOneTitle,broadcastBannerOneMessage,broadcastBannerOneTone,broadcastBannerTwoTitle,broadcastBannerTwoMessage,broadcastBannerTwoTone,broadcastBannerThreeTitle,broadcastBannerThreeMessage,broadcastBannerThreeTone 200 in 423ms
 ✓ Compiled /api/hr/shift-attendance in 179ms
 GET /api/settings/system-settings?keys=broadcastBannerActiveId,broadcastBannerOneTitle,broadcastBannerOneMessage,broadcastBannerOneTone,broadcastBannerTwoTitle,broadcastBannerTwoMessage,broadcastBannerTwoTone,broadcastBannerThreeTitle,broadcastBannerThreeMessage,broadcastBannerThreeTone 200 in 427ms
 GET /api/hr/shift-attendance?view=attendance&date=2026-08-13&query=&status= 200 in 1566ms
 GET /api/hr/shift-attendance?view=attendance&date=2026-08-13&query=&status= 200 in 1356ms
 GET /api/settings/system-settings?keys=broadcastBannerActiveId,broadcastBannerOneTitle,broadcastBannerOneMessage,broadcastBannerOneTone,broadcastBannerTwoTitle,broadcastBannerTwoMessage,broadcastBannerTwoTone,broadcastBannerThreeTitle,broadcastBannerThreeMessage,broadcastBannerThreeTone 200 in 416ms
 GET /api/user-preferences 200 in 616ms
 GET /api/auth/session 200 in 524ms
 GET /api/settings/system-settings?keys=appLogoDataUrl%2CappName%2CshowLogoOnly%2CsidebarLogoSize%2CcollapsedSidebarLogoSize%2CsidebarLogoCollapsedLightMode%2CsidebarLogoExpandedLightMode%2CsidebarLogoCollapsedDarkMode%2CsidebarLogoExpandedDarkMode%2CthemePreference%2CprimaryGradient%2CprimaryButtonShadowL%2CprimaryButtonShadowHoverL%2CprimaryButtonShadowD%2CprimaryButtonShadowHoverD%2CsidebarBackgroundType%2CsidebarBackgroundImageUrl%2CsidebarBackgroundImageFit%2CsidebarBackgroundImagePosition%2CsidebarNavigationMode%2CsidebarSecondaryGroupLabels%2CsidebarBgStartL%2CsidebarBgEndL%2CsidebarTextL%2CsidebarActiveBgStartL%2CsidebarActiveBgEndL%2CsidebarActiveTextL%2CsidebarHoverBgL%2CsidebarHoverTextL%2CsidebarBorderL%2CbuttonTextColorL%2CbuttonTextColorD%2CsidebarBgStartD%2CsidebarBgEndD%2CsidebarTextD%2CsidebarActiveBgStartD%2CsidebarActiveBgEndD%2CsidebarActiveTextD%2CsidebarHoverBgD%2CsidebarHoverTextD%2CsidebarBorderD%2CsidebarFontFamilyL%2CsidebarFontSizeL%2CsidebarFontWeightL%2CsidebarLineHeightL%2CsidebarLetterSpacingL%2CsidebarTextTransformL%2CsidebarFontFamilyD%2CsidebarFontSizeD%2CsidebarFontWeightD%2CsidebarLineHeightD%2CsidebarLetterSpacingD%2CsidebarTextTransformD%2CsidebarBorderWidthL%2CsidebarBorderStyleL%2CsidebarBorderRadiusL%2CsidebarShadowL%2CsidebarShadowHoverL%2CsidebarShadowActiveL%2CsidebarBorderWidthD%2CsidebarBorderStyleD%2CsidebarBorderRadiusD%2CsidebarShadowD%2CsidebarShadowHoverD%2CsidebarShadowActiveD%2CsidebarPaddingXL%2CsidebarPaddingYL%2CsidebarMarginL%2CsidebarGapL%2CsidebarWidthL%2CsidebarWidthCollapsedL%2CsidebarTransitionDurationL%2CsidebarTransitionTimingL%2CsidebarPaddingXD%2CsidebarPaddingYD%2CsidebarMarginD%2CsidebarGapD%2CsidebarWidthD%2CsidebarWidthCollapsedD%2CsidebarTransitionDurationD%2CsidebarTransitionTimingD%2CsidebarMenuItemBgL%2CsidebarMenuItemBgHoverL%2CsidebarMenuItemBgActiveL%2CsidebarMenuItemColorL%2CsidebarMenuItemColorHoverL%2CsidebarMenuItemColorActiveL%2CsidebarMenuItemBorderL%2CsidebarMenuItemBorderHoverL%2CsidebarMenuItemBorderActiveL%2CsidebarMenuItemBorderRadiusL%2CsidebarMenuItemPaddingXL%2CsidebarMenuItemPaddingYL%2CsidebarMenuItemMarginL%2CsidebarMenuItemFontWeightL%2CsidebarMenuItemFontWeightActiveL%2CsidebarMenuItemFontSizeL%2CsidebarMenuItemLineHeightL%2CsidebarMenuItemTransitionL%2CsidebarMenuItemBgD%2CsidebarMenuItemBgHoverD%2CsidebarMenuItemBgActiveD%2CsidebarMenuItemColorD%2CsidebarMenuItemColorHoverD%2CsidebarMenuItemColorActiveD%2CsidebarMenuItemBorderD%2CsidebarMenuItemBorderHoverD%2CsidebarMenuItemBorderActiveD%2CsidebarMenuItemBorderRadiusD%2CsidebarMenuItemPaddingXD%2CsidebarMenuItemPaddingYD%2CsidebarMenuItemMarginD%2CsidebarMenuItemFontWeightD%2CsidebarMenuItemFontWeightActiveD%2CsidebarMenuItemFontSizeD%2CsidebarMenuItemLineHeightD%2CsidebarMenuItemTransitionD%2CsidebarIconSizeL%2CsidebarIconColorL%2CsidebarIconColorHoverL%2CsidebarIconColorActiveL%2CsidebarIconMarginRightL%2CsidebarIconTransitionL%2CsidebarIconSizeD%2CsidebarIconColorD%2CsidebarIconColorHoverD%2CsidebarIconColorActiveD%2CsidebarIconMarginRightD%2CsidebarIconTransitionD%2CsidebarGroupLabelColorL%2CsidebarGroupLabelFontSizeL%2CsidebarGroupLabelFontWeightL%2CsidebarGroupLabelTextTransformL%2CsidebarGroupLabelLetterSpacingL%2CsidebarGroupLabelPaddingL%2CsidebarGroupLabelMarginL%2CsidebarGroupLabelColorD%2CsidebarGroupLabelFontSizeD%2CsidebarGroupLabelFontWeightD%2CsidebarGroupLabelTextTransformD%2CsidebarGroupLabelLetterSpacingD%2CsidebarGroupLabelPaddingD%2CsidebarGroupLabelMarginD 200 in 485ms
 GET /settings/onboarding?adminCenterEmbed=1 200 in 747ms
 GET /api/settings/system-settings?keys=appName%2CappLogoDataUrl%2CappFaviconDataUrl%2CorganizationLogoDataUrl%2CappThemePreference%2CshowLogoOnly%2CsidebarLogoSize%2CsidebarLogoCollapsedLightMode%2CsidebarLogoExpandedLightMode%2CsidebarLogoCollapsedDarkMode%2CsidebarLogoExpandedDarkMode%2CloginPageLogoLightMode%2CloginPageLogoDarkMode%2CsplashBackgroundColor%2CsplashLogoDataUrl%2CsplashAnimationType%2CpwaEnabled%2CpwaThemeColor%2CpwaBackgroundColor%2CpwaAppleMobileWebAppTitle%2CpwaAppleMobileWebAppStatusBarStyle%2CrightClickProtectionEnabled%2CscreenCaptureProtectionEnabled 200 in 789ms
 GET /api/broadcast/active 200 in 1025ms
 GET /api/upload-queue/health 200 in 670ms
 GET /api/settings/platform-setup/status 200 in 746ms
 GET /api/realtime/notifications?limit=50 200 in 662ms
 GET /api/settings/platform-setup/status 200 in 761ms
 GET /api/broadcast/active 200 in 945ms
 GET /api/privacy-support/categories 200 in 947ms
 GET /api/privacy-support/categories 200 in 995ms
 GET /api/settings/system-settings?keys=drawerStyle 200 in 467ms
 GET /icon.png?icon.31d034ff.png 200 in 345ms
 GET /api/broadcast/active 200 in 845ms
 GET /api/settings/platform-setup/status 200 in 812ms
 GET /api/settings/platform-setup/status 200 in 855ms
 GET /api/user-preferences 200 in 542ms
 GET /api/broadcast/active 200 in 899ms
 GET /api/settings/system-settings?keys=broadcastBannerActiveId,broadcastBannerOneTitle,broadcastBannerOneMessage,broadcastBannerOneTone,broadcastBannerTwoTitle,broadcastBannerTwoMessage,broadcastBannerTwoTone,broadcastBannerThreeTitle,broadcastBannerThreeMessage,broadcastBannerThreeTone 200 in 435ms
 GET /api/upload-queue/health 200 in 616ms
 GET /api/settings/system-settings?keys=drawerStyle 200 in 639ms
 GET /api/user-preferences 200 in 512ms
 GET /api/broadcast/active 200 in 863ms
 GET /api/settings/system-settings?keys=broadcastBannerActiveId,broadcastBannerOneTitle,broadcastBannerOneMessage,broadcastBannerOneTone,broadcastBannerTwoTitle,broadcastBannerTwoMessage,broadcastBannerTwoTone,broadcastBannerThreeTitle,broadcastBannerThreeMessage,broadcastBannerThreeTone 200 in 438ms
 GET /api/upload-queue/health 200 in 569ms
 GET /api/settings/system-settings?keys=drawerStyle 200 in 436ms
 GET /api/user-preferences 200 in 572ms
 GET /api/settings/system-settings?keys=broadcastBannerActiveId,broadcastBannerOneTitle,broadcastBannerOneMessage,broadcastBannerOneTone,broadcastBannerTwoTitle,broadcastBannerTwoMessage,broadcastBannerTwoTone,broadcastBannerThreeTitle,broadcastBannerThreeMessage,broadcastBannerThreeTone 200 in 449ms
 GET /api/settings/system-settings?keys=drawerStyle 200 in 462ms
 GET /api/settings/system-settings?keys=broadcastBannerActiveId,broadcastBannerOneTitle,broadcastBannerOneMessage,broadcastBannerOneTone,broadcastBannerTwoTitle,broadcastBannerTwoMessage,broadcastBannerTwoTone,broadcastBannerThreeTitle,broadcastBannerThreeMessage,broadcastBannerThreeTone 200 in 465ms
 GET /api/settings/system-settings?keys=broadcastBannerActiveId,broadcastBannerOneTitle,broadcastBannerOneMessage,broadcastBannerOneTone,broadcastBannerTwoTitle,broadcastBannerTwoMessage,broadcastBannerTwoTone,broadcastBannerThreeTitle,broadcastBannerThreeMessage,broadcastBannerThreeTone 200 in 430ms
 GET /icon.png?icon.31d034ff.png 200 in 372ms
 GET /api/user-preferences 200 in 527ms
 GET /settings/onboarding?adminCenterEmbed=1 200 in 681ms
 GET /api/auth/session 200 in 435ms
 GET /api/settings/system-settings?keys=appLogoDataUrl%2CappName%2CshowLogoOnly%2CsidebarLogoSize%2CcollapsedSidebarLogoSize%2CsidebarLogoCollapsedLightMode%2CsidebarLogoExpandedLightMode%2CsidebarLogoCollapsedDarkMode%2CsidebarLogoExpandedDarkMode%2CthemePreference%2CprimaryGradient%2CprimaryButtonShadowL%2CprimaryButtonShadowHoverL%2CprimaryButtonShadowD%2CprimaryButtonShadowHoverD%2CsidebarBackgroundType%2CsidebarBackgroundImageUrl%2CsidebarBackgroundImageFit%2CsidebarBackgroundImagePosition%2CsidebarNavigationMode%2CsidebarSecondaryGroupLabels%2CsidebarBgStartL%2CsidebarBgEndL%2CsidebarTextL%2CsidebarActiveBgStartL%2CsidebarActiveBgEndL%2CsidebarActiveTextL%2CsidebarHoverBgL%2CsidebarHoverTextL%2CsidebarBorderL%2CbuttonTextColorL%2CbuttonTextColorD%2CsidebarBgStartD%2CsidebarBgEndD%2CsidebarTextD%2CsidebarActiveBgStartD%2CsidebarActiveBgEndD%2CsidebarActiveTextD%2CsidebarHoverBgD%2CsidebarHoverTextD%2CsidebarBorderD%2CsidebarFontFamilyL%2CsidebarFontSizeL%2CsidebarFontWeightL%2CsidebarLineHeightL%2CsidebarLetterSpacingL%2CsidebarTextTransformL%2CsidebarFontFamilyD%2CsidebarFontSizeD%2CsidebarFontWeightD%2CsidebarLineHeightD%2CsidebarLetterSpacingD%2CsidebarTextTransformD%2CsidebarBorderWidthL%2CsidebarBorderStyleL%2CsidebarBorderRadiusL%2CsidebarShadowL%2CsidebarShadowHoverL%2CsidebarShadowActiveL%2CsidebarBorderWidthD%2CsidebarBorderStyleD%2CsidebarBorderRadiusD%2CsidebarShadowD%2CsidebarShadowHoverD%2CsidebarShadowActiveD%2CsidebarPaddingXL%2CsidebarPaddingYL%2CsidebarMarginL%2CsidebarGapL%2CsidebarWidthL%2CsidebarWidthCollapsedL%2CsidebarTransitionDurationL%2CsidebarTransitionTimingL%2CsidebarPaddingXD%2CsidebarPaddingYD%2CsidebarMarginD%2CsidebarGapD%2CsidebarWidthD%2CsidebarWidthCollapsedD%2CsidebarTransitionDurationD%2CsidebarTransitionTimingD%2CsidebarMenuItemBgL%2CsidebarMenuItemBgHoverL%2CsidebarMenuItemBgActiveL%2CsidebarMenuItemColorL%2CsidebarMenuItemColorHoverL%2CsidebarMenuItemColorActiveL%2CsidebarMenuItemBorderL%2CsidebarMenuItemBorderHoverL%2CsidebarMenuItemBorderActiveL%2CsidebarMenuItemBorderRadiusL%2CsidebarMenuItemPaddingXL%2CsidebarMenuItemPaddingYL%2CsidebarMenuItemMarginL%2CsidebarMenuItemFontWeightL%2CsidebarMenuItemFontWeightActiveL%2CsidebarMenuItemFontSizeL%2CsidebarMenuItemLineHeightL%2CsidebarMenuItemTransitionL%2CsidebarMenuItemBgD%2CsidebarMenuItemBgHoverD%2CsidebarMenuItemBgActiveD%2CsidebarMenuItemColorD%2CsidebarMenuItemColorHoverD%2CsidebarMenuItemColorActiveD%2CsidebarMenuItemBorderD%2CsidebarMenuItemBorderHoverD%2CsidebarMenuItemBorderActiveD%2CsidebarMenuItemBorderRadiusD%2CsidebarMenuItemPaddingXD%2CsidebarMenuItemPaddingYD%2CsidebarMenuItemMarginD%2CsidebarMenuItemFontWeightD%2CsidebarMenuItemFontWeightActiveD%2CsidebarMenuItemFontSizeD%2CsidebarMenuItemLineHeightD%2CsidebarMenuItemTransitionD%2CsidebarIconSizeL%2CsidebarIconColorL%2CsidebarIconColorHoverL%2CsidebarIconColorActiveL%2CsidebarIconMarginRightL%2CsidebarIconTransitionL%2CsidebarIconSizeD%2CsidebarIconColorD%2CsidebarIconColorHoverD%2CsidebarIconColorActiveD%2CsidebarIconMarginRightD%2CsidebarIconTransitionD%2CsidebarGroupLabelColorL%2CsidebarGroupLabelFontSizeL%2CsidebarGroupLabelFontWeightL%2CsidebarGroupLabelTextTransformL%2CsidebarGroupLabelLetterSpacingL%2CsidebarGroupLabelPaddingL%2CsidebarGroupLabelMarginL%2CsidebarGroupLabelColorD%2CsidebarGroupLabelFontSizeD%2CsidebarGroupLabelFontWeightD%2CsidebarGroupLabelTextTransformD%2CsidebarGroupLabelLetterSpacingD%2CsidebarGroupLabelPaddingD%2CsidebarGroupLabelMarginD 200 in 479ms
 GET /api/settings/system-settings?keys=appName%2CappLogoDataUrl%2CappFaviconDataUrl%2CorganizationLogoDataUrl%2CappThemePreference%2CshowLogoOnly%2CsidebarLogoSize%2CsidebarLogoCollapsedLightMode%2CsidebarLogoExpandedLightMode%2CsidebarLogoCollapsedDarkMode%2CsidebarLogoExpandedDarkMode%2CloginPageLogoLightMode%2CloginPageLogoDarkMode%2CsplashBackgroundColor%2CsplashLogoDataUrl%2CsplashAnimationType%2CpwaEnabled%2CpwaThemeColor%2CpwaBackgroundColor%2CpwaAppleMobileWebAppTitle%2CpwaAppleMobileWebAppStatusBarStyle%2CrightClickProtectionEnabled%2CscreenCaptureProtectionEnabled 200 in 964ms
 ✓ Compiled in 400ms
 GET /api/sse 200 in 68989ms
 GET /settings/position-levels?adminCenterEmbed=1 200 in 784ms
 GET /workforce/attendance 200 in 1225ms
 GET /api/broadcast/active 200 in 1209ms
 GET /api/upload-queue/health 200 in 590ms
 GET /api/settings/platform-setup/status 200 in 853ms
 GET /api/realtime/notifications?limit=50 200 in 569ms
 GET /api/broadcast/active 200 in 872ms
 GET /api/settings/platform-setup/status 200 in 791ms
 GET /settings/position-levels?adminCenterEmbed=1 200 in 321ms
 GET /api/privacy-support/categories 200 in 887ms
 GET /api/settings/system-settings?keys=drawerStyle 200 in 426ms
 GET /api/privacy-support/categories 200 in 803ms
 GET /api/broadcast/active 200 in 878ms
 GET /api/settings/platform-setup/status 200 in 744ms
 GET /api/settings/platform-setup/status 200 in 733ms
 GET /api/user-preferences 200 in 501ms
 GET /api/broadcast/active 200 in 878ms
 GET /api/upload-queue/health 200 in 583ms
 GET /api/upload-queue/health 200 in 610ms
 GET /workforce/attendance 200 in 207ms
 GET /api/settings/system-settings?keys=drawerStyle 200 in 498ms
 GET /api/settings/system-settings?keys=drawerStyle 200 in 403ms
 GET /api/settings/system-settings?keys=drawerStyle 200 in 423ms
 GET /api/user-preferences 200 in 511ms
 GET /api/settings/system-settings?keys=broadcastBannerActiveId,broadcastBannerOneTitle,broadcastBannerOneMessage,broadcastBannerOneTone,broadcastBannerTwoTitle,broadcastBannerTwoMessage,broadcastBannerTwoTone,broadcastBannerThreeTitle,broadcastBannerThreeMessage,broadcastBannerThreeTone 200 in 422ms
 GET /api/broadcast/active 200 in 846ms
 GET /api/user-preferences 200 in 517ms
 GET /api/settings/system-settings?keys=broadcastBannerActiveId,broadcastBannerOneTitle,broadcastBannerOneMessage,broadcastBannerOneTone,broadcastBannerTwoTitle,broadcastBannerTwoMessage,broadcastBannerTwoTone,broadcastBannerThreeTitle,broadcastBannerThreeMessage,broadcastBannerThreeTone 200 in 407ms
 GET /api/settings/system-settings?keys=broadcastBannerActiveId,broadcastBannerOneTitle,broadcastBannerOneMessage,broadcastBannerOneTone,broadcastBannerTwoTitle,broadcastBannerTwoMessage,broadcastBannerTwoTone,broadcastBannerThreeTitle,broadcastBannerThreeMessage,broadcastBannerThreeTone 200 in 421ms
 GET /api/settings/system-settings?keys=broadcastBannerActiveId,broadcastBannerOneTitle,broadcastBannerOneMessage,broadcastBannerOneTone,broadcastBannerTwoTitle,broadcastBannerTwoMessage,broadcastBannerTwoTone,broadcastBannerThreeTitle,broadcastBannerThreeMessage,broadcastBannerThreeTone 200 in 438ms
 GET /api/settings/system-settings?keys=broadcastBannerActiveId,broadcastBannerOneTitle,broadcastBannerOneMessage,broadcastBannerOneTone,broadcastBannerTwoTitle,broadcastBannerTwoMessage,broadcastBannerTwoTone,broadcastBannerThreeTitle,broadcastBannerThreeMessage,broadcastBannerThreeTone 200 in 421ms
 GET /api/user-preferences 200 in 515ms
 GET /api/auth/session 200 in 421ms
 GET /api/settings/system-settings?keys=appLogoDataUrl%2CappName%2CshowLogoOnly%2CsidebarLogoSize%2CcollapsedSidebarLogoSize%2CsidebarLogoCollapsedLightMode%2CsidebarLogoExpandedLightMode%2CsidebarLogoCollapsedDarkMode%2CsidebarLogoExpandedDarkMode%2CthemePreference%2CprimaryGradient%2CprimaryButtonShadowL%2CprimaryButtonShadowHoverL%2CprimaryButtonShadowD%2CprimaryButtonShadowHoverD%2CsidebarBackgroundType%2CsidebarBackgroundImageUrl%2CsidebarBackgroundImageFit%2CsidebarBackgroundImagePosition%2CsidebarNavigationMode%2CsidebarSecondaryGroupLabels%2CsidebarBgStartL%2CsidebarBgEndL%2CsidebarTextL%2CsidebarActiveBgStartL%2CsidebarActiveBgEndL%2CsidebarActiveTextL%2CsidebarHoverBgL%2CsidebarHoverTextL%2CsidebarBorderL%2CbuttonTextColorL%2CbuttonTextColorD%2CsidebarBgStartD%2CsidebarBgEndD%2CsidebarTextD%2CsidebarActiveBgStartD%2CsidebarActiveBgEndD%2CsidebarActiveTextD%2CsidebarHoverBgD%2CsidebarHoverTextD%2CsidebarBorderD%2CsidebarFontFamilyL%2CsidebarFontSizeL%2CsidebarFontWeightL%2CsidebarLineHeightL%2CsidebarLetterSpacingL%2CsidebarTextTransformL%2CsidebarFontFamilyD%2CsidebarFontSizeD%2CsidebarFontWeightD%2CsidebarLineHeightD%2CsidebarLetterSpacingD%2CsidebarTextTransformD%2CsidebarBorderWidthL%2CsidebarBorderStyleL%2CsidebarBorderRadiusL%2CsidebarShadowL%2CsidebarShadowHoverL%2CsidebarShadowActiveL%2CsidebarBorderWidthD%2CsidebarBorderStyleD%2CsidebarBorderRadiusD%2CsidebarShadowD%2CsidebarShadowHoverD%2CsidebarShadowActiveD%2CsidebarPaddingXL%2CsidebarPaddingYL%2CsidebarMarginL%2CsidebarGapL%2CsidebarWidthL%2CsidebarWidthCollapsedL%2CsidebarTransitionDurationL%2CsidebarTransitionTimingL%2CsidebarPaddingXD%2CsidebarPaddingYD%2CsidebarMarginD%2CsidebarGapD%2CsidebarWidthD%2CsidebarWidthCollapsedD%2CsidebarTransitionDurationD%2CsidebarTransitionTimingD%2CsidebarMenuItemBgL%2CsidebarMenuItemBgHoverL%2CsidebarMenuItemBgActiveL%2CsidebarMenuItemColorL%2CsidebarMenuItemColorHoverL%2CsidebarMenuItemColorActiveL%2CsidebarMenuItemBorderL%2CsidebarMenuItemBorderHoverL%2CsidebarMenuItemBorderActiveL%2CsidebarMenuItemBorderRadiusL%2CsidebarMenuItemPaddingXL%2CsidebarMenuItemPaddingYL%2CsidebarMenuItemMarginL%2CsidebarMenuItemFontWeightL%2CsidebarMenuItemFontWeightActiveL%2CsidebarMenuItemFontSizeL%2CsidebarMenuItemLineHeightL%2CsidebarMenuItemTransitionL%2CsidebarMenuItemBgD%2CsidebarMenuItemBgHoverD%2CsidebarMenuItemBgActiveD%2CsidebarMenuItemColorD%2CsidebarMenuItemColorHoverD%2CsidebarMenuItemColorActiveD%2CsidebarMenuItemBorderD%2CsidebarMenuItemBorderHoverD%2CsidebarMenuItemBorderActiveD%2CsidebarMenuItemBorderRadiusD%2CsidebarMenuItemPaddingXD%2CsidebarMenuItemPaddingYD%2CsidebarMenuItemMarginD%2CsidebarMenuItemFontWeightD%2CsidebarMenuItemFontWeightActiveD%2CsidebarMenuItemFontSizeD%2CsidebarMenuItemLineHeightD%2CsidebarMenuItemTransitionD%2CsidebarIconSizeL%2CsidebarIconColorL%2CsidebarIconColorHoverL%2CsidebarIconColorActiveL%2CsidebarIconMarginRightL%2CsidebarIconTransitionL%2CsidebarIconSizeD%2CsidebarIconColorD%2CsidebarIconColorHoverD%2CsidebarIconColorActiveD%2CsidebarIconMarginRightD%2CsidebarIconTransitionD%2CsidebarGroupLabelColorL%2CsidebarGroupLabelFontSizeL%2CsidebarGroupLabelFontWeightL%2CsidebarGroupLabelTextTransformL%2CsidebarGroupLabelLetterSpacingL%2CsidebarGroupLabelPaddingL%2CsidebarGroupLabelMarginL%2CsidebarGroupLabelColorD%2CsidebarGroupLabelFontSizeD%2CsidebarGroupLabelFontWeightD%2CsidebarGroupLabelTextTransformD%2CsidebarGroupLabelLetterSpacingD%2CsidebarGroupLabelPaddingD%2CsidebarGroupLabelMarginD 200 in 439ms
 GET /api/settings/system-settings?keys=appName%2CappLogoDataUrl%2CappFaviconDataUrl%2CorganizationLogoDataUrl%2CappThemePreference%2CshowLogoOnly%2CsidebarLogoSize%2CsidebarLogoCollapsedLightMode%2CsidebarLogoExpandedLightMode%2CsidebarLogoCollapsedDarkMode%2CsidebarLogoExpandedDarkMode%2CloginPageLogoLightMode%2CloginPageLogoDarkMode%2CsplashBackgroundColor%2CsplashLogoDataUrl%2CsplashAnimationType%2CpwaEnabled%2CpwaThemeColor%2CpwaBackgroundColor%2CpwaAppleMobileWebAppTitle%2CpwaAppleMobileWebAppStatusBarStyle%2CrightClickProtectionEnabled%2CscreenCaptureProtectionEnabled 200 in 1027ms
 GET /api/hr/onboarding?view=templates 200 in 1135ms
 GET /api/hr/onboarding?view=tasks 200 in 819ms
 GET /api/realtime/notifications?limit=50 200 in 586ms
 GET /api/hr/onboarding?view=templates 200 in 776ms
 GET /api/hr/onboarding?view=tasks 200 in 790ms
 ✓ Compiled instrumentation Node.js in 10ms
 ✓ Compiled instrumentation Edge in 1ms
 ✓ Compiled middleware in 2ms
 GET /auth/signin 200 in 1632ms
 GET /auth/signin 200 in 1607ms
 ✓ Compiled in 409ms
 ✓ Compiled in 328ms
 ✓ Compiled in 276ms
 ✓ Compiled in 351ms
 ✓ Compiled instrumentation Node.js in 0ms
 ✓ Compiled instrumentation Edge in 0ms
 ✓ Compiled middleware in 1ms
 ✓ Compiled instrumentation Node.js in 6ms
 ✓ Compiled instrumentation Edge in 0ms
 ✓ Compiled middleware in 1ms
 ✓ Compiled in 1153ms
 GET /auth/signin 200 in 2617ms
 GET /auth/signin 200 in 2682ms
 GET /auth/signin 200 in 2021ms
 GET /auth/signin 200 in 2435ms
 ○ Compiling /settings/concept-preview ...
 ✓ Compiled /settings/concept-preview in 801ms
 HEAD /settings/concept-preview 200 in 1182ms
 GET /api/sse 200 in 186977ms
 GET /settings?adminTab=user-accounts 200 in 1012ms
 GET /settings/system-settings?tab=organize&adminCenterEmbed=1 200 in 411ms
 GET /workforce/attendance?view=attendance 200 in 312ms
 GET /settings?adminTab=hr-setup&config=onboarding 200 in 237ms
 GET /people/9180a346-84c7-4341-b550-8ac2f1b4e7b0 200 in 748ms
 GET /settings?adminTab=hr-setup&config=onboarding 200 in 306ms
 GET /workforce/attendance?view=attendance 200 in 290ms
 GET /settings?adminTab=hr-setup&config=onboarding 200 in 271ms
 GET /people/9180a346-84c7-4341-b550-8ac2f1b4e7b0 200 in 283ms
 GET /workforce/attendance?view=attendance 200 in 315ms
 GET /settings?adminTab=hr-setup&config=onboarding 200 in 279ms
 ✓ Compiled in 266ms
 GET /people/9180a346-84c7-4341-b550-8ac2f1b4e7b0 200 in 632ms
 ○ Compiling /settings/company-references ...
 ✓ Compiled in 1154ms
 ✓ Compiled /settings/company-references in 1211ms
 GET /settings/company-references?adminCenterEmbed=1 200 in 2105ms
 GET /workforce/attendance?view=attendance 200 in 246ms
 GET /settings?adminTab=hr-setup&config=onboarding 200 in 702ms
 GET /people/9180a346-84c7-4341-b550-8ac2f1b4e7b0 200 in 259ms
 GET /api/privacy-support/categories 200 in 1302ms
 GET /api/settings/system-settings?keys=drawerStyle 200 in 439ms
 GET /api/privacy-support/categories 200 in 785ms
 GET /api/privacy-support/categories 200 in 777ms
 GET /api/privacy-support/categories 200 in 818ms
 GET /api/privacy-support/categories 200 in 787ms
 GET /api/privacy-support/categories 200 in 783ms
 GET /api/privacy-support/categories 200 in 787ms
 GET /api/privacy-support/categories 200 in 885ms
 GET /api/sse 200 in 280304ms
 GET /settings?adminTab=hr-setup&config=onboarding 200 in 598ms
 GET /workforce/attendance?view=attendance 200 in 354ms
 GET /settings?adminTab=hr-setup&config=onboarding 200 in 346ms
 GET /people/9180a346-84c7-4341-b550-8ac2f1b4e7b0 200 in 599ms
 GET /api/settings/system-settings?keys=drawerStyle 200 in 729ms
 GET /workforce/attendance?view=attendance 200 in 312ms
 GET /settings?adminTab=hr-setup&config=onboarding 200 in 362ms
 GET /people/9180a346-84c7-4341-b550-8ac2f1b4e7b0 200 in 360ms
 GET /settings?adminTab=hr-setup&config=onboarding 200 in 236ms
 GET /api/settings/system-settings?keys=drawerStyle 200 in 464ms
 GET /settings?adminTab=hr-setup&config=onboarding 200 in 289ms
 GET /api/settings/system-settings?keys=drawerStyle 200 in 441ms
 GET /api/auth/session 200 in 552ms
 GET /api/settings/system-settings?keys=appLogoDataUrl%2CappName%2CshowLogoOnly%2CsidebarLogoSize%2CcollapsedSidebarLogoSize%2CsidebarLogoCollapsedLightMode%2CsidebarLogoExpandedLightMode%2CsidebarLogoCollapsedDarkMode%2CsidebarLogoExpandedDarkMode%2CthemePreference%2CprimaryGradient%2CprimaryButtonShadowL%2CprimaryButtonShadowHoverL%2CprimaryButtonShadowD%2CprimaryButtonShadowHoverD%2CsidebarBackgroundType%2CsidebarBackgroundImageUrl%2CsidebarBackgroundImageFit%2CsidebarBackgroundImagePosition%2CsidebarNavigationMode%2CsidebarSecondaryGroupLabels%2CsidebarBgStartL%2CsidebarBgEndL%2CsidebarTextL%2CsidebarActiveBgStartL%2CsidebarActiveBgEndL%2CsidebarActiveTextL%2CsidebarHoverBgL%2CsidebarHoverTextL%2CsidebarBorderL%2CbuttonTextColorL%2CbuttonTextColorD%2CsidebarBgStartD%2CsidebarBgEndD%2CsidebarTextD%2CsidebarActiveBgStartD%2CsidebarActiveBgEndD%2CsidebarActiveTextD%2CsidebarHoverBgD%2CsidebarHoverTextD%2CsidebarBorderD%2CsidebarFontFamilyL%2CsidebarFontSizeL%2CsidebarFontWeightL%2CsidebarLineHeightL%2CsidebarLetterSpacingL%2CsidebarTextTransformL%2CsidebarFontFamilyD%2CsidebarFontSizeD%2CsidebarFontWeightD%2CsidebarLineHeightD%2CsidebarLetterSpacingD%2CsidebarTextTransformD%2CsidebarBorderWidthL%2CsidebarBorderStyleL%2CsidebarBorderRadiusL%2CsidebarShadowL%2CsidebarShadowHoverL%2CsidebarShadowActiveL%2CsidebarBorderWidthD%2CsidebarBorderStyleD%2CsidebarBorderRadiusD%2CsidebarShadowD%2CsidebarShadowHoverD%2CsidebarShadowActiveD%2CsidebarPaddingXL%2CsidebarPaddingYL%2CsidebarMarginL%2CsidebarGapL%2CsidebarWidthL%2CsidebarWidthCollapsedL%2CsidebarTransitionDurationL%2CsidebarTransitionTimingL%2CsidebarPaddingXD%2CsidebarPaddingYD%2CsidebarMarginD%2CsidebarGapD%2CsidebarWidthD%2CsidebarWidthCollapsedD%2CsidebarTransitionDurationD%2CsidebarTransitionTimingD%2CsidebarMenuItemBgL%2CsidebarMenuItemBgHoverL%2CsidebarMenuItemBgActiveL%2CsidebarMenuItemColorL%2CsidebarMenuItemColorHoverL%2CsidebarMenuItemColorActiveL%2CsidebarMenuItemBorderL%2CsidebarMenuItemBorderHoverL%2CsidebarMenuItemBorderActiveL%2CsidebarMenuItemBorderRadiusL%2CsidebarMenuItemPaddingXL%2CsidebarMenuItemPaddingYL%2CsidebarMenuItemMarginL%2CsidebarMenuItemFontWeightL%2CsidebarMenuItemFontWeightActiveL%2CsidebarMenuItemFontSizeL%2CsidebarMenuItemLineHeightL%2CsidebarMenuItemTransitionL%2CsidebarMenuItemBgD%2CsidebarMenuItemBgHoverD%2CsidebarMenuItemBgActiveD%2CsidebarMenuItemColorD%2CsidebarMenuItemColorHoverD%2CsidebarMenuItemColorActiveD%2CsidebarMenuItemBorderD%2CsidebarMenuItemBorderHoverD%2CsidebarMenuItemBorderActiveD%2CsidebarMenuItemBorderRadiusD%2CsidebarMenuItemPaddingXD%2CsidebarMenuItemPaddingYD%2CsidebarMenuItemMarginD%2CsidebarMenuItemFontWeightD%2CsidebarMenuItemFontWeightActiveD%2CsidebarMenuItemFontSizeD%2CsidebarMenuItemLineHeightD%2CsidebarMenuItemTransitionD%2CsidebarIconSizeL%2CsidebarIconColorL%2CsidebarIconColorHoverL%2CsidebarIconColorActiveL%2CsidebarIconMarginRightL%2CsidebarIconTransitionL%2CsidebarIconSizeD%2CsidebarIconColorD%2CsidebarIconColorHoverD%2CsidebarIconColorActiveD%2CsidebarIconMarginRightD%2CsidebarIconTransitionD%2CsidebarGroupLabelColorL%2CsidebarGroupLabelFontSizeL%2CsidebarGroupLabelFontWeightL%2CsidebarGroupLabelTextTransformL%2CsidebarGroupLabelLetterSpacingL%2CsidebarGroupLabelPaddingL%2CsidebarGroupLabelMarginL%2CsidebarGroupLabelColorD%2CsidebarGroupLabelFontSizeD%2CsidebarGroupLabelFontWeightD%2CsidebarGroupLabelTextTransformD%2CsidebarGroupLabelLetterSpacingD%2CsidebarGroupLabelPaddingD%2CsidebarGroupLabelMarginD 200 in 452ms
 GET /api/user-preferences 200 in 1350ms
 GET /api/settings/system-settings?keys=appName%2CappLogoDataUrl%2CappFaviconDataUrl%2CorganizationLogoDataUrl%2CappThemePreference%2CshowLogoOnly%2CsidebarLogoSize%2CsidebarLogoCollapsedLightMode%2CsidebarLogoExpandedLightMode%2CsidebarLogoCollapsedDarkMode%2CsidebarLogoExpandedDarkMode%2CloginPageLogoLightMode%2CloginPageLogoDarkMode%2CsplashBackgroundColor%2CsplashLogoDataUrl%2CsplashAnimationType%2CpwaEnabled%2CpwaThemeColor%2CpwaBackgroundColor%2CpwaAppleMobileWebAppTitle%2CpwaAppleMobileWebAppStatusBarStyle%2CrightClickProtectionEnabled%2CscreenCaptureProtectionEnabled 200 in 944ms
 GET /api/settings/position-levels 200 in 542ms
 GET /api/realtime/notifications?limit=50 200 in 621ms
 GET /api/settings/system-settings?keys=drawerStyle 200 in 434ms
 GET /api/user-preferences 200 in 532ms
 GET /api/settings/position-levels 200 in 501ms
 GET /api/settings/system-settings?keys=drawerStyle 200 in 416ms
 GET /api/user-preferences 200 in 530ms
 GET /api/settings/system-settings?keys=drawerStyle 200 in 439ms
 GET /api/user-preferences 200 in 516ms
 GET /icon.png?icon.31d034ff.png 200 in 402ms
 GET /api/user-preferences 200 in 540ms
 GET /api/auth/session 200 in 443ms
 GET /api/settings/system-settings?keys=appLogoDataUrl%2CappName%2CshowLogoOnly%2CsidebarLogoSize%2CcollapsedSidebarLogoSize%2CsidebarLogoCollapsedLightMode%2CsidebarLogoExpandedLightMode%2CsidebarLogoCollapsedDarkMode%2CsidebarLogoExpandedDarkMode%2CthemePreference%2CprimaryGradient%2CprimaryButtonShadowL%2CprimaryButtonShadowHoverL%2CprimaryButtonShadowD%2CprimaryButtonShadowHoverD%2CsidebarBackgroundType%2CsidebarBackgroundImageUrl%2CsidebarBackgroundImageFit%2CsidebarBackgroundImagePosition%2CsidebarNavigationMode%2CsidebarSecondaryGroupLabels%2CsidebarBgStartL%2CsidebarBgEndL%2CsidebarTextL%2CsidebarActiveBgStartL%2CsidebarActiveBgEndL%2CsidebarActiveTextL%2CsidebarHoverBgL%2CsidebarHoverTextL%2CsidebarBorderL%2CbuttonTextColorL%2CbuttonTextColorD%2CsidebarBgStartD%2CsidebarBgEndD%2CsidebarTextD%2CsidebarActiveBgStartD%2CsidebarActiveBgEndD%2CsidebarActiveTextD%2CsidebarHoverBgD%2CsidebarHoverTextD%2CsidebarBorderD%2CsidebarFontFamilyL%2CsidebarFontSizeL%2CsidebarFontWeightL%2CsidebarLineHeightL%2CsidebarLetterSpacingL%2CsidebarTextTransformL%2CsidebarFontFamilyD%2CsidebarFontSizeD%2CsidebarFontWeightD%2CsidebarLineHeightD%2CsidebarLetterSpacingD%2CsidebarTextTransformD%2CsidebarBorderWidthL%2CsidebarBorderStyleL%2CsidebarBorderRadiusL%2CsidebarShadowL%2CsidebarShadowHoverL%2CsidebarShadowActiveL%2CsidebarBorderWidthD%2CsidebarBorderStyleD%2CsidebarBorderRadiusD%2CsidebarShadowD%2CsidebarShadowHoverD%2CsidebarShadowActiveD%2CsidebarPaddingXL%2CsidebarPaddingYL%2CsidebarMarginL%2CsidebarGapL%2CsidebarWidthL%2CsidebarWidthCollapsedL%2CsidebarTransitionDurationL%2CsidebarTransitionTimingL%2CsidebarPaddingXD%2CsidebarPaddingYD%2CsidebarMarginD%2CsidebarGapD%2CsidebarWidthD%2CsidebarWidthCollapsedD%2CsidebarTransitionDurationD%2CsidebarTransitionTimingD%2CsidebarMenuItemBgL%2CsidebarMenuItemBgHoverL%2CsidebarMenuItemBgActiveL%2CsidebarMenuItemColorL%2CsidebarMenuItemColorHoverL%2CsidebarMenuItemColorActiveL%2CsidebarMenuItemBorderL%2CsidebarMenuItemBorderHoverL%2CsidebarMenuItemBorderActiveL%2CsidebarMenuItemBorderRadiusL%2CsidebarMenuItemPaddingXL%2CsidebarMenuItemPaddingYL%2CsidebarMenuItemMarginL%2CsidebarMenuItemFontWeightL%2CsidebarMenuItemFontWeightActiveL%2CsidebarMenuItemFontSizeL%2CsidebarMenuItemLineHeightL%2CsidebarMenuItemTransitionL%2CsidebarMenuItemBgD%2CsidebarMenuItemBgHoverD%2CsidebarMenuItemBgActiveD%2CsidebarMenuItemColorD%2CsidebarMenuItemColorHoverD%2CsidebarMenuItemColorActiveD%2CsidebarMenuItemBorderD%2CsidebarMenuItemBorderHoverD%2CsidebarMenuItemBorderActiveD%2CsidebarMenuItemBorderRadiusD%2CsidebarMenuItemPaddingXD%2CsidebarMenuItemPaddingYD%2CsidebarMenuItemMarginD%2CsidebarMenuItemFontWeightD%2CsidebarMenuItemFontWeightActiveD%2CsidebarMenuItemFontSizeD%2CsidebarMenuItemLineHeightD%2CsidebarMenuItemTransitionD%2CsidebarIconSizeL%2CsidebarIconColorL%2CsidebarIconColorHoverL%2CsidebarIconColorActiveL%2CsidebarIconMarginRightL%2CsidebarIconTransitionL%2CsidebarIconSizeD%2CsidebarIconColorD%2CsidebarIconColorHoverD%2CsidebarIconColorActiveD%2CsidebarIconMarginRightD%2CsidebarIconTransitionD%2CsidebarGroupLabelColorL%2CsidebarGroupLabelFontSizeL%2CsidebarGroupLabelFontWeightL%2CsidebarGroupLabelTextTransformL%2CsidebarGroupLabelLetterSpacingL%2CsidebarGroupLabelPaddingL%2CsidebarGroupLabelMarginL%2CsidebarGroupLabelColorD%2CsidebarGroupLabelFontSizeD%2CsidebarGroupLabelFontWeightD%2CsidebarGroupLabelTextTransformD%2CsidebarGroupLabelLetterSpacingD%2CsidebarGroupLabelPaddingD%2CsidebarGroupLabelMarginD 200 in 468ms
 GET /api/settings/system-settings?keys=appName%2CappLogoDataUrl%2CappFaviconDataUrl%2CorganizationLogoDataUrl%2CappThemePreference%2CshowLogoOnly%2CsidebarLogoSize%2CsidebarLogoCollapsedLightMode%2CsidebarLogoExpandedLightMode%2CsidebarLogoCollapsedDarkMode%2CsidebarLogoExpandedDarkMode%2CloginPageLogoLightMode%2CloginPageLogoDarkMode%2CsplashBackgroundColor%2CsplashLogoDataUrl%2CsplashAnimationType%2CpwaEnabled%2CpwaThemeColor%2CpwaBackgroundColor%2CpwaAppleMobileWebAppTitle%2CpwaAppleMobileWebAppStatusBarStyle%2CrightClickProtectionEnabled%2CscreenCaptureProtectionEnabled 200 in 682ms
 ✓ Compiled in 318ms
 ✓ Compiled in 372ms
 ✓ Compiled in 402ms
 GET /api/sse 200 in 135158ms
 GET /dashboard 200 in 1714ms
 GET /dashboard 200 in 972ms
 GET /api/broadcast/active 200 in 1004ms
 GET /api/settings/platform-setup/status 200 in 797ms
 GET /api/settings/system-settings?keys=broadcastBannerActiveId,broadcastBannerOneTitle,broadcastBannerOneMessage,broadcastBannerOneTone,broadcastBannerTwoTitle,broadcastBannerTwoMessage,broadcastBannerTwoTone,broadcastBannerThreeTitle,broadcastBannerThreeMessage,broadcastBannerThreeTone 200 in 433ms
 GET /api/user-preferences 200 in 703ms
 GET /api/auth/session 200 in 434ms
 GET /api/settings/system-settings?keys=appLogoDataUrl%2CappName%2CshowLogoOnly%2CsidebarLogoSize%2CcollapsedSidebarLogoSize%2CsidebarLogoCollapsedLightMode%2CsidebarLogoExpandedLightMode%2CsidebarLogoCollapsedDarkMode%2CsidebarLogoExpandedDarkMode%2CthemePreference%2CprimaryGradient%2CprimaryButtonShadowL%2CprimaryButtonShadowHoverL%2CprimaryButtonShadowD%2CprimaryButtonShadowHoverD%2CsidebarBackgroundType%2CsidebarBackgroundImageUrl%2CsidebarBackgroundImageFit%2CsidebarBackgroundImagePosition%2CsidebarNavigationMode%2CsidebarSecondaryGroupLabels%2CsidebarBgStartL%2CsidebarBgEndL%2CsidebarTextL%2CsidebarActiveBgStartL%2CsidebarActiveBgEndL%2CsidebarActiveTextL%2CsidebarHoverBgL%2CsidebarHoverTextL%2CsidebarBorderL%2CbuttonTextColorL%2CbuttonTextColorD%2CsidebarBgStartD%2CsidebarBgEndD%2CsidebarTextD%2CsidebarActiveBgStartD%2CsidebarActiveBgEndD%2CsidebarActiveTextD%2CsidebarHoverBgD%2CsidebarHoverTextD%2CsidebarBorderD%2CsidebarFontFamilyL%2CsidebarFontSizeL%2CsidebarFontWeightL%2CsidebarLineHeightL%2CsidebarLetterSpacingL%2CsidebarTextTransformL%2CsidebarFontFamilyD%2CsidebarFontSizeD%2CsidebarFontWeightD%2CsidebarLineHeightD%2CsidebarLetterSpacingD%2CsidebarTextTransformD%2CsidebarBorderWidthL%2CsidebarBorderStyleL%2CsidebarBorderRadiusL%2CsidebarShadowL%2CsidebarShadowHoverL%2CsidebarShadowActiveL%2CsidebarBorderWidthD%2CsidebarBorderStyleD%2CsidebarBorderRadiusD%2CsidebarShadowD%2CsidebarShadowHoverD%2CsidebarShadowActiveD%2CsidebarPaddingXL%2CsidebarPaddingYL%2CsidebarMarginL%2CsidebarGapL%2CsidebarWidthL%2CsidebarWidthCollapsedL%2CsidebarTransitionDurationL%2CsidebarTransitionTimingL%2CsidebarPaddingXD%2CsidebarPaddingYD%2CsidebarMarginD%2CsidebarGapD%2CsidebarWidthD%2CsidebarWidthCollapsedD%2CsidebarTransitionDurationD%2CsidebarTransitionTimingD%2CsidebarMenuItemBgL%2CsidebarMenuItemBgHoverL%2CsidebarMenuItemBgActiveL%2CsidebarMenuItemColorL%2CsidebarMenuItemColorHoverL%2CsidebarMenuItemColorActiveL%2CsidebarMenuItemBorderL%2CsidebarMenuItemBorderHoverL%2CsidebarMenuItemBorderActiveL%2CsidebarMenuItemBorderRadiusL%2CsidebarMenuItemPaddingXL%2CsidebarMenuItemPaddingYL%2CsidebarMenuItemMarginL%2CsidebarMenuItemFontWeightL%2CsidebarMenuItemFontWeightActiveL%2CsidebarMenuItemFontSizeL%2CsidebarMenuItemLineHeightL%2CsidebarMenuItemTransitionL%2CsidebarMenuItemBgD%2CsidebarMenuItemBgHoverD%2CsidebarMenuItemBgActiveD%2CsidebarMenuItemColorD%2CsidebarMenuItemColorHoverD%2CsidebarMenuItemColorActiveD%2CsidebarMenuItemBorderD%2CsidebarMenuItemBorderHoverD%2CsidebarMenuItemBorderActiveD%2CsidebarMenuItemBorderRadiusD%2CsidebarMenuItemPaddingXD%2CsidebarMenuItemPaddingYD%2CsidebarMenuItemMarginD%2CsidebarMenuItemFontWeightD%2CsidebarMenuItemFontWeightActiveD%2CsidebarMenuItemFontSizeD%2CsidebarMenuItemLineHeightD%2CsidebarMenuItemTransitionD%2CsidebarIconSizeL%2CsidebarIconColorL%2CsidebarIconColorHoverL%2CsidebarIconColorActiveL%2CsidebarIconMarginRightL%2CsidebarIconTransitionL%2CsidebarIconSizeD%2CsidebarIconColorD%2CsidebarIconColorHoverD%2CsidebarIconColorActiveD%2CsidebarIconMarginRightD%2CsidebarIconTransitionD%2CsidebarGroupLabelColorL%2CsidebarGroupLabelFontSizeL%2CsidebarGroupLabelFontWeightL%2CsidebarGroupLabelTextTransformL%2CsidebarGroupLabelLetterSpacingL%2CsidebarGroupLabelPaddingL%2CsidebarGroupLabelMarginL%2CsidebarGroupLabelColorD%2CsidebarGroupLabelFontSizeD%2CsidebarGroupLabelFontWeightD%2CsidebarGroupLabelTextTransformD%2CsidebarGroupLabelLetterSpacingD%2CsidebarGroupLabelPaddingD%2CsidebarGroupLabelMarginD 200 in 452ms
 GET /api/settings/system-settings?keys=appName%2CappLogoDataUrl%2CappFaviconDataUrl%2CorganizationLogoDataUrl%2CappThemePreference%2CshowLogoOnly%2CsidebarLogoSize%2CsidebarLogoCollapsedLightMode%2CsidebarLogoExpandedLightMode%2CsidebarLogoCollapsedDarkMode%2CsidebarLogoExpandedDarkMode%2CloginPageLogoLightMode%2CloginPageLogoDarkMode%2CsplashBackgroundColor%2CsplashLogoDataUrl%2CsplashAnimationType%2CpwaEnabled%2CpwaThemeColor%2CpwaBackgroundColor%2CpwaAppleMobileWebAppTitle%2CpwaAppleMobileWebAppStatusBarStyle%2CrightClickProtectionEnabled%2CscreenCaptureProtectionEnabled 200 in 964ms
[?25h
