
> hri@1.2.6 dev:turbo
> powershell -ExecutionPolicy Bypass -Command "$env:NEXT_TELEMETRY_DISABLED='1'; next dev -p 8021 --turbo"

   ▲ Next.js 15.5.9 (Turbopack)
   - Local:        http://localhost:8021
   - Network:      http://26.170.213.222:8021
   - Environments: .env.local, .env
   - Experiments (use with caution):
     · serverActions
     · optimizePackageImports

 ✓ Starting...
 ✓ Compiled instrumentation Node.js in 35ms
 ✓ Compiled instrumentation Edge in 30ms
 ✓ Compiled middleware in 115ms
 ✓ Ready in 2.2s
 ○ Compiling /settings ...
 ✓ Compiled /settings in 13.2s
 HEAD /settings?adminTab=hr-setup 200 in 14651ms
 GET /settings?adminTab=hr-setup 200 in 2040ms
 ○ Compiling /api/user-preferences ...
 GET /icon.png?icon.31d034ff.png 200 in 1485ms
 GET /api/settings/system-settings?keys=appLogoDataUrl%2CappName%2CshowLogoOnly%2CsidebarLogoSize%2CcollapsedSidebarLogoSize%2CsidebarLogoCollapsedLightMode%2CsidebarLogoExpandedLightMode%2CsidebarLogoCollapsedDarkMode%2CsidebarLogoExpandedDarkMode%2CthemePreference%2CprimaryGradient%2CprimaryButtonShadowL%2CprimaryButtonShadowHoverL%2CprimaryButtonShadowD%2CprimaryButtonShadowHoverD%2CsidebarBackgroundType%2CsidebarBackgroundImageUrl%2CsidebarBackgroundImageFit%2CsidebarBackgroundImagePosition%2CsidebarNavigationMode%2CsidebarSecondaryGroupLabels%2CsidebarBgStartL%2CsidebarBgEndL%2CsidebarTextL%2CsidebarActiveBgStartL%2CsidebarActiveBgEndL%2CsidebarActiveTextL%2CsidebarHoverBgL%2CsidebarHoverTextL%2CsidebarBorderL%2CbuttonTextColorL%2CbuttonTextColorD%2CsidebarBgStartD%2CsidebarBgEndD%2CsidebarTextD%2CsidebarActiveBgStartD%2CsidebarActiveBgEndD%2CsidebarActiveTextD%2CsidebarHoverBgD%2CsidebarHoverTextD%2CsidebarBorderD%2CsidebarFontFamilyL%2CsidebarFontSizeL%2CsidebarFontWeightL%2CsidebarLineHeightL%2CsidebarLetterSpacingL%2CsidebarTextTransformL%2CsidebarFontFamilyD%2CsidebarFontSizeD%2CsidebarFontWeightD%2CsidebarLineHeightD%2CsidebarLetterSpacingD%2CsidebarTextTransformD%2CsidebarBorderWidthL%2CsidebarBorderStyleL%2CsidebarBorderRadiusL%2CsidebarShadowL%2CsidebarShadowHoverL%2CsidebarShadowActiveL%2CsidebarBorderWidthD%2CsidebarBorderStyleD%2CsidebarBorderRadiusD%2CsidebarShadowD%2CsidebarShadowHoverD%2CsidebarShadowActiveD%2CsidebarPaddingXL%2CsidebarPaddingYL%2CsidebarMarginL%2CsidebarGapL%2CsidebarWidthL%2CsidebarWidthCollapsedL%2CsidebarTransitionDurationL%2CsidebarTransitionTimingL%2CsidebarPaddingXD%2CsidebarPaddingYD%2CsidebarMarginD%2CsidebarGapD%2CsidebarWidthD%2CsidebarWidthCollapsedD%2CsidebarTransitionDurationD%2CsidebarTransitionTimingD%2CsidebarMenuItemBgL%2CsidebarMenuItemBgHoverL%2CsidebarMenuItemBgActiveL%2CsidebarMenuItemColorL%2CsidebarMenuItemColorHoverL%2CsidebarMenuItemColorActiveL%2CsidebarMenuItemBorderL%2CsidebarMenuItemBorderHoverL%2CsidebarMenuItemBorderActiveL%2CsidebarMenuItemBorderRadiusL%2CsidebarMenuItemPaddingXL%2CsidebarMenuItemPaddingYL%2CsidebarMenuItemMarginL%2CsidebarMenuItemFontWeightL%2CsidebarMenuItemFontWeightActiveL%2CsidebarMenuItemFontSizeL%2CsidebarMenuItemLineHeightL%2CsidebarMenuItemTransitionL%2CsidebarMenuItemBgD%2CsidebarMenuItemBgHoverD%2CsidebarMenuItemBgActiveD%2CsidebarMenuItemColorD%2CsidebarMenuItemColorHoverD%2CsidebarMenuItemColorActiveD%2CsidebarMenuItemBorderD%2CsidebarMenuItemBorderHoverD%2CsidebarMenuItemBorderActiveD%2CsidebarMenuItemBorderRadiusD%2CsidebarMenuItemPaddingXD%2CsidebarMenuItemPaddingYD%2CsidebarMenuItemMarginD%2CsidebarMenuItemFontWeightD%2CsidebarMenuItemFontWeightActiveD%2CsidebarMenuItemFontSizeD%2CsidebarMenuItemLineHeightD%2CsidebarMenuItemTransitionD%2CsidebarIconSizeL%2CsidebarIconColorL%2CsidebarIconColorHoverL%2CsidebarIconColorActiveL%2CsidebarIconMarginRightL%2CsidebarIconTransitionL%2CsidebarIconSizeD%2CsidebarIconColorD%2CsidebarIconColorHoverD%2CsidebarIconColorActiveD%2CsidebarIconMarginRightD%2CsidebarIconTransitionD%2CsidebarGroupLabelColorL%2CsidebarGroupLabelFontSizeL%2CsidebarGroupLabelFontWeightL%2CsidebarGroupLabelTextTransformL%2CsidebarGroupLabelLetterSpacingL%2CsidebarGroupLabelPaddingL%2CsidebarGroupLabelMarginL%2CsidebarGroupLabelColorD%2CsidebarGroupLabelFontSizeD%2CsidebarGroupLabelFontWeightD%2CsidebarGroupLabelTextTransformD%2CsidebarGroupLabelLetterSpacingD%2CsidebarGroupLabelPaddingD%2CsidebarGroupLabelMarginD 200 in 4861ms
 GET /api/auth/session 200 in 5672ms
 ✓ Compiled /api/user-preferences in 7.3s
 GET /api/upload-queue/health 200 in 2084ms
 GET /api/user-preferences 200 in 7819ms
 ✓ Compiled /api/privacy-support/categories in 421ms
 GET /api/broadcast/active 200 in 3575ms
 GET /api/settings/system-settings?keys=appName%2CappLogoDataUrl%2CappFaviconDataUrl%2CorganizationLogoDataUrl%2CappThemePreference%2CshowLogoOnly%2CsidebarLogoSize%2CsidebarLogoCollapsedLightMode%2CsidebarLogoExpandedLightMode%2CsidebarLogoCollapsedDarkMode%2CsidebarLogoExpandedDarkMode%2CloginPageLogoLightMode%2CloginPageLogoDarkMode%2CsplashBackgroundColor%2CsplashLogoDataUrl%2CsplashAnimationType%2CpwaEnabled%2CpwaThemeColor%2CpwaBackgroundColor%2CpwaAppleMobileWebAppTitle%2CpwaAppleMobileWebAppStatusBarStyle%2CrightClickProtectionEnabled%2CscreenCaptureProtectionEnabled 200 in 8618ms
 ✓ Compiled /api/realtime/notifications in 239ms
 GET /positions?adminCenterEmbed=1 200 in 8050ms
 GET /api/settings/platform-setup/status 200 in 2154ms
 GET /api/privacy-support/categories 200 in 2247ms
 GET /api/realtime/notifications?limit=50 200 in 1725ms
 GET /api/broadcast/active 200 in 1720ms
 GET /api/settings/system-settings?keys=drawerStyle 200 in 571ms
 GET /api/privacy-support/categories 200 in 1640ms
 GET /api/settings/platform-setup/status 200 in 1362ms
 GET /api/settings/platform-setup/status 200 in 1294ms
 GET /api/settings/platform-setup/status 200 in 1162ms
 GET /api/upload-queue/health 200 in 851ms
 GET /api/user-preferences 200 in 826ms
 GET /api/settings/system-settings?keys=broadcastBannerActiveId,broadcastBannerOneTitle,broadcastBannerOneMessage,broadcastBannerOneTone,broadcastBannerTwoTitle,broadcastBannerTwoMessage,broadcastBannerTwoTone,broadcastBannerThreeTitle,broadcastBannerThreeMessage,broadcastBannerThreeTone 200 in 569ms
 GET /api/broadcast/active 200 in 2260ms
 GET /api/settings/system-settings?keys=drawerStyle 200 in 697ms
 GET /api/broadcast/active 200 in 1755ms
 GET /api/user-preferences 200 in 1495ms
 GET /api/settings/system-settings?keys=broadcastBannerActiveId,broadcastBannerOneTitle,broadcastBannerOneMessage,broadcastBannerOneTone,broadcastBannerTwoTitle,broadcastBannerTwoMessage,broadcastBannerTwoTone,broadcastBannerThreeTitle,broadcastBannerThreeMessage,broadcastBannerThreeTone 200 in 1212ms
 GET /api/broadcast/active 200 in 2380ms
 GET /api/settings/system-settings?keys=appLogoDataUrl%2CappName%2CshowLogoOnly%2CsidebarLogoSize%2CcollapsedSidebarLogoSize%2CsidebarLogoCollapsedLightMode%2CsidebarLogoExpandedLightMode%2CsidebarLogoCollapsedDarkMode%2CsidebarLogoExpandedDarkMode%2CthemePreference%2CprimaryGradient%2CprimaryButtonShadowL%2CprimaryButtonShadowHoverL%2CprimaryButtonShadowD%2CprimaryButtonShadowHoverD%2CsidebarBackgroundType%2CsidebarBackgroundImageUrl%2CsidebarBackgroundImageFit%2CsidebarBackgroundImagePosition%2CsidebarNavigationMode%2CsidebarSecondaryGroupLabels%2CsidebarBgStartL%2CsidebarBgEndL%2CsidebarTextL%2CsidebarActiveBgStartL%2CsidebarActiveBgEndL%2CsidebarActiveTextL%2CsidebarHoverBgL%2CsidebarHoverTextL%2CsidebarBorderL%2CbuttonTextColorL%2CbuttonTextColorD%2CsidebarBgStartD%2CsidebarBgEndD%2CsidebarTextD%2CsidebarActiveBgStartD%2CsidebarActiveBgEndD%2CsidebarActiveTextD%2CsidebarHoverBgD%2CsidebarHoverTextD%2CsidebarBorderD%2CsidebarFontFamilyL%2CsidebarFontSizeL%2CsidebarFontWeightL%2CsidebarLineHeightL%2CsidebarLetterSpacingL%2CsidebarTextTransformL%2CsidebarFontFamilyD%2CsidebarFontSizeD%2CsidebarFontWeightD%2CsidebarLineHeightD%2CsidebarLetterSpacingD%2CsidebarTextTransformD%2CsidebarBorderWidthL%2CsidebarBorderStyleL%2CsidebarBorderRadiusL%2CsidebarShadowL%2CsidebarShadowHoverL%2CsidebarShadowActiveL%2CsidebarBorderWidthD%2CsidebarBorderStyleD%2CsidebarBorderRadiusD%2CsidebarShadowD%2CsidebarShadowHoverD%2CsidebarShadowActiveD%2CsidebarPaddingXL%2CsidebarPaddingYL%2CsidebarMarginL%2CsidebarGapL%2CsidebarWidthL%2CsidebarWidthCollapsedL%2CsidebarTransitionDurationL%2CsidebarTransitionTimingL%2CsidebarPaddingXD%2CsidebarPaddingYD%2CsidebarMarginD%2CsidebarGapD%2CsidebarWidthD%2CsidebarWidthCollapsedD%2CsidebarTransitionDurationD%2CsidebarTransitionTimingD%2CsidebarMenuItemBgL%2CsidebarMenuItemBgHoverL%2CsidebarMenuItemBgActiveL%2CsidebarMenuItemColorL%2CsidebarMenuItemColorHoverL%2CsidebarMenuItemColorActiveL%2CsidebarMenuItemBorderL%2CsidebarMenuItemBorderHoverL%2CsidebarMenuItemBorderActiveL%2CsidebarMenuItemBorderRadiusL%2CsidebarMenuItemPaddingXL%2CsidebarMenuItemPaddingYL%2CsidebarMenuItemMarginL%2CsidebarMenuItemFontWeightL%2CsidebarMenuItemFontWeightActiveL%2CsidebarMenuItemFontSizeL%2CsidebarMenuItemLineHeightL%2CsidebarMenuItemTransitionL%2CsidebarMenuItemBgD%2CsidebarMenuItemBgHoverD%2CsidebarMenuItemBgActiveD%2CsidebarMenuItemColorD%2CsidebarMenuItemColorHoverD%2CsidebarMenuItemColorActiveD%2CsidebarMenuItemBorderD%2CsidebarMenuItemBorderHoverD%2CsidebarMenuItemBorderActiveD%2CsidebarMenuItemBorderRadiusD%2CsidebarMenuItemPaddingXD%2CsidebarMenuItemPaddingYD%2CsidebarMenuItemMarginD%2CsidebarMenuItemFontWeightD%2CsidebarMenuItemFontWeightActiveD%2CsidebarMenuItemFontSizeD%2CsidebarMenuItemLineHeightD%2CsidebarMenuItemTransitionD%2CsidebarIconSizeL%2CsidebarIconColorL%2CsidebarIconColorHoverL%2CsidebarIconColorActiveL%2CsidebarIconMarginRightL%2CsidebarIconTransitionL%2CsidebarIconSizeD%2CsidebarIconColorD%2CsidebarIconColorHoverD%2CsidebarIconColorActiveD%2CsidebarIconMarginRightD%2CsidebarIconTransitionD%2CsidebarGroupLabelColorL%2CsidebarGroupLabelFontSizeL%2CsidebarGroupLabelFontWeightL%2CsidebarGroupLabelTextTransformL%2CsidebarGroupLabelLetterSpacingL%2CsidebarGroupLabelPaddingL%2CsidebarGroupLabelMarginL%2CsidebarGroupLabelColorD%2CsidebarGroupLabelFontSizeD%2CsidebarGroupLabelFontWeightD%2CsidebarGroupLabelTextTransformD%2CsidebarGroupLabelLetterSpacingD%2CsidebarGroupLabelPaddingD%2CsidebarGroupLabelMarginD 200 in 1234ms
 GET /api/auth/session 200 in 1306ms
 GET /api/settings/system-settings?keys=broadcastBannerActiveId,broadcastBannerOneTitle,broadcastBannerOneMessage,broadcastBannerOneTone,broadcastBannerTwoTitle,broadcastBannerTwoMessage,broadcastBannerTwoTone,broadcastBannerThreeTitle,broadcastBannerThreeMessage,broadcastBannerThreeTone 200 in 869ms
 GET /api/user-preferences 200 in 1170ms
 GET /api/realtime/notifications?limit=50 200 in 1470ms
 GET /api/settings/system-settings?keys=broadcastBannerActiveId,broadcastBannerOneTitle,broadcastBannerOneMessage,broadcastBannerOneTone,broadcastBannerTwoTitle,broadcastBannerTwoMessage,broadcastBannerTwoTone,broadcastBannerThreeTitle,broadcastBannerThreeMessage,broadcastBannerThreeTone 200 in 703ms
 GET /api/user-preferences 200 in 875ms
 ○ Compiling /api/settings/position-levels ...
 ✓ Compiled /api/settings/position-levels in 529ms
 GET /api/settings/system-settings?keys=broadcastBannerActiveId,broadcastBannerOneTitle,broadcastBannerOneMessage,broadcastBannerOneTone,broadcastBannerTwoTitle,broadcastBannerTwoMessage,broadcastBannerTwoTone,broadcastBannerThreeTitle,broadcastBannerThreeMessage,broadcastBannerThreeTone 200 in 988ms
 GET /api/settings/system-settings?keys=jobMatchFeatureEnabled 200 in 851ms
 GET /api/settings/system-settings?keys=appName%2CappLogoDataUrl%2CappFaviconDataUrl%2CorganizationLogoDataUrl%2CappThemePreference%2CshowLogoOnly%2CsidebarLogoSize%2CsidebarLogoCollapsedLightMode%2CsidebarLogoExpandedLightMode%2CsidebarLogoCollapsedDarkMode%2CsidebarLogoExpandedDarkMode%2CloginPageLogoLightMode%2CloginPageLogoDarkMode%2CsplashBackgroundColor%2CsplashLogoDataUrl%2CsplashAnimationType%2CpwaEnabled%2CpwaThemeColor%2CpwaBackgroundColor%2CpwaAppleMobileWebAppTitle%2CpwaAppleMobileWebAppStatusBarStyle%2CrightClickProtectionEnabled%2CscreenCaptureProtectionEnabled 200 in 3980ms
 ✓ Compiled /api/users in 303ms
 GET /api/settings/system-settings?keys=defaultMatchCriteria 200 in 648ms
 GET /api/settings/position-levels 200 in 1507ms
 GET /api/settings/system-settings?keys=defaultMatchCriteria 200 in 686ms
 GET /api/settings/system-settings?keys=jobMatchFeatureEnabled 200 in 727ms
 GET /api/user-preferences 200 in 1283ms
 GET /api/settings/system-settings?keys=defaultMatchCriteria 200 in 738ms
 GET /api/settings/system-settings?keys=jobMatchFeatureEnabled 200 in 645ms
 GET /api/users?role=Hiring%20Manager&pageSize=100 200 in 2052ms
 GET /api/settings/position-levels 200 in 879ms
 GET /api/settings/system-settings?keys=defaultMatchCriteria 200 in 704ms
 GET /api/settings/system-settings?keys=jobMatchFeatureEnabled 200 in 708ms
 GET /api/users?role=Hiring%20Manager&pageSize=100 200 in 1019ms
 GET /api/settings/system-settings?keys=jobMatchFeatureEnabled 200 in 573ms
 GET /api/settings/position-levels 200 in 734ms
 GET /api/user-preferences 200 in 1914ms
 GET /api/settings/system-settings?keys=jobMatchFeatureEnabled 200 in 703ms
 ✓ Compiled /api/positions in 480ms
 GET /api/settings/position-levels 200 in 1413ms
 GET /api/user-preferences 200 in 1232ms
 ○ Compiling /api/users/recruiter-headcount-stats ...
 GET /api/positions/all 200 in 1681ms
 ✓ Compiled /api/users/recruiter-headcount-stats in 897ms
 GET /api/positions?limit=20&offset=0&includeStats=true&includeapplicantStats=true&includeHeadcount=true 200 in 2952ms
 GET /api/settings/grades 200 in 1863ms
 GET /api/settings/position-levels 200 in 1476ms
 GET /api/user-preferences 200 in 1304ms
 GET /api/settings/position-levels 200 in 1042ms
 GET /api/users/recruiter-headcount-stats 200 in 4037ms
 GET /settings?adminTab=hr-setup 200 in 1258ms
 GET /api/settings/system-settings?keys=appLogoDataUrl%2CappName%2CshowLogoOnly%2CsidebarLogoSize%2CcollapsedSidebarLogoSize%2CsidebarLogoCollapsedLightMode%2CsidebarLogoExpandedLightMode%2CsidebarLogoCollapsedDarkMode%2CsidebarLogoExpandedDarkMode%2CthemePreference%2CprimaryGradient%2CprimaryButtonShadowL%2CprimaryButtonShadowHoverL%2CprimaryButtonShadowD%2CprimaryButtonShadowHoverD%2CsidebarBackgroundType%2CsidebarBackgroundImageUrl%2CsidebarBackgroundImageFit%2CsidebarBackgroundImagePosition%2CsidebarNavigationMode%2CsidebarSecondaryGroupLabels%2CsidebarBgStartL%2CsidebarBgEndL%2CsidebarTextL%2CsidebarActiveBgStartL%2CsidebarActiveBgEndL%2CsidebarActiveTextL%2CsidebarHoverBgL%2CsidebarHoverTextL%2CsidebarBorderL%2CbuttonTextColorL%2CbuttonTextColorD%2CsidebarBgStartD%2CsidebarBgEndD%2CsidebarTextD%2CsidebarActiveBgStartD%2CsidebarActiveBgEndD%2CsidebarActiveTextD%2CsidebarHoverBgD%2CsidebarHoverTextD%2CsidebarBorderD%2CsidebarFontFamilyL%2CsidebarFontSizeL%2CsidebarFontWeightL%2CsidebarLineHeightL%2CsidebarLetterSpacingL%2CsidebarTextTransformL%2CsidebarFontFamilyD%2CsidebarFontSizeD%2CsidebarFontWeightD%2CsidebarLineHeightD%2CsidebarLetterSpacingD%2CsidebarTextTransformD%2CsidebarBorderWidthL%2CsidebarBorderStyleL%2CsidebarBorderRadiusL%2CsidebarShadowL%2CsidebarShadowHoverL%2CsidebarShadowActiveL%2CsidebarBorderWidthD%2CsidebarBorderStyleD%2CsidebarBorderRadiusD%2CsidebarShadowD%2CsidebarShadowHoverD%2CsidebarShadowActiveD%2CsidebarPaddingXL%2CsidebarPaddingYL%2CsidebarMarginL%2CsidebarGapL%2CsidebarWidthL%2CsidebarWidthCollapsedL%2CsidebarTransitionDurationL%2CsidebarTransitionTimingL%2CsidebarPaddingXD%2CsidebarPaddingYD%2CsidebarMarginD%2CsidebarGapD%2CsidebarWidthD%2CsidebarWidthCollapsedD%2CsidebarTransitionDurationD%2CsidebarTransitionTimingD%2CsidebarMenuItemBgL%2CsidebarMenuItemBgHoverL%2CsidebarMenuItemBgActiveL%2CsidebarMenuItemColorL%2CsidebarMenuItemColorHoverL%2CsidebarMenuItemColorActiveL%2CsidebarMenuItemBorderL%2CsidebarMenuItemBorderHoverL%2CsidebarMenuItemBorderActiveL%2CsidebarMenuItemBorderRadiusL%2CsidebarMenuItemPaddingXL%2CsidebarMenuItemPaddingYL%2CsidebarMenuItemMarginL%2CsidebarMenuItemFontWeightL%2CsidebarMenuItemFontWeightActiveL%2CsidebarMenuItemFontSizeL%2CsidebarMenuItemLineHeightL%2CsidebarMenuItemTransitionL%2CsidebarMenuItemBgD%2CsidebarMenuItemBgHoverD%2CsidebarMenuItemBgActiveD%2CsidebarMenuItemColorD%2CsidebarMenuItemColorHoverD%2CsidebarMenuItemColorActiveD%2CsidebarMenuItemBorderD%2CsidebarMenuItemBorderHoverD%2CsidebarMenuItemBorderActiveD%2CsidebarMenuItemBorderRadiusD%2CsidebarMenuItemPaddingXD%2CsidebarMenuItemPaddingYD%2CsidebarMenuItemMarginD%2CsidebarMenuItemFontWeightD%2CsidebarMenuItemFontWeightActiveD%2CsidebarMenuItemFontSizeD%2CsidebarMenuItemLineHeightD%2CsidebarMenuItemTransitionD%2CsidebarIconSizeL%2CsidebarIconColorL%2CsidebarIconColorHoverL%2CsidebarIconColorActiveL%2CsidebarIconMarginRightL%2CsidebarIconTransitionL%2CsidebarIconSizeD%2CsidebarIconColorD%2CsidebarIconColorHoverD%2CsidebarIconColorActiveD%2CsidebarIconMarginRightD%2CsidebarIconTransitionD%2CsidebarGroupLabelColorL%2CsidebarGroupLabelFontSizeL%2CsidebarGroupLabelFontWeightL%2CsidebarGroupLabelTextTransformL%2CsidebarGroupLabelLetterSpacingL%2CsidebarGroupLabelPaddingL%2CsidebarGroupLabelMarginL%2CsidebarGroupLabelColorD%2CsidebarGroupLabelFontSizeD%2CsidebarGroupLabelFontWeightD%2CsidebarGroupLabelTextTransformD%2CsidebarGroupLabelLetterSpacingD%2CsidebarGroupLabelPaddingD%2CsidebarGroupLabelMarginD 200 in 2050ms
 GET /api/auth/session 200 in 2186ms
 GET /api/user-preferences 200 in 2456ms
 GET /positions?adminCenterEmbed=1 200 in 926ms
 GET /api/settings/system-settings?keys=appName%2CappLogoDataUrl%2CappFaviconDataUrl%2CorganizationLogoDataUrl%2CappThemePreference%2CshowLogoOnly%2CsidebarLogoSize%2CsidebarLogoCollapsedLightMode%2CsidebarLogoExpandedLightMode%2CsidebarLogoCollapsedDarkMode%2CsidebarLogoExpandedDarkMode%2CloginPageLogoLightMode%2CloginPageLogoDarkMode%2CsplashBackgroundColor%2CsplashLogoDataUrl%2CsplashAnimationType%2CpwaEnabled%2CpwaThemeColor%2CpwaBackgroundColor%2CpwaAppleMobileWebAppTitle%2CpwaAppleMobileWebAppStatusBarStyle%2CrightClickProtectionEnabled%2CscreenCaptureProtectionEnabled 200 in 3377ms
 GET /api/upload-queue/health 200 in 808ms
 GET /api/broadcast/active 200 in 1825ms
 GET /api/privacy-support/categories 200 in 1127ms
 GET /api/realtime/notifications?limit=50 200 in 580ms
 GET /api/settings/platform-setup/status 200 in 1076ms
 GET /api/broadcast/active 200 in 1288ms
 GET /api/settings/platform-setup/status 200 in 1029ms
 GET /api/privacy-support/categories 200 in 1185ms
 GET /api/settings/system-settings?keys=drawerStyle 200 in 560ms
 GET /api/broadcast/active 200 in 1334ms
 GET /api/settings/platform-setup/status 200 in 1407ms
 GET /api/settings/platform-setup/status 200 in 1029ms
 GET /api/user-preferences 200 in 678ms
 GET /api/upload-queue/health 200 in 748ms
 GET /api/settings/system-settings?keys=broadcastBannerActiveId,broadcastBannerOneTitle,broadcastBannerOneMessage,broadcastBannerOneTone,broadcastBannerTwoTitle,broadcastBannerTwoMessage,broadcastBannerTwoTone,broadcastBannerThreeTitle,broadcastBannerThreeMessage,broadcastBannerThreeTone 200 in 509ms
 GET /api/settings/system-settings?keys=drawerStyle 200 in 499ms
 GET /api/broadcast/active 200 in 1292ms
 ○ Compiling /positions/[id] ...
 GET /api/user-preferences 200 in 693ms
 ✓ Compiled /positions/[id] in 1309ms
 GET /api/settings/system-settings?keys=broadcastBannerActiveId,broadcastBannerOneTitle,broadcastBannerOneMessage,broadcastBannerOneTone,broadcastBannerTwoTitle,broadcastBannerTwoMessage,broadcastBannerTwoTone,broadcastBannerThreeTitle,broadcastBannerThreeMessage,broadcastBannerThreeTone 200 in 502ms
 GET /api/broadcast/active 200 in 1346ms
 GET /positions/d6c0d658-d9ef-4eb5-a2ed-d063e4118367 200 in 784ms
 GET /positions/8b369003-a4a3-4380-b9d5-961cf5c1b66f 200 in 2196ms
 GET /api/user-preferences 200 in 897ms
 ✓ Compiled /api/positions/[id] in 235ms
 GET /api/settings/system-settings?keys=broadcastBannerActiveId,broadcastBannerOneTitle,broadcastBannerOneMessage,broadcastBannerOneTone,broadcastBannerTwoTitle,broadcastBannerTwoMessage,broadcastBannerTwoTone,broadcastBannerThreeTitle,broadcastBannerThreeMessage,broadcastBannerThreeTone 200 in 669ms
 GET /api/settings/system-settings?keys=jobMatchFeatureEnabled 200 in 562ms
 GET /api/settings/position-levels 200 in 613ms
 GET /api/settings/system-settings?keys=defaultMatchCriteria 200 in 512ms
 ✓ Compiled /api/positions/[id]/applicants in 195ms
 GET /api/positions/d6c0d658-d9ef-4eb5-a2ed-d063e4118367 200 in 1785ms
 GET /api/positions/d6c0d658-d9ef-4eb5-a2ed-d063e4118367/applicants?page=1&limit=1&type=applied&sortColumn=fitScore&sortDirection=desc&showPinSection=true 200 in 1783ms
 GET /api/positions/d6c0d658-d9ef-4eb5-a2ed-d063e4118367/applicants?page=1&limit=100&type=all&sortColumn=fitScore&sortDirection=desc&showPinSection=true 200 in 1251ms
 GET /api/positions/d6c0d658-d9ef-4eb5-a2ed-d063e4118367/applicants?page=1&limit=100&type=applied&sortColumn=fitScore&sortDirection=desc&showPinSection=true 200 in 2087ms
 ✓ Compiled /api/positions/[id]/job-matches in 300ms
 GET /api/settings/grades 200 in 711ms
 ○ Compiling /_not-found/page ...
 ✓ Compiled /_not-found/page in 1036ms
 GET /api/headcount?positionId=d6c0d658-d9ef-4eb5-a2ed-d063e4118367 200 in 1761ms
 ✓ Compiled /api/recruitment-stages in 133ms
 GET /api/positions/d6c0d658-d9ef-4eb5-a2ed-d063e4118367/job-matches?page=1&limit=100&hasJobMatch=true&notApplied=true&sortColumn=matchScore&sortDirection=desc&showPinSection=true 200 in 2640ms
 GET /api/settings/sources 404 in 2494ms
 GET /api/recruitment-stages 200 in 1393ms
 GET /api/settings/system-settings?keys=broadcastBannerActiveId,broadcastBannerOneTitle,broadcastBannerOneMessage,broadcastBannerOneTone,broadcastBannerTwoTitle,broadcastBannerTwoMessage,broadcastBannerTwoTone,broadcastBannerThreeTitle,broadcastBannerThreeMessage,broadcastBannerThreeTone 200 in 520ms
 GET /api/users?role=recruiter 200 in 1084ms
 GET /api/settings/system-settings?keys=jobMatchFeatureEnabled 200 in 540ms
 GET /api/settings/system-settings?keys=defaultMatchCriteria 200 in 581ms
 GET /api/settings/position-levels 200 in 741ms
 GET /api/positions/d6c0d658-d9ef-4eb5-a2ed-d063e4118367 200 in 751ms
 GET /api/positions/d6c0d658-d9ef-4eb5-a2ed-d063e4118367/applicants?page=1&limit=100&type=all&sortColumn=fitScore&sortDirection=desc&showPinSection=true 200 in 988ms
 GET /api/positions/d6c0d658-d9ef-4eb5-a2ed-d063e4118367/applicants?page=1&limit=1&type=applied&sortColumn=fitScore&sortDirection=desc&showPinSection=true 200 in 1093ms
 GET /api/positions/d6c0d658-d9ef-4eb5-a2ed-d063e4118367/applicants?page=1&limit=100&type=applied&sortColumn=fitScore&sortDirection=desc&showPinSection=true 200 in 918ms
 GET /api/settings/grades 200 in 790ms
 GET /api/settings/sources 404 in 280ms
 GET /api/positions/d6c0d658-d9ef-4eb5-a2ed-d063e4118367/job-matches?page=1&limit=100&hasJobMatch=true&notApplied=true&sortColumn=matchScore&sortDirection=desc&showPinSection=true 200 in 1034ms
 GET /api/headcount?positionId=d6c0d658-d9ef-4eb5-a2ed-d063e4118367 200 in 1146ms
 GET /api/settings/system-settings?keys=broadcastBannerActiveId,broadcastBannerOneTitle,broadcastBannerOneMessage,broadcastBannerOneTone,broadcastBannerTwoTitle,broadcastBannerTwoMessage,broadcastBannerTwoTone,broadcastBannerThreeTitle,broadcastBannerThreeMessage,broadcastBannerThreeTone 200 in 667ms
 GET /api/recruitment-stages 200 in 1059ms
 GET /api/positions/d6c0d658-d9ef-4eb5-a2ed-d063e4118367/applicants?page=1&limit=100&type=applied&sortColumn=fitScore&sortDirection=desc&status=550e8400-e29b-41d4-a716-446655440001%2C667e39d4-a60f-4ac9-b6d6-2c8eace4b296%2C390c4654-91cb-4cfe-9297-3ceb6ce469e4%2C3e1352ef-bd3a-49ce-9841-f2329632ab11%2Ce6a12975-fc4a-4c50-9f54-528b59a9aff6%2C5d4e20f8-c65c-48fb-b17e-2ee5ce207ba3%2C70998438-0466-43e8-8222-8c79a2690789%2C550e8400-e29b-41d4-a716-446655440008%2C8c40b137-425a-4e81-8451-81fdef760501&showPinSection=true 200 in 1034ms
 GET /api/positions/d6c0d658-d9ef-4eb5-a2ed-d063e4118367/applicants?page=1&limit=100&type=all&sortColumn=fitScore&sortDirection=desc&status=550e8400-e29b-41d4-a716-446655440001%2C667e39d4-a60f-4ac9-b6d6-2c8eace4b296%2C390c4654-91cb-4cfe-9297-3ceb6ce469e4%2C3e1352ef-bd3a-49ce-9841-f2329632ab11%2Ce6a12975-fc4a-4c50-9f54-528b59a9aff6%2C5d4e20f8-c65c-48fb-b17e-2ee5ce207ba3%2C70998438-0466-43e8-8222-8c79a2690789%2C550e8400-e29b-41d4-a716-446655440008%2C8c40b137-425a-4e81-8451-81fdef760501&showPinSection=true 200 in 888ms
 GET /api/users?role=recruiter 200 in 751ms
 GET /api/positions/d6c0d658-d9ef-4eb5-a2ed-d063e4118367/job-matches?page=1&limit=100&hasJobMatch=true&notApplied=true&sortColumn=matchScore&sortDirection=desc&status=550e8400-e29b-41d4-a716-446655440001%2C667e39d4-a60f-4ac9-b6d6-2c8eace4b296%2C390c4654-91cb-4cfe-9297-3ceb6ce469e4%2C3e1352ef-bd3a-49ce-9841-f2329632ab11%2Ce6a12975-fc4a-4c50-9f54-528b59a9aff6%2C5d4e20f8-c65c-48fb-b17e-2ee5ce207ba3%2C70998438-0466-43e8-8222-8c79a2690789%2C550e8400-e29b-41d4-a716-446655440008%2C8c40b137-425a-4e81-8451-81fdef760501&showPinSection=true 200 in 903ms
 GET /api/positions/d6c0d658-d9ef-4eb5-a2ed-d063e4118367/applicants?page=1&limit=100&type=all&sortColumn=fitScore&sortDirection=desc&showPinSection=true 200 in 917ms
 GET /api/positions/d6c0d658-d9ef-4eb5-a2ed-d063e4118367/applicants?page=1&limit=1&type=applied&sortColumn=fitScore&sortDirection=desc&showPinSection=true 200 in 1042ms
 GET /api/positions/d6c0d658-d9ef-4eb5-a2ed-d063e4118367/applicants?page=1&limit=100&type=applied&sortColumn=fitScore&sortDirection=desc&showPinSection=true 200 in 1046ms
 GET /settings?adminTab=hr-setup&setupView=map 200 in 256ms
 GET /api/positions/d6c0d658-d9ef-4eb5-a2ed-d063e4118367/job-matches?page=1&limit=100&hasJobMatch=true&notApplied=true&sortColumn=matchScore&sortDirection=desc&showPinSection=true 200 in 779ms
 GET /api/sse 200 in 77760ms
 GET /positions 200 in 348ms
 GET /icon.png?icon.31d034ff.png 200 in 612ms
 GET /api/auth/session 200 in 838ms
 GET /api/user-preferences 200 in 1016ms
 GET /api/settings/system-settings?keys=appLogoDataUrl%2CappName%2CshowLogoOnly%2CsidebarLogoSize%2CcollapsedSidebarLogoSize%2CsidebarLogoCollapsedLightMode%2CsidebarLogoExpandedLightMode%2CsidebarLogoCollapsedDarkMode%2CsidebarLogoExpandedDarkMode%2CthemePreference%2CprimaryGradient%2CprimaryButtonShadowL%2CprimaryButtonShadowHoverL%2CprimaryButtonShadowD%2CprimaryButtonShadowHoverD%2CsidebarBackgroundType%2CsidebarBackgroundImageUrl%2CsidebarBackgroundImageFit%2CsidebarBackgroundImagePosition%2CsidebarNavigationMode%2CsidebarSecondaryGroupLabels%2CsidebarBgStartL%2CsidebarBgEndL%2CsidebarTextL%2CsidebarActiveBgStartL%2CsidebarActiveBgEndL%2CsidebarActiveTextL%2CsidebarHoverBgL%2CsidebarHoverTextL%2CsidebarBorderL%2CbuttonTextColorL%2CbuttonTextColorD%2CsidebarBgStartD%2CsidebarBgEndD%2CsidebarTextD%2CsidebarActiveBgStartD%2CsidebarActiveBgEndD%2CsidebarActiveTextD%2CsidebarHoverBgD%2CsidebarHoverTextD%2CsidebarBorderD%2CsidebarFontFamilyL%2CsidebarFontSizeL%2CsidebarFontWeightL%2CsidebarLineHeightL%2CsidebarLetterSpacingL%2CsidebarTextTransformL%2CsidebarFontFamilyD%2CsidebarFontSizeD%2CsidebarFontWeightD%2CsidebarLineHeightD%2CsidebarLetterSpacingD%2CsidebarTextTransformD%2CsidebarBorderWidthL%2CsidebarBorderStyleL%2CsidebarBorderRadiusL%2CsidebarShadowL%2CsidebarShadowHoverL%2CsidebarShadowActiveL%2CsidebarBorderWidthD%2CsidebarBorderStyleD%2CsidebarBorderRadiusD%2CsidebarShadowD%2CsidebarShadowHoverD%2CsidebarShadowActiveD%2CsidebarPaddingXL%2CsidebarPaddingYL%2CsidebarMarginL%2CsidebarGapL%2CsidebarWidthL%2CsidebarWidthCollapsedL%2CsidebarTransitionDurationL%2CsidebarTransitionTimingL%2CsidebarPaddingXD%2CsidebarPaddingYD%2CsidebarMarginD%2CsidebarGapD%2CsidebarWidthD%2CsidebarWidthCollapsedD%2CsidebarTransitionDurationD%2CsidebarTransitionTimingD%2CsidebarMenuItemBgL%2CsidebarMenuItemBgHoverL%2CsidebarMenuItemBgActiveL%2CsidebarMenuItemColorL%2CsidebarMenuItemColorHoverL%2CsidebarMenuItemColorActiveL%2CsidebarMenuItemBorderL%2CsidebarMenuItemBorderHoverL%2CsidebarMenuItemBorderActiveL%2CsidebarMenuItemBorderRadiusL%2CsidebarMenuItemPaddingXL%2CsidebarMenuItemPaddingYL%2CsidebarMenuItemMarginL%2CsidebarMenuItemFontWeightL%2CsidebarMenuItemFontWeightActiveL%2CsidebarMenuItemFontSizeL%2CsidebarMenuItemLineHeightL%2CsidebarMenuItemTransitionL%2CsidebarMenuItemBgD%2CsidebarMenuItemBgHoverD%2CsidebarMenuItemBgActiveD%2CsidebarMenuItemColorD%2CsidebarMenuItemColorHoverD%2CsidebarMenuItemColorActiveD%2CsidebarMenuItemBorderD%2CsidebarMenuItemBorderHoverD%2CsidebarMenuItemBorderActiveD%2CsidebarMenuItemBorderRadiusD%2CsidebarMenuItemPaddingXD%2CsidebarMenuItemPaddingYD%2CsidebarMenuItemMarginD%2CsidebarMenuItemFontWeightD%2CsidebarMenuItemFontWeightActiveD%2CsidebarMenuItemFontSizeD%2CsidebarMenuItemLineHeightD%2CsidebarMenuItemTransitionD%2CsidebarIconSizeL%2CsidebarIconColorL%2CsidebarIconColorHoverL%2CsidebarIconColorActiveL%2CsidebarIconMarginRightL%2CsidebarIconTransitionL%2CsidebarIconSizeD%2CsidebarIconColorD%2CsidebarIconColorHoverD%2CsidebarIconColorActiveD%2CsidebarIconMarginRightD%2CsidebarIconTransitionD%2CsidebarGroupLabelColorL%2CsidebarGroupLabelFontSizeL%2CsidebarGroupLabelFontWeightL%2CsidebarGroupLabelTextTransformL%2CsidebarGroupLabelLetterSpacingL%2CsidebarGroupLabelPaddingL%2CsidebarGroupLabelMarginL%2CsidebarGroupLabelColorD%2CsidebarGroupLabelFontSizeD%2CsidebarGroupLabelFontWeightD%2CsidebarGroupLabelTextTransformD%2CsidebarGroupLabelLetterSpacingD%2CsidebarGroupLabelPaddingD%2CsidebarGroupLabelMarginD 200 in 1283ms
 GET /api/realtime/notifications?limit=50 200 in 673ms
 GET /api/settings/system-settings?keys=appName%2CappLogoDataUrl%2CappFaviconDataUrl%2CorganizationLogoDataUrl%2CappThemePreference%2CshowLogoOnly%2CsidebarLogoSize%2CsidebarLogoCollapsedLightMode%2CsidebarLogoExpandedLightMode%2CsidebarLogoCollapsedDarkMode%2CsidebarLogoExpandedDarkMode%2CloginPageLogoLightMode%2CloginPageLogoDarkMode%2CsplashBackgroundColor%2CsplashLogoDataUrl%2CsplashAnimationType%2CpwaEnabled%2CpwaThemeColor%2CpwaBackgroundColor%2CpwaAppleMobileWebAppTitle%2CpwaAppleMobileWebAppStatusBarStyle%2CrightClickProtectionEnabled%2CscreenCaptureProtectionEnabled 200 in 1543ms
 GET /api/user-preferences 200 in 649ms
 GET /api/settings/system-settings?keys=jobMatchFeatureEnabled 200 in 533ms
 GET /api/settings/position-levels 200 in 711ms
 GET /api/settings/system-settings?keys=defaultMatchCriteria 200 in 518ms
 GET /api/settings/system-settings?keys=jobMatchFeatureEnabled 200 in 612ms
 GET /api/users?role=Hiring%20Manager&pageSize=100 200 in 1142ms
 GET /api/user-preferences 200 in 1126ms
 GET /api/settings/position-levels 200 in 744ms
 GET /api/settings/system-settings?keys=defaultMatchCriteria 200 in 564ms
 GET /api/settings/system-settings?keys=jobMatchFeatureEnabled 200 in 545ms
 GET /api/users?role=Hiring%20Manager&pageSize=100 200 in 884ms
 GET /api/user-preferences 200 in 1037ms
 GET /api/settings/position-levels 200 in 1066ms
 GET /api/settings/system-settings?keys=defaultMatchCriteria 200 in 619ms
 GET /api/settings/system-settings?keys=jobMatchFeatureEnabled 200 in 667ms
 GET /api/user-preferences 200 in 902ms
 GET /api/positions/all 200 in 685ms
 GET /api/positions?limit=20&offset=0&includeStats=true&includeapplicantStats=true&includeHeadcount=true 200 in 1400ms
 GET /api/settings/grades 200 in 615ms
 GET /api/settings/position-levels 200 in 680ms
 GET /api/settings/system-settings?keys=defaultMatchCriteria 200 in 522ms
 GET /api/users/recruiter-headcount-stats 200 in 1691ms
 GET /api/settings/system-settings?keys=jobMatchFeatureEnabled 200 in 597ms
 GET /api/settings/position-levels 200 in 724ms
 GET /api/settings/system-settings?keys=jobMatchFeatureEnabled 200 in 453ms
 GET /api/settings/position-levels 200 in 678ms
 GET /settings?adminTab=hr-setup 200 in 204ms
 GET /positions?adminCenterEmbed=1 200 in 916ms
 GET /api/auth/session 200 in 1961ms
 GET /api/user-preferences 200 in 2201ms
 GET /api/settings/system-settings?keys=appLogoDataUrl%2CappName%2CshowLogoOnly%2CsidebarLogoSize%2CcollapsedSidebarLogoSize%2CsidebarLogoCollapsedLightMode%2CsidebarLogoExpandedLightMode%2CsidebarLogoCollapsedDarkMode%2CsidebarLogoExpandedDarkMode%2CthemePreference%2CprimaryGradient%2CprimaryButtonShadowL%2CprimaryButtonShadowHoverL%2CprimaryButtonShadowD%2CprimaryButtonShadowHoverD%2CsidebarBackgroundType%2CsidebarBackgroundImageUrl%2CsidebarBackgroundImageFit%2CsidebarBackgroundImagePosition%2CsidebarNavigationMode%2CsidebarSecondaryGroupLabels%2CsidebarBgStartL%2CsidebarBgEndL%2CsidebarTextL%2CsidebarActiveBgStartL%2CsidebarActiveBgEndL%2CsidebarActiveTextL%2CsidebarHoverBgL%2CsidebarHoverTextL%2CsidebarBorderL%2CbuttonTextColorL%2CbuttonTextColorD%2CsidebarBgStartD%2CsidebarBgEndD%2CsidebarTextD%2CsidebarActiveBgStartD%2CsidebarActiveBgEndD%2CsidebarActiveTextD%2CsidebarHoverBgD%2CsidebarHoverTextD%2CsidebarBorderD%2CsidebarFontFamilyL%2CsidebarFontSizeL%2CsidebarFontWeightL%2CsidebarLineHeightL%2CsidebarLetterSpacingL%2CsidebarTextTransformL%2CsidebarFontFamilyD%2CsidebarFontSizeD%2CsidebarFontWeightD%2CsidebarLineHeightD%2CsidebarLetterSpacingD%2CsidebarTextTransformD%2CsidebarBorderWidthL%2CsidebarBorderStyleL%2CsidebarBorderRadiusL%2CsidebarShadowL%2CsidebarShadowHoverL%2CsidebarShadowActiveL%2CsidebarBorderWidthD%2CsidebarBorderStyleD%2CsidebarBorderRadiusD%2CsidebarShadowD%2CsidebarShadowHoverD%2CsidebarShadowActiveD%2CsidebarPaddingXL%2CsidebarPaddingYL%2CsidebarMarginL%2CsidebarGapL%2CsidebarWidthL%2CsidebarWidthCollapsedL%2CsidebarTransitionDurationL%2CsidebarTransitionTimingL%2CsidebarPaddingXD%2CsidebarPaddingYD%2CsidebarMarginD%2CsidebarGapD%2CsidebarWidthD%2CsidebarWidthCollapsedD%2CsidebarTransitionDurationD%2CsidebarTransitionTimingD%2CsidebarMenuItemBgL%2CsidebarMenuItemBgHoverL%2CsidebarMenuItemBgActiveL%2CsidebarMenuItemColorL%2CsidebarMenuItemColorHoverL%2CsidebarMenuItemColorActiveL%2CsidebarMenuItemBorderL%2CsidebarMenuItemBorderHoverL%2CsidebarMenuItemBorderActiveL%2CsidebarMenuItemBorderRadiusL%2CsidebarMenuItemPaddingXL%2CsidebarMenuItemPaddingYL%2CsidebarMenuItemMarginL%2CsidebarMenuItemFontWeightL%2CsidebarMenuItemFontWeightActiveL%2CsidebarMenuItemFontSizeL%2CsidebarMenuItemLineHeightL%2CsidebarMenuItemTransitionL%2CsidebarMenuItemBgD%2CsidebarMenuItemBgHoverD%2CsidebarMenuItemBgActiveD%2CsidebarMenuItemColorD%2CsidebarMenuItemColorHoverD%2CsidebarMenuItemColorActiveD%2CsidebarMenuItemBorderD%2CsidebarMenuItemBorderHoverD%2CsidebarMenuItemBorderActiveD%2CsidebarMenuItemBorderRadiusD%2CsidebarMenuItemPaddingXD%2CsidebarMenuItemPaddingYD%2CsidebarMenuItemMarginD%2CsidebarMenuItemFontWeightD%2CsidebarMenuItemFontWeightActiveD%2CsidebarMenuItemFontSizeD%2CsidebarMenuItemLineHeightD%2CsidebarMenuItemTransitionD%2CsidebarIconSizeL%2CsidebarIconColorL%2CsidebarIconColorHoverL%2CsidebarIconColorActiveL%2CsidebarIconMarginRightL%2CsidebarIconTransitionL%2CsidebarIconSizeD%2CsidebarIconColorD%2CsidebarIconColorHoverD%2CsidebarIconColorActiveD%2CsidebarIconMarginRightD%2CsidebarIconTransitionD%2CsidebarGroupLabelColorL%2CsidebarGroupLabelFontSizeL%2CsidebarGroupLabelFontWeightL%2CsidebarGroupLabelTextTransformL%2CsidebarGroupLabelLetterSpacingL%2CsidebarGroupLabelPaddingL%2CsidebarGroupLabelMarginL%2CsidebarGroupLabelColorD%2CsidebarGroupLabelFontSizeD%2CsidebarGroupLabelFontWeightD%2CsidebarGroupLabelTextTransformD%2CsidebarGroupLabelLetterSpacingD%2CsidebarGroupLabelPaddingD%2CsidebarGroupLabelMarginD 200 in 2329ms
 GET /api/realtime/notifications?limit=50 200 in 607ms
 GET /settings?adminTab=hr-setup&setupView=map 200 in 160ms
 GET /api/settings/system-settings?keys=appName%2CappLogoDataUrl%2CappFaviconDataUrl%2CorganizationLogoDataUrl%2CappThemePreference%2CshowLogoOnly%2CsidebarLogoSize%2CsidebarLogoCollapsedLightMode%2CsidebarLogoExpandedLightMode%2CsidebarLogoCollapsedDarkMode%2CsidebarLogoExpandedDarkMode%2CloginPageLogoLightMode%2CloginPageLogoDarkMode%2CsplashBackgroundColor%2CsplashLogoDataUrl%2CsplashAnimationType%2CpwaEnabled%2CpwaThemeColor%2CpwaBackgroundColor%2CpwaAppleMobileWebAppTitle%2CpwaAppleMobileWebAppStatusBarStyle%2CrightClickProtectionEnabled%2CscreenCaptureProtectionEnabled 200 in 1345ms
 GET /api/sse 200 in 1103ms
 GET /settings?adminTab=hr-setup&setupView=map 200 in 153ms
 ✓ Compiled in 463ms
 GET /settings?adminTab=roles-permissions 200 in 162ms
 ✓ Compiled /api/settings/user-groups in 232ms
 GET /icon.png?icon.31d034ff.png 200 in 483ms
 GET /api/settings/user-groups 200 in 1372ms
 GET /api/settings/user-groups 200 in 629ms
 GET /settings?adminTab=roles-permissions 200 in 223ms
 GET /settings?adminTab=roles-permissions 200 in 164ms
 ○ Compiling /settings/document-templates ...
 GET /settings/document-templates 200 in 1146ms
 ✓ Compiled /settings/document-templates in 2s
 GET /audit-controls 200 in 1382ms
 ✓ Compiled /api/audit-governance in 263ms
 GET /api/settings/platform-setup/status 200 in 1913ms
 GET /api/broadcast/active 200 in 2083ms
 GET /api/settings/system-settings?keys=broadcastBannerActiveId,broadcastBannerOneTitle,broadcastBannerOneMessage,broadcastBannerOneTone,broadcastBannerTwoTitle,broadcastBannerTwoMessage,broadcastBannerTwoTone,broadcastBannerThreeTitle,broadcastBannerThreeMessage,broadcastBannerThreeTone 200 in 476ms
 GET /settings?adminTab=roles-permissions 200 in 158ms
 GET /api/audit-governance 200 in 2384ms
 GET /api/audit-governance 200 in 4431ms
 GET /api/settings/user-groups 200 in 619ms
 GET /api/broadcast/active 200 in 1157ms
 GET /api/settings/platform-setup/status 200 in 1118ms
 GET /api/settings/system-settings?keys=broadcastBannerActiveId,broadcastBannerOneTitle,broadcastBannerOneMessage,broadcastBannerOneTone,broadcastBannerTwoTitle,broadcastBannerTwoMessage,broadcastBannerTwoTone,broadcastBannerThreeTitle,broadcastBannerThreeMessage,broadcastBannerThreeTone 200 in 586ms
 GET /api/settings/user-groups 200 in 932ms
 ✓ Compiled in 482ms
 ○ Compiling /people/contracts ...
 ✓ Compiled /people/contracts in 2.5s
 GET /people/contracts?preview=contracts 200 in 3876ms
 GET /icon.png?icon.31d034ff.png 200 in 725ms
 GET /api/user-preferences 200 in 2961ms
 GET /api/auth/session 200 in 3438ms
 GET /api/settings/system-settings?keys=appLogoDataUrl%2CappName%2CshowLogoOnly%2CsidebarLogoSize%2CcollapsedSidebarLogoSize%2CsidebarLogoCollapsedLightMode%2CsidebarLogoExpandedLightMode%2CsidebarLogoCollapsedDarkMode%2CsidebarLogoExpandedDarkMode%2CthemePreference%2CprimaryGradient%2CprimaryButtonShadowL%2CprimaryButtonShadowHoverL%2CprimaryButtonShadowD%2CprimaryButtonShadowHoverD%2CsidebarBackgroundType%2CsidebarBackgroundImageUrl%2CsidebarBackgroundImageFit%2CsidebarBackgroundImagePosition%2CsidebarNavigationMode%2CsidebarSecondaryGroupLabels%2CsidebarBgStartL%2CsidebarBgEndL%2CsidebarTextL%2CsidebarActiveBgStartL%2CsidebarActiveBgEndL%2CsidebarActiveTextL%2CsidebarHoverBgL%2CsidebarHoverTextL%2CsidebarBorderL%2CbuttonTextColorL%2CbuttonTextColorD%2CsidebarBgStartD%2CsidebarBgEndD%2CsidebarTextD%2CsidebarActiveBgStartD%2CsidebarActiveBgEndD%2CsidebarActiveTextD%2CsidebarHoverBgD%2CsidebarHoverTextD%2CsidebarBorderD%2CsidebarFontFamilyL%2CsidebarFontSizeL%2CsidebarFontWeightL%2CsidebarLineHeightL%2CsidebarLetterSpacingL%2CsidebarTextTransformL%2CsidebarFontFamilyD%2CsidebarFontSizeD%2CsidebarFontWeightD%2CsidebarLineHeightD%2CsidebarLetterSpacingD%2CsidebarTextTransformD%2CsidebarBorderWidthL%2CsidebarBorderStyleL%2CsidebarBorderRadiusL%2CsidebarShadowL%2CsidebarShadowHoverL%2CsidebarShadowActiveL%2CsidebarBorderWidthD%2CsidebarBorderStyleD%2CsidebarBorderRadiusD%2CsidebarShadowD%2CsidebarShadowHoverD%2CsidebarShadowActiveD%2CsidebarPaddingXL%2CsidebarPaddingYL%2CsidebarMarginL%2CsidebarGapL%2CsidebarWidthL%2CsidebarWidthCollapsedL%2CsidebarTransitionDurationL%2CsidebarTransitionTimingL%2CsidebarPaddingXD%2CsidebarPaddingYD%2CsidebarMarginD%2CsidebarGapD%2CsidebarWidthD%2CsidebarWidthCollapsedD%2CsidebarTransitionDurationD%2CsidebarTransitionTimingD%2CsidebarMenuItemBgL%2CsidebarMenuItemBgHoverL%2CsidebarMenuItemBgActiveL%2CsidebarMenuItemColorL%2CsidebarMenuItemColorHoverL%2CsidebarMenuItemColorActiveL%2CsidebarMenuItemBorderL%2CsidebarMenuItemBorderHoverL%2CsidebarMenuItemBorderActiveL%2CsidebarMenuItemBorderRadiusL%2CsidebarMenuItemPaddingXL%2CsidebarMenuItemPaddingYL%2CsidebarMenuItemMarginL%2CsidebarMenuItemFontWeightL%2CsidebarMenuItemFontWeightActiveL%2CsidebarMenuItemFontSizeL%2CsidebarMenuItemLineHeightL%2CsidebarMenuItemTransitionL%2CsidebarMenuItemBgD%2CsidebarMenuItemBgHoverD%2CsidebarMenuItemBgActiveD%2CsidebarMenuItemColorD%2CsidebarMenuItemColorHoverD%2CsidebarMenuItemColorActiveD%2CsidebarMenuItemBorderD%2CsidebarMenuItemBorderHoverD%2CsidebarMenuItemBorderActiveD%2CsidebarMenuItemBorderRadiusD%2CsidebarMenuItemPaddingXD%2CsidebarMenuItemPaddingYD%2CsidebarMenuItemMarginD%2CsidebarMenuItemFontWeightD%2CsidebarMenuItemFontWeightActiveD%2CsidebarMenuItemFontSizeD%2CsidebarMenuItemLineHeightD%2CsidebarMenuItemTransitionD%2CsidebarIconSizeL%2CsidebarIconColorL%2CsidebarIconColorHoverL%2CsidebarIconColorActiveL%2CsidebarIconMarginRightL%2CsidebarIconTransitionL%2CsidebarIconSizeD%2CsidebarIconColorD%2CsidebarIconColorHoverD%2CsidebarIconColorActiveD%2CsidebarIconMarginRightD%2CsidebarIconTransitionD%2CsidebarGroupLabelColorL%2CsidebarGroupLabelFontSizeL%2CsidebarGroupLabelFontWeightL%2CsidebarGroupLabelTextTransformL%2CsidebarGroupLabelLetterSpacingL%2CsidebarGroupLabelPaddingL%2CsidebarGroupLabelMarginL%2CsidebarGroupLabelColorD%2CsidebarGroupLabelFontSizeD%2CsidebarGroupLabelFontWeightD%2CsidebarGroupLabelTextTransformD%2CsidebarGroupLabelLetterSpacingD%2CsidebarGroupLabelPaddingD%2CsidebarGroupLabelMarginD 200 in 1682ms
 GET /api/settings/system-settings?keys=appName%2CappLogoDataUrl%2CappFaviconDataUrl%2CorganizationLogoDataUrl%2CappThemePreference%2CshowLogoOnly%2CsidebarLogoSize%2CsidebarLogoCollapsedLightMode%2CsidebarLogoExpandedLightMode%2CsidebarLogoCollapsedDarkMode%2CsidebarLogoExpandedDarkMode%2CloginPageLogoLightMode%2CloginPageLogoDarkMode%2CsplashBackgroundColor%2CsplashLogoDataUrl%2CsplashAnimationType%2CpwaEnabled%2CpwaThemeColor%2CpwaBackgroundColor%2CpwaAppleMobileWebAppTitle%2CpwaAppleMobileWebAppStatusBarStyle%2CrightClickProtectionEnabled%2CscreenCaptureProtectionEnabled 200 in 1273ms
 GET /api/broadcast/active 200 in 917ms
 GET /api/upload-queue/health 200 in 595ms
 GET /api/settings/platform-setup/status 200 in 753ms
 GET /api/realtime/notifications?limit=50 200 in 1793ms
 GET /api/privacy-support/categories 200 in 2811ms
 GET /api/privacy-support/categories 200 in 854ms
 GET /api/broadcast/active 200 in 961ms
 GET /api/settings/system-settings?keys=drawerStyle 200 in 489ms
 GET /api/settings/platform-setup/status 200 in 884ms
 GET /api/user-preferences 200 in 511ms
 GET /api/broadcast/active 200 in 888ms
 GET /api/settings/system-settings?keys=broadcastBannerActiveId,broadcastBannerOneTitle,broadcastBannerOneMessage,broadcastBannerOneTone,broadcastBannerTwoTitle,broadcastBannerTwoMessage,broadcastBannerTwoTone,broadcastBannerThreeTitle,broadcastBannerThreeMessage,broadcastBannerThreeTone 200 in 516ms
 GET /api/broadcast/active 200 in 947ms
 GET /api/upload-queue/health 200 in 714ms
 GET /api/settings/system-settings?keys=drawerStyle 200 in 594ms
 GET /api/user-preferences 200 in 700ms
 GET /api/settings/system-settings?keys=broadcastBannerActiveId,broadcastBannerOneTitle,broadcastBannerOneMessage,broadcastBannerOneTone,broadcastBannerTwoTitle,broadcastBannerTwoMessage,broadcastBannerTwoTone,broadcastBannerThreeTitle,broadcastBannerThreeMessage,broadcastBannerThreeTone 200 in 492ms
 GET /api/broadcast/active 200 in 1568ms
 GET /api/settings/system-settings?keys=drawerStyle 200 in 509ms
 GET /api/user-preferences 200 in 542ms
 ○ Compiling /service-desk ...
 GET /api/settings/system-settings?keys=broadcastBannerActiveId,broadcastBannerOneTitle,broadcastBannerOneMessage,broadcastBannerOneTone,broadcastBannerTwoTitle,broadcastBannerTwoMessage,broadcastBannerTwoTone,broadcastBannerThreeTitle,broadcastBannerThreeMessage,broadcastBannerThreeTone 200 in 470ms
 GET /api/settings/system-settings?keys=drawerStyle 200 in 574ms
 ✓ Compiled /service-desk in 1508ms
 GET /service-desk 200 in 1724ms
 GET /api/settings/system-settings?keys=broadcastBannerActiveId,broadcastBannerOneTitle,broadcastBannerOneMessage,broadcastBannerOneTone,broadcastBannerTwoTitle,broadcastBannerTwoMessage,broadcastBannerTwoTone,broadcastBannerThreeTitle,broadcastBannerThreeMessage,broadcastBannerThreeTone 200 in 549ms
 GET /api/settings/system-settings?keys=drawerStyle 200 in 574ms
 GET /api/broadcast/active 200 in 913ms
 GET /api/settings/platform-setup/status 200 in 766ms
 GET /icon.png?icon.31d034ff.png 200 in 354ms
 GET /api/settings/system-settings?keys=drawerStyle 200 in 680ms
 GET /api/settings/system-settings?keys=broadcastBannerActiveId,broadcastBannerOneTitle,broadcastBannerOneMessage,broadcastBannerOneTone,broadcastBannerTwoTitle,broadcastBannerTwoMessage,broadcastBannerTwoTone,broadcastBannerThreeTitle,broadcastBannerThreeMessage,broadcastBannerThreeTone 200 in 736ms
 GET /api/settings/system-settings?keys=broadcastBannerActiveId,broadcastBannerOneTitle,broadcastBannerOneMessage,broadcastBannerOneTone,broadcastBannerTwoTitle,broadcastBannerTwoMessage,broadcastBannerTwoTone,broadcastBannerThreeTitle,broadcastBannerThreeMessage,broadcastBannerThreeTone 200 in 559ms
 GET /api/privacy-support/categories 200 in 866ms
 ○ Compiling /api/privacy-support/admin/requests ...
 ✓ Compiled /api/privacy-support/admin/requests in 525ms
 GET /api/privacy-support/categories 200 in 1136ms
 GET /api/privacy-support/admin/requests 200 in 1476ms
 ○ Compiling /people/offboarding ...
 ✓ Compiled /people/offboarding in 1180ms
 GET /people/offboarding 200 in 1835ms
 GET /icon.png?icon.31d034ff.png 200 in 399ms
 GET /api/broadcast/active 200 in 1364ms
 GET /api/settings/system-settings?keys=broadcastBannerActiveId,broadcastBannerOneTitle,broadcastBannerOneMessage,broadcastBannerOneTone,broadcastBannerTwoTitle,broadcastBannerTwoMessage,broadcastBannerTwoTone,broadcastBannerThreeTitle,broadcastBannerThreeMessage,broadcastBannerThreeTone 200 in 453ms
 GET /api/settings/platform-setup/status 200 in 1235ms
 ○ Compiling /api/hr/v1/[resource] ...
 ✓ Compiled /api/hr/v1/[resource] in 525ms
 GET /api/hr/employees 200 in 1615ms
 GET /api/settings/system-settings?keys=drawerStyle 200 in 453ms
 GET /api/hr/v1/exits?pageSize=100 200 in 2289ms
 ✓ Compiled /api/settings/dropdown-options in 260ms
 GET /api/settings/dropdown-options?key=offboarding_exit_types 200 in 1042ms
 GET /api/hr/v1/exits?pageSize=100 200 in 1454ms
 GET /api/hr/employees 200 in 882ms
 GET /api/settings/system-settings?keys=drawerStyle 200 in 520ms
 ✓ Compiled /api/hr/employee-options in 149ms
 GET /api/sse 200 in 205866ms
 GET /api/sse 200 in 228717ms
 GET /settings?adminTab=hr-setup&setupView=map 200 in 544ms
 GET /api/hr/employee-options 200 in 929ms
 GET /api/settings/dropdown-options?key=offboarding_exit_types 200 in 696ms
 GET /api/auth/session 200 in 708ms
 GET /api/settings/system-settings?keys=appLogoDataUrl%2CappName%2CshowLogoOnly%2CsidebarLogoSize%2CcollapsedSidebarLogoSize%2CsidebarLogoCollapsedLightMode%2CsidebarLogoExpandedLightMode%2CsidebarLogoCollapsedDarkMode%2CsidebarLogoExpandedDarkMode%2CthemePreference%2CprimaryGradient%2CprimaryButtonShadowL%2CprimaryButtonShadowHoverL%2CprimaryButtonShadowD%2CprimaryButtonShadowHoverD%2CsidebarBackgroundType%2CsidebarBackgroundImageUrl%2CsidebarBackgroundImageFit%2CsidebarBackgroundImagePosition%2CsidebarNavigationMode%2CsidebarSecondaryGroupLabels%2CsidebarBgStartL%2CsidebarBgEndL%2CsidebarTextL%2CsidebarActiveBgStartL%2CsidebarActiveBgEndL%2CsidebarActiveTextL%2CsidebarHoverBgL%2CsidebarHoverTextL%2CsidebarBorderL%2CbuttonTextColorL%2CbuttonTextColorD%2CsidebarBgStartD%2CsidebarBgEndD%2CsidebarTextD%2CsidebarActiveBgStartD%2CsidebarActiveBgEndD%2CsidebarActiveTextD%2CsidebarHoverBgD%2CsidebarHoverTextD%2CsidebarBorderD%2CsidebarFontFamilyL%2CsidebarFontSizeL%2CsidebarFontWeightL%2CsidebarLineHeightL%2CsidebarLetterSpacingL%2CsidebarTextTransformL%2CsidebarFontFamilyD%2CsidebarFontSizeD%2CsidebarFontWeightD%2CsidebarLineHeightD%2CsidebarLetterSpacingD%2CsidebarTextTransformD%2CsidebarBorderWidthL%2CsidebarBorderStyleL%2CsidebarBorderRadiusL%2CsidebarShadowL%2CsidebarShadowHoverL%2CsidebarShadowActiveL%2CsidebarBorderWidthD%2CsidebarBorderStyleD%2CsidebarBorderRadiusD%2CsidebarShadowD%2CsidebarShadowHoverD%2CsidebarShadowActiveD%2CsidebarPaddingXL%2CsidebarPaddingYL%2CsidebarMarginL%2CsidebarGapL%2CsidebarWidthL%2CsidebarWidthCollapsedL%2CsidebarTransitionDurationL%2CsidebarTransitionTimingL%2CsidebarPaddingXD%2CsidebarPaddingYD%2CsidebarMarginD%2CsidebarGapD%2CsidebarWidthD%2CsidebarWidthCollapsedD%2CsidebarTransitionDurationD%2CsidebarTransitionTimingD%2CsidebarMenuItemBgL%2CsidebarMenuItemBgHoverL%2CsidebarMenuItemBgActiveL%2CsidebarMenuItemColorL%2CsidebarMenuItemColorHoverL%2CsidebarMenuItemColorActiveL%2CsidebarMenuItemBorderL%2CsidebarMenuItemBorderHoverL%2CsidebarMenuItemBorderActiveL%2CsidebarMenuItemBorderRadiusL%2CsidebarMenuItemPaddingXL%2CsidebarMenuItemPaddingYL%2CsidebarMenuItemMarginL%2CsidebarMenuItemFontWeightL%2CsidebarMenuItemFontWeightActiveL%2CsidebarMenuItemFontSizeL%2CsidebarMenuItemLineHeightL%2CsidebarMenuItemTransitionL%2CsidebarMenuItemBgD%2CsidebarMenuItemBgHoverD%2CsidebarMenuItemBgActiveD%2CsidebarMenuItemColorD%2CsidebarMenuItemColorHoverD%2CsidebarMenuItemColorActiveD%2CsidebarMenuItemBorderD%2CsidebarMenuItemBorderHoverD%2CsidebarMenuItemBorderActiveD%2CsidebarMenuItemBorderRadiusD%2CsidebarMenuItemPaddingXD%2CsidebarMenuItemPaddingYD%2CsidebarMenuItemMarginD%2CsidebarMenuItemFontWeightD%2CsidebarMenuItemFontWeightActiveD%2CsidebarMenuItemFontSizeD%2CsidebarMenuItemLineHeightD%2CsidebarMenuItemTransitionD%2CsidebarIconSizeL%2CsidebarIconColorL%2CsidebarIconColorHoverL%2CsidebarIconColorActiveL%2CsidebarIconMarginRightL%2CsidebarIconTransitionL%2CsidebarIconSizeD%2CsidebarIconColorD%2CsidebarIconColorHoverD%2CsidebarIconColorActiveD%2CsidebarIconMarginRightD%2CsidebarIconTransitionD%2CsidebarGroupLabelColorL%2CsidebarGroupLabelFontSizeL%2CsidebarGroupLabelFontWeightL%2CsidebarGroupLabelTextTransformL%2CsidebarGroupLabelLetterSpacingL%2CsidebarGroupLabelPaddingL%2CsidebarGroupLabelMarginL%2CsidebarGroupLabelColorD%2CsidebarGroupLabelFontSizeD%2CsidebarGroupLabelFontWeightD%2CsidebarGroupLabelTextTransformD%2CsidebarGroupLabelLetterSpacingD%2CsidebarGroupLabelPaddingD%2CsidebarGroupLabelMarginD 200 in 650ms
 GET /api/user-preferences 200 in 966ms
 GET /api/settings/system-settings?keys=appName%2CappLogoDataUrl%2CappFaviconDataUrl%2CorganizationLogoDataUrl%2CappThemePreference%2CshowLogoOnly%2CsidebarLogoSize%2CsidebarLogoCollapsedLightMode%2CsidebarLogoExpandedLightMode%2CsidebarLogoCollapsedDarkMode%2CsidebarLogoExpandedDarkMode%2CloginPageLogoLightMode%2CloginPageLogoDarkMode%2CsplashBackgroundColor%2CsplashLogoDataUrl%2CsplashAnimationType%2CpwaEnabled%2CpwaThemeColor%2CpwaBackgroundColor%2CpwaAppleMobileWebAppTitle%2CpwaAppleMobileWebAppStatusBarStyle%2CrightClickProtectionEnabled%2CscreenCaptureProtectionEnabled 200 in 1075ms
 GET /api/upload-queue/health 200 in 739ms
 GET /api/broadcast/active 200 in 1001ms
 GET /api/privacy-support/categories 200 in 985ms
 GET /api/realtime/notifications?limit=50 200 in 511ms
 GET /api/settings/platform-setup/status 200 in 753ms
 GET /api/privacy-support/categories 200 in 955ms
 GET /api/broadcast/active 200 in 1059ms
 GET /api/settings/platform-setup/status 200 in 1239ms
 GET /api/settings/system-settings?keys=drawerStyle 200 in 530ms
 GET /api/broadcast/active 200 in 933ms
 GET /api/settings/platform-setup/status 200 in 815ms
 GET /api/settings/platform-setup/status 200 in 802ms
 GET /api/user-preferences 200 in 548ms
 GET /api/upload-queue/health 200 in 591ms
 GET /api/settings/system-settings?keys=broadcastBannerActiveId,broadcastBannerOneTitle,broadcastBannerOneMessage,broadcastBannerOneTone,broadcastBannerTwoTitle,broadcastBannerTwoMessage,broadcastBannerTwoTone,broadcastBannerThreeTitle,broadcastBannerThreeMessage,broadcastBannerThreeTone 200 in 497ms
 GET /api/broadcast/active 200 in 975ms
 GET /api/settings/system-settings?keys=drawerStyle 200 in 971ms
 GET /api/user-preferences 200 in 1237ms
 GET /api/settings/system-settings?keys=broadcastBannerActiveId,broadcastBannerOneTitle,broadcastBannerOneMessage,broadcastBannerOneTone,broadcastBannerTwoTitle,broadcastBannerTwoMessage,broadcastBannerTwoTone,broadcastBannerThreeTitle,broadcastBannerThreeMessage,broadcastBannerThreeTone 200 in 424ms
 GET /api/broadcast/active 200 in 1550ms
 GET /api/settings/system-settings?keys=broadcastBannerActiveId,broadcastBannerOneTitle,broadcastBannerOneMessage,broadcastBannerOneTone,broadcastBannerTwoTitle,broadcastBannerTwoMessage,broadcastBannerTwoTone,broadcastBannerThreeTitle,broadcastBannerThreeMessage,broadcastBannerThreeTone 200 in 435ms
 GET /api/user-preferences 200 in 557ms
 GET /api/settings/system-settings?keys=broadcastBannerActiveId,broadcastBannerOneTitle,broadcastBannerOneMessage,broadcastBannerOneTone,broadcastBannerTwoTitle,broadcastBannerTwoMessage,broadcastBannerTwoTone,broadcastBannerThreeTitle,broadcastBannerThreeMessage,broadcastBannerThreeTone 200 in 434ms
 GET /api/settings/system-settings?keys=broadcastBannerActiveId,broadcastBannerOneTitle,broadcastBannerOneMessage,broadcastBannerOneTone,broadcastBannerTwoTitle,broadcastBannerTwoMessage,broadcastBannerTwoTone,broadcastBannerThreeTitle,broadcastBannerThreeMessage,broadcastBannerThreeTone 200 in 651ms
prisma:error 
Invalid `prisma.$queryRawUnsafe()` invocation:


Raw query failed. Code: `42804`. Message: `ERROR: column "employee_id" is of type uuid but expression is of type text
HINT: You will need to rewrite or cast the expression.`
 POST /api/hr/v1/exits 500 in 900ms
 GET /api/settings/system-settings?keys=drawerStyle 200 in 1558ms
 GET /api/upload-queue/health 200 in 1752ms
 GET /api/settings/system-settings?keys=drawerStyle 200 in 509ms
 GET /api/upload-queue/health 200 in 681ms
 ○ Compiling /settings ...
 ✓ Compiled in 2.1s
 ✓ Compiled /settings in 856ms
 GET /people/offboarding 200 in 1706ms
 GET /settings?adminTab=roles-permissions 200 in 1665ms
 GET /settings?adminTab=hr-setup&setupView=map 200 in 1829ms
 GET /api/sse 200 in 356949ms
 GET /api/sse 200 in 96709ms
 GET /api/sse 200 in 57356ms
 GET /settings?adminTab=roles-permissions 200 in 2297ms
 GET /people/offboarding 200 in 2216ms
 GET /settings?adminTab=hr-setup&setupView=map 200 in 2231ms
 GET /icon.png?icon.31d034ff.png 200 in 987ms
 GET /api/settings/system-settings?keys=appLogoDataUrl%2CappName%2CshowLogoOnly%2CsidebarLogoSize%2CcollapsedSidebarLogoSize%2CsidebarLogoCollapsedLightMode%2CsidebarLogoExpandedLightMode%2CsidebarLogoCollapsedDarkMode%2CsidebarLogoExpandedDarkMode%2CthemePreference%2CprimaryGradient%2CprimaryButtonShadowL%2CprimaryButtonShadowHoverL%2CprimaryButtonShadowD%2CprimaryButtonShadowHoverD%2CsidebarBackgroundType%2CsidebarBackgroundImageUrl%2CsidebarBackgroundImageFit%2CsidebarBackgroundImagePosition%2CsidebarNavigationMode%2CsidebarSecondaryGroupLabels%2CsidebarBgStartL%2CsidebarBgEndL%2CsidebarTextL%2CsidebarActiveBgStartL%2CsidebarActiveBgEndL%2CsidebarActiveTextL%2CsidebarHoverBgL%2CsidebarHoverTextL%2CsidebarBorderL%2CbuttonTextColorL%2CbuttonTextColorD%2CsidebarBgStartD%2CsidebarBgEndD%2CsidebarTextD%2CsidebarActiveBgStartD%2CsidebarActiveBgEndD%2CsidebarActiveTextD%2CsidebarHoverBgD%2CsidebarHoverTextD%2CsidebarBorderD%2CsidebarFontFamilyL%2CsidebarFontSizeL%2CsidebarFontWeightL%2CsidebarLineHeightL%2CsidebarLetterSpacingL%2CsidebarTextTransformL%2CsidebarFontFamilyD%2CsidebarFontSizeD%2CsidebarFontWeightD%2CsidebarLineHeightD%2CsidebarLetterSpacingD%2CsidebarTextTransformD%2CsidebarBorderWidthL%2CsidebarBorderStyleL%2CsidebarBorderRadiusL%2CsidebarShadowL%2CsidebarShadowHoverL%2CsidebarShadowActiveL%2CsidebarBorderWidthD%2CsidebarBorderStyleD%2CsidebarBorderRadiusD%2CsidebarShadowD%2CsidebarShadowHoverD%2CsidebarShadowActiveD%2CsidebarPaddingXL%2CsidebarPaddingYL%2CsidebarMarginL%2CsidebarGapL%2CsidebarWidthL%2CsidebarWidthCollapsedL%2CsidebarTransitionDurationL%2CsidebarTransitionTimingL%2CsidebarPaddingXD%2CsidebarPaddingYD%2CsidebarMarginD%2CsidebarGapD%2CsidebarWidthD%2CsidebarWidthCollapsedD%2CsidebarTransitionDurationD%2CsidebarTransitionTimingD%2CsidebarMenuItemBgL%2CsidebarMenuItemBgHoverL%2CsidebarMenuItemBgActiveL%2CsidebarMenuItemColorL%2CsidebarMenuItemColorHoverL%2CsidebarMenuItemColorActiveL%2CsidebarMenuItemBorderL%2CsidebarMenuItemBorderHoverL%2CsidebarMenuItemBorderActiveL%2CsidebarMenuItemBorderRadiusL%2CsidebarMenuItemPaddingXL%2CsidebarMenuItemPaddingYL%2CsidebarMenuItemMarginL%2CsidebarMenuItemFontWeightL%2CsidebarMenuItemFontWeightActiveL%2CsidebarMenuItemFontSizeL%2CsidebarMenuItemLineHeightL%2CsidebarMenuItemTransitionL%2CsidebarMenuItemBgD%2CsidebarMenuItemBgHoverD%2CsidebarMenuItemBgActiveD%2CsidebarMenuItemColorD%2CsidebarMenuItemColorHoverD%2CsidebarMenuItemColorActiveD%2CsidebarMenuItemBorderD%2CsidebarMenuItemBorderHoverD%2CsidebarMenuItemBorderActiveD%2CsidebarMenuItemBorderRadiusD%2CsidebarMenuItemPaddingXD%2CsidebarMenuItemPaddingYD%2CsidebarMenuItemMarginD%2CsidebarMenuItemFontWeightD%2CsidebarMenuItemFontWeightActiveD%2CsidebarMenuItemFontSizeD%2CsidebarMenuItemLineHeightD%2CsidebarMenuItemTransitionD%2CsidebarIconSizeL%2CsidebarIconColorL%2CsidebarIconColorHoverL%2CsidebarIconColorActiveL%2CsidebarIconMarginRightL%2CsidebarIconTransitionL%2CsidebarIconSizeD%2CsidebarIconColorD%2CsidebarIconColorHoverD%2CsidebarIconColorActiveD%2CsidebarIconMarginRightD%2CsidebarIconTransitionD%2CsidebarGroupLabelColorL%2CsidebarGroupLabelFontSizeL%2CsidebarGroupLabelFontWeightL%2CsidebarGroupLabelTextTransformL%2CsidebarGroupLabelLetterSpacingL%2CsidebarGroupLabelPaddingL%2CsidebarGroupLabelMarginL%2CsidebarGroupLabelColorD%2CsidebarGroupLabelFontSizeD%2CsidebarGroupLabelFontWeightD%2CsidebarGroupLabelTextTransformD%2CsidebarGroupLabelLetterSpacingD%2CsidebarGroupLabelPaddingD%2CsidebarGroupLabelMarginD 200 in 1465ms
 GET /api/auth/session 200 in 1418ms
 GET /api/settings/system-settings?keys=appLogoDataUrl%2CappName%2CshowLogoOnly%2CsidebarLogoSize%2CcollapsedSidebarLogoSize%2CsidebarLogoCollapsedLightMode%2CsidebarLogoExpandedLightMode%2CsidebarLogoCollapsedDarkMode%2CsidebarLogoExpandedDarkMode%2CthemePreference%2CprimaryGradient%2CprimaryButtonShadowL%2CprimaryButtonShadowHoverL%2CprimaryButtonShadowD%2CprimaryButtonShadowHoverD%2CsidebarBackgroundType%2CsidebarBackgroundImageUrl%2CsidebarBackgroundImageFit%2CsidebarBackgroundImagePosition%2CsidebarNavigationMode%2CsidebarSecondaryGroupLabels%2CsidebarBgStartL%2CsidebarBgEndL%2CsidebarTextL%2CsidebarActiveBgStartL%2CsidebarActiveBgEndL%2CsidebarActiveTextL%2CsidebarHoverBgL%2CsidebarHoverTextL%2CsidebarBorderL%2CbuttonTextColorL%2CbuttonTextColorD%2CsidebarBgStartD%2CsidebarBgEndD%2CsidebarTextD%2CsidebarActiveBgStartD%2CsidebarActiveBgEndD%2CsidebarActiveTextD%2CsidebarHoverBgD%2CsidebarHoverTextD%2CsidebarBorderD%2CsidebarFontFamilyL%2CsidebarFontSizeL%2CsidebarFontWeightL%2CsidebarLineHeightL%2CsidebarLetterSpacingL%2CsidebarTextTransformL%2CsidebarFontFamilyD%2CsidebarFontSizeD%2CsidebarFontWeightD%2CsidebarLineHeightD%2CsidebarLetterSpacingD%2CsidebarTextTransformD%2CsidebarBorderWidthL%2CsidebarBorderStyleL%2CsidebarBorderRadiusL%2CsidebarShadowL%2CsidebarShadowHoverL%2CsidebarShadowActiveL%2CsidebarBorderWidthD%2CsidebarBorderStyleD%2CsidebarBorderRadiusD%2CsidebarShadowD%2CsidebarShadowHoverD%2CsidebarShadowActiveD%2CsidebarPaddingXL%2CsidebarPaddingYL%2CsidebarMarginL%2CsidebarGapL%2CsidebarWidthL%2CsidebarWidthCollapsedL%2CsidebarTransitionDurationL%2CsidebarTransitionTimingL%2CsidebarPaddingXD%2CsidebarPaddingYD%2CsidebarMarginD%2CsidebarGapD%2CsidebarWidthD%2CsidebarWidthCollapsedD%2CsidebarTransitionDurationD%2CsidebarTransitionTimingD%2CsidebarMenuItemBgL%2CsidebarMenuItemBgHoverL%2CsidebarMenuItemBgActiveL%2CsidebarMenuItemColorL%2CsidebarMenuItemColorHoverL%2CsidebarMenuItemColorActiveL%2CsidebarMenuItemBorderL%2CsidebarMenuItemBorderHoverL%2CsidebarMenuItemBorderActiveL%2CsidebarMenuItemBorderRadiusL%2CsidebarMenuItemPaddingXL%2CsidebarMenuItemPaddingYL%2CsidebarMenuItemMarginL%2CsidebarMenuItemFontWeightL%2CsidebarMenuItemFontWeightActiveL%2CsidebarMenuItemFontSizeL%2CsidebarMenuItemLineHeightL%2CsidebarMenuItemTransitionL%2CsidebarMenuItemBgD%2CsidebarMenuItemBgHoverD%2CsidebarMenuItemBgActiveD%2CsidebarMenuItemColorD%2CsidebarMenuItemColorHoverD%2CsidebarMenuItemColorActiveD%2CsidebarMenuItemBorderD%2CsidebarMenuItemBorderHoverD%2CsidebarMenuItemBorderActiveD%2CsidebarMenuItemBorderRadiusD%2CsidebarMenuItemPaddingXD%2CsidebarMenuItemPaddingYD%2CsidebarMenuItemMarginD%2CsidebarMenuItemFontWeightD%2CsidebarMenuItemFontWeightActiveD%2CsidebarMenuItemFontSizeD%2CsidebarMenuItemLineHeightD%2CsidebarMenuItemTransitionD%2CsidebarIconSizeL%2CsidebarIconColorL%2CsidebarIconColorHoverL%2CsidebarIconColorActiveL%2CsidebarIconMarginRightL%2CsidebarIconTransitionL%2CsidebarIconSizeD%2CsidebarIconColorD%2CsidebarIconColorHoverD%2CsidebarIconColorActiveD%2CsidebarIconMarginRightD%2CsidebarIconTransitionD%2CsidebarGroupLabelColorL%2CsidebarGroupLabelFontSizeL%2CsidebarGroupLabelFontWeightL%2CsidebarGroupLabelTextTransformL%2CsidebarGroupLabelLetterSpacingL%2CsidebarGroupLabelPaddingL%2CsidebarGroupLabelMarginL%2CsidebarGroupLabelColorD%2CsidebarGroupLabelFontSizeD%2CsidebarGroupLabelFontWeightD%2CsidebarGroupLabelTextTransformD%2CsidebarGroupLabelLetterSpacingD%2CsidebarGroupLabelPaddingD%2CsidebarGroupLabelMarginD 200 in 480ms
 GET /api/user-preferences 200 in 1617ms
 GET /api/settings/system-settings?keys=appName%2CappLogoDataUrl%2CappFaviconDataUrl%2CorganizationLogoDataUrl%2CappThemePreference%2CshowLogoOnly%2CsidebarLogoSize%2CsidebarLogoCollapsedLightMode%2CsidebarLogoExpandedLightMode%2CsidebarLogoCollapsedDarkMode%2CsidebarLogoExpandedDarkMode%2CloginPageLogoLightMode%2CloginPageLogoDarkMode%2CsplashBackgroundColor%2CsplashLogoDataUrl%2CsplashAnimationType%2CpwaEnabled%2CpwaThemeColor%2CpwaBackgroundColor%2CpwaAppleMobileWebAppTitle%2CpwaAppleMobileWebAppStatusBarStyle%2CrightClickProtectionEnabled%2CscreenCaptureProtectionEnabled 200 in 2011ms
 GET /api/settings/system-settings?keys=appName%2CappLogoDataUrl%2CappFaviconDataUrl%2CorganizationLogoDataUrl%2CappThemePreference%2CshowLogoOnly%2CsidebarLogoSize%2CsidebarLogoCollapsedLightMode%2CsidebarLogoExpandedLightMode%2CsidebarLogoCollapsedDarkMode%2CsidebarLogoExpandedDarkMode%2CloginPageLogoLightMode%2CloginPageLogoDarkMode%2CsplashBackgroundColor%2CsplashLogoDataUrl%2CsplashAnimationType%2CpwaEnabled%2CpwaThemeColor%2CpwaBackgroundColor%2CpwaAppleMobileWebAppTitle%2CpwaAppleMobileWebAppStatusBarStyle%2CrightClickProtectionEnabled%2CscreenCaptureProtectionEnabled 200 in 983ms
 GET /api/upload-queue/health 200 in 1488ms
 GET /api/broadcast/active 200 in 1864ms
 GET /api/hr/v1/exits?pageSize=100 200 in 1714ms
 GET /api/hr/employees 200 in 1629ms
 GET /api/settings/system-settings?keys=drawerStyle 200 in 660ms
 GET /api/privacy-support/categories 200 in 1120ms
 GET /api/settings/dropdown-options?key=offboarding_exit_types 200 in 748ms
 GET /api/realtime/notifications?limit=50 200 in 915ms
 GET /api/settings/platform-setup/status 200 in 1142ms
 GET /api/broadcast/active 200 in 1320ms
 GET /api/hr/v1/exits?pageSize=100 200 in 1308ms
 GET /api/settings/system-settings?keys=appLogoDataUrl%2CappName%2CshowLogoOnly%2CsidebarLogoSize%2CcollapsedSidebarLogoSize%2CsidebarLogoCollapsedLightMode%2CsidebarLogoExpandedLightMode%2CsidebarLogoCollapsedDarkMode%2CsidebarLogoExpandedDarkMode%2CthemePreference%2CprimaryGradient%2CprimaryButtonShadowL%2CprimaryButtonShadowHoverL%2CprimaryButtonShadowD%2CprimaryButtonShadowHoverD%2CsidebarBackgroundType%2CsidebarBackgroundImageUrl%2CsidebarBackgroundImageFit%2CsidebarBackgroundImagePosition%2CsidebarNavigationMode%2CsidebarSecondaryGroupLabels%2CsidebarBgStartL%2CsidebarBgEndL%2CsidebarTextL%2CsidebarActiveBgStartL%2CsidebarActiveBgEndL%2CsidebarActiveTextL%2CsidebarHoverBgL%2CsidebarHoverTextL%2CsidebarBorderL%2CbuttonTextColorL%2CbuttonTextColorD%2CsidebarBgStartD%2CsidebarBgEndD%2CsidebarTextD%2CsidebarActiveBgStartD%2CsidebarActiveBgEndD%2CsidebarActiveTextD%2CsidebarHoverBgD%2CsidebarHoverTextD%2CsidebarBorderD%2CsidebarFontFamilyL%2CsidebarFontSizeL%2CsidebarFontWeightL%2CsidebarLineHeightL%2CsidebarLetterSpacingL%2CsidebarTextTransformL%2CsidebarFontFamilyD%2CsidebarFontSizeD%2CsidebarFontWeightD%2CsidebarLineHeightD%2CsidebarLetterSpacingD%2CsidebarTextTransformD%2CsidebarBorderWidthL%2CsidebarBorderStyleL%2CsidebarBorderRadiusL%2CsidebarShadowL%2CsidebarShadowHoverL%2CsidebarShadowActiveL%2CsidebarBorderWidthD%2CsidebarBorderStyleD%2CsidebarBorderRadiusD%2CsidebarShadowD%2CsidebarShadowHoverD%2CsidebarShadowActiveD%2CsidebarPaddingXL%2CsidebarPaddingYL%2CsidebarMarginL%2CsidebarGapL%2CsidebarWidthL%2CsidebarWidthCollapsedL%2CsidebarTransitionDurationL%2CsidebarTransitionTimingL%2CsidebarPaddingXD%2CsidebarPaddingYD%2CsidebarMarginD%2CsidebarGapD%2CsidebarWidthD%2CsidebarWidthCollapsedD%2CsidebarTransitionDurationD%2CsidebarTransitionTimingD%2CsidebarMenuItemBgL%2CsidebarMenuItemBgHoverL%2CsidebarMenuItemBgActiveL%2CsidebarMenuItemColorL%2CsidebarMenuItemColorHoverL%2CsidebarMenuItemColorActiveL%2CsidebarMenuItemBorderL%2CsidebarMenuItemBorderHoverL%2CsidebarMenuItemBorderActiveL%2CsidebarMenuItemBorderRadiusL%2CsidebarMenuItemPaddingXL%2CsidebarMenuItemPaddingYL%2CsidebarMenuItemMarginL%2CsidebarMenuItemFontWeightL%2CsidebarMenuItemFontWeightActiveL%2CsidebarMenuItemFontSizeL%2CsidebarMenuItemLineHeightL%2CsidebarMenuItemTransitionL%2CsidebarMenuItemBgD%2CsidebarMenuItemBgHoverD%2CsidebarMenuItemBgActiveD%2CsidebarMenuItemColorD%2CsidebarMenuItemColorHoverD%2CsidebarMenuItemColorActiveD%2CsidebarMenuItemBorderD%2CsidebarMenuItemBorderHoverD%2CsidebarMenuItemBorderActiveD%2CsidebarMenuItemBorderRadiusD%2CsidebarMenuItemPaddingXD%2CsidebarMenuItemPaddingYD%2CsidebarMenuItemMarginD%2CsidebarMenuItemFontWeightD%2CsidebarMenuItemFontWeightActiveD%2CsidebarMenuItemFontSizeD%2CsidebarMenuItemLineHeightD%2CsidebarMenuItemTransitionD%2CsidebarIconSizeL%2CsidebarIconColorL%2CsidebarIconColorHoverL%2CsidebarIconColorActiveL%2CsidebarIconMarginRightL%2CsidebarIconTransitionL%2CsidebarIconSizeD%2CsidebarIconColorD%2CsidebarIconColorHoverD%2CsidebarIconColorActiveD%2CsidebarIconMarginRightD%2CsidebarIconTransitionD%2CsidebarGroupLabelColorL%2CsidebarGroupLabelFontSizeL%2CsidebarGroupLabelFontWeightL%2CsidebarGroupLabelTextTransformL%2CsidebarGroupLabelLetterSpacingL%2CsidebarGroupLabelPaddingL%2CsidebarGroupLabelMarginL%2CsidebarGroupLabelColorD%2CsidebarGroupLabelFontSizeD%2CsidebarGroupLabelFontWeightD%2CsidebarGroupLabelTextTransformD%2CsidebarGroupLabelLetterSpacingD%2CsidebarGroupLabelPaddingD%2CsidebarGroupLabelMarginD 200 in 641ms
 GET /api/hr/employees 200 in 1900ms
 GET /api/settings/platform-setup/status 200 in 1637ms
 GET /api/settings/system-settings?keys=appName%2CappLogoDataUrl%2CappFaviconDataUrl%2CorganizationLogoDataUrl%2CappThemePreference%2CshowLogoOnly%2CsidebarLogoSize%2CsidebarLogoCollapsedLightMode%2CsidebarLogoExpandedLightMode%2CsidebarLogoCollapsedDarkMode%2CsidebarLogoExpandedDarkMode%2CloginPageLogoLightMode%2CloginPageLogoDarkMode%2CsplashBackgroundColor%2CsplashLogoDataUrl%2CsplashAnimationType%2CpwaEnabled%2CpwaThemeColor%2CpwaBackgroundColor%2CpwaAppleMobileWebAppTitle%2CpwaAppleMobileWebAppStatusBarStyle%2CrightClickProtectionEnabled%2CscreenCaptureProtectionEnabled 200 in 895ms
 GET /api/privacy-support/categories 200 in 2123ms
 GET /api/settings/platform-setup/status 200 in 933ms
 GET /api/privacy-support/categories 200 in 977ms
 GET /api/broadcast/active 200 in 1083ms
 GET /api/settings/platform-setup/status 200 in 868ms
 GET /api/privacy-support/categories 200 in 951ms
 GET /api/broadcast/active 200 in 1064ms
 GET /api/privacy-support/categories 200 in 941ms
 GET /api/settings/platform-setup/status 200 in 913ms
 GET /api/broadcast/active 200 in 1078ms
 GET /api/settings/platform-setup/status 200 in 1104ms
 GET /api/privacy-support/categories 200 in 1197ms
 GET /api/broadcast/active 200 in 1323ms
 GET /api/settings/platform-setup/status 200 in 811ms
 GET /api/broadcast/active 200 in 1003ms
 GET /api/broadcast/active 200 in 966ms
 GET /api/settings/user-groups 200 in 862ms
 GET /icon.png?icon.31d034ff.png 200 in 371ms
 GET /api/settings/platform-setup/status 200 in 1437ms
 GET /api/broadcast/active 200 in 1508ms
 GET /api/auth/session 200 in 478ms
 GET /api/user-preferences 200 in 531ms
 GET /api/upload-queue/health 200 in 570ms
 GET /api/settings/system-settings?keys=broadcastBannerActiveId,broadcastBannerOneTitle,broadcastBannerOneMessage,broadcastBannerOneTone,broadcastBannerTwoTitle,broadcastBannerTwoMessage,broadcastBannerTwoTone,broadcastBannerThreeTitle,broadcastBannerThreeMessage,broadcastBannerThreeTone 200 in 473ms
 GET /api/broadcast/active 200 in 897ms
 GET /api/settings/system-settings?keys=drawerStyle 200 in 572ms
 GET /api/settings/dropdown-options?key=offboarding_exit_types 200 in 834ms
 GET /api/realtime/notifications?limit=50 200 in 848ms
 GET /people/contracts 200 in 504ms
 GET /icon.png?icon.31d034ff.png 200 in 480ms
 ○ Compiling /people/probation ...
 GET /api/settings/user-groups 200 in 730ms
 ✓ Compiled /people/probation in 1046ms
 GET /api/user-preferences 200 in 703ms
 GET /people/probation 200 in 1360ms
 GET /api/broadcast/active 200 in 963ms
 GET /api/settings/system-settings?keys=broadcastBannerActiveId,broadcastBannerOneTitle,broadcastBannerOneMessage,broadcastBannerOneTone,broadcastBannerTwoTitle,broadcastBannerTwoMessage,broadcastBannerTwoTone,broadcastBannerThreeTitle,broadcastBannerThreeMessage,broadcastBannerThreeTone 200 in 603ms
 GET /api/upload-queue/health 200 in 910ms
 GET /api/settings/system-settings?keys=drawerStyle 200 in 571ms
 GET /api/realtime/notifications?limit=50 200 in 777ms
 GET /api/user-preferences 200 in 676ms
 GET /api/settings/system-settings?keys=broadcastBannerActiveId,broadcastBannerOneTitle,broadcastBannerOneMessage,broadcastBannerOneTone,broadcastBannerTwoTitle,broadcastBannerTwoMessage,broadcastBannerTwoTone,broadcastBannerThreeTitle,broadcastBannerThreeMessage,broadcastBannerThreeTone 200 in 507ms
 GET /api/broadcast/active 200 in 1005ms
 GET /api/upload-queue/health 200 in 825ms
 GET /api/settings/system-settings?keys=drawerStyle 200 in 656ms
 GET /api/user-preferences 200 in 728ms
 GET /api/settings/system-settings?keys=broadcastBannerActiveId,broadcastBannerOneTitle,broadcastBannerOneMessage,broadcastBannerOneTone,broadcastBannerTwoTitle,broadcastBannerTwoMessage,broadcastBannerTwoTone,broadcastBannerThreeTitle,broadcastBannerThreeMessage,broadcastBannerThreeTone 200 in 618ms
 GET /api/upload-queue/health 200 in 1118ms
 GET /api/settings/system-settings?keys=drawerStyle 200 in 659ms
 GET /api/broadcast/active 200 in 1602ms
 ○ Compiling /payroll/payslips ...
 GET /api/user-preferences 200 in 763ms
 GET /api/broadcast/active 200 in 1141ms
 GET /api/upload-queue/health 200 in 693ms
 ✓ Compiled /payroll/payslips in 1498ms
 GET /api/settings/system-settings?keys=drawerStyle 200 in 878ms
 GET /api/settings/system-settings?keys=broadcastBannerActiveId,broadcastBannerOneTitle,broadcastBannerOneMessage,broadcastBannerOneTone,broadcastBannerTwoTitle,broadcastBannerTwoMessage,broadcastBannerTwoTone,broadcastBannerThreeTitle,broadcastBannerThreeMessage,broadcastBannerThreeTone 200 in 1010ms
 GET /api/settings/system-settings?keys=drawerStyle 200 in 455ms
 GET /payroll/payslips?preview=1 200 in 2854ms
 GET /api/settings/system-settings?keys=drawerStyle 200 in 565ms
 GET /api/user-preferences 200 in 636ms
 GET /api/user-preferences 200 in 533ms
 GET /api/settings/system-settings?keys=broadcastBannerActiveId,broadcastBannerOneTitle,broadcastBannerOneMessage,broadcastBannerOneTone,broadcastBannerTwoTitle,broadcastBannerTwoMessage,broadcastBannerTwoTone,broadcastBannerThreeTitle,broadcastBannerThreeMessage,broadcastBannerThreeTone 200 in 479ms
 GET /api/broadcast/active 200 in 850ms
 GET /api/user-preferences 200 in 539ms
 GET /api/settings/system-settings?keys=broadcastBannerActiveId,broadcastBannerOneTitle,broadcastBannerOneMessage,broadcastBannerOneTone,broadcastBannerTwoTitle,broadcastBannerTwoMessage,broadcastBannerTwoTone,broadcastBannerThreeTitle,broadcastBannerThreeMessage,broadcastBannerThreeTone 200 in 445ms
 GET /api/user-preferences 200 in 615ms
 GET /api/settings/system-settings?keys=broadcastBannerActiveId,broadcastBannerOneTitle,broadcastBannerOneMessage,broadcastBannerOneTone,broadcastBannerTwoTitle,broadcastBannerTwoMessage,broadcastBannerTwoTone,broadcastBannerThreeTitle,broadcastBannerThreeMessage,broadcastBannerThreeTone 200 in 517ms
 ✓ Compiled /api/hr/probation in 153ms
 GET /api/settings/platform-setup/status 200 in 861ms
 GET /api/hr/probation 200 in 779ms
 GET /api/broadcast/active 200 in 1013ms
 GET /icon.png?icon.31d034ff.png 200 in 523ms
 GET /api/settings/system-settings?keys=broadcastBannerActiveId,broadcastBannerOneTitle,broadcastBannerOneMessage,broadcastBannerOneTone,broadcastBannerTwoTitle,broadcastBannerTwoMessage,broadcastBannerTwoTone,broadcastBannerThreeTitle,broadcastBannerThreeMessage,broadcastBannerThreeTone 200 in 579ms
 GET /api/user-preferences 200 in 736ms
 GET /api/hr/probation 200 in 647ms
 GET /api/settings/system-settings?keys=broadcastBannerActiveId,broadcastBannerOneTitle,broadcastBannerOneMessage,broadcastBannerOneTone,broadcastBannerTwoTitle,broadcastBannerTwoMessage,broadcastBannerTwoTone,broadcastBannerThreeTitle,broadcastBannerThreeMessage,broadcastBannerThreeTone 200 in 562ms
 GET /api/user-preferences 200 in 629ms
 GET /icon.png?icon.31d034ff.png 200 in 750ms
 GET /api/settings/system-settings?keys=broadcastBannerActiveId,broadcastBannerOneTitle,broadcastBannerOneMessage,broadcastBannerOneTone,broadcastBannerTwoTitle,broadcastBannerTwoMessage,broadcastBannerTwoTone,broadcastBannerThreeTitle,broadcastBannerThreeMessage,broadcastBannerThreeTone 200 in 880ms
 GET /api/auth/session 200 in 818ms
 GET /api/settings/system-settings?keys=appLogoDataUrl%2CappName%2CshowLogoOnly%2CsidebarLogoSize%2CcollapsedSidebarLogoSize%2CsidebarLogoCollapsedLightMode%2CsidebarLogoExpandedLightMode%2CsidebarLogoCollapsedDarkMode%2CsidebarLogoExpandedDarkMode%2CthemePreference%2CprimaryGradient%2CprimaryButtonShadowL%2CprimaryButtonShadowHoverL%2CprimaryButtonShadowD%2CprimaryButtonShadowHoverD%2CsidebarBackgroundType%2CsidebarBackgroundImageUrl%2CsidebarBackgroundImageFit%2CsidebarBackgroundImagePosition%2CsidebarNavigationMode%2CsidebarSecondaryGroupLabels%2CsidebarBgStartL%2CsidebarBgEndL%2CsidebarTextL%2CsidebarActiveBgStartL%2CsidebarActiveBgEndL%2CsidebarActiveTextL%2CsidebarHoverBgL%2CsidebarHoverTextL%2CsidebarBorderL%2CbuttonTextColorL%2CbuttonTextColorD%2CsidebarBgStartD%2CsidebarBgEndD%2CsidebarTextD%2CsidebarActiveBgStartD%2CsidebarActiveBgEndD%2CsidebarActiveTextD%2CsidebarHoverBgD%2CsidebarHoverTextD%2CsidebarBorderD%2CsidebarFontFamilyL%2CsidebarFontSizeL%2CsidebarFontWeightL%2CsidebarLineHeightL%2CsidebarLetterSpacingL%2CsidebarTextTransformL%2CsidebarFontFamilyD%2CsidebarFontSizeD%2CsidebarFontWeightD%2CsidebarLineHeightD%2CsidebarLetterSpacingD%2CsidebarTextTransformD%2CsidebarBorderWidthL%2CsidebarBorderStyleL%2CsidebarBorderRadiusL%2CsidebarShadowL%2CsidebarShadowHoverL%2CsidebarShadowActiveL%2CsidebarBorderWidthD%2CsidebarBorderStyleD%2CsidebarBorderRadiusD%2CsidebarShadowD%2CsidebarShadowHoverD%2CsidebarShadowActiveD%2CsidebarPaddingXL%2CsidebarPaddingYL%2CsidebarMarginL%2CsidebarGapL%2CsidebarWidthL%2CsidebarWidthCollapsedL%2CsidebarTransitionDurationL%2CsidebarTransitionTimingL%2CsidebarPaddingXD%2CsidebarPaddingYD%2CsidebarMarginD%2CsidebarGapD%2CsidebarWidthD%2CsidebarWidthCollapsedD%2CsidebarTransitionDurationD%2CsidebarTransitionTimingD%2CsidebarMenuItemBgL%2CsidebarMenuItemBgHoverL%2CsidebarMenuItemBgActiveL%2CsidebarMenuItemColorL%2CsidebarMenuItemColorHoverL%2CsidebarMenuItemColorActiveL%2CsidebarMenuItemBorderL%2CsidebarMenuItemBorderHoverL%2CsidebarMenuItemBorderActiveL%2CsidebarMenuItemBorderRadiusL%2CsidebarMenuItemPaddingXL%2CsidebarMenuItemPaddingYL%2CsidebarMenuItemMarginL%2CsidebarMenuItemFontWeightL%2CsidebarMenuItemFontWeightActiveL%2CsidebarMenuItemFontSizeL%2CsidebarMenuItemLineHeightL%2CsidebarMenuItemTransitionL%2CsidebarMenuItemBgD%2CsidebarMenuItemBgHoverD%2CsidebarMenuItemBgActiveD%2CsidebarMenuItemColorD%2CsidebarMenuItemColorHoverD%2CsidebarMenuItemColorActiveD%2CsidebarMenuItemBorderD%2CsidebarMenuItemBorderHoverD%2CsidebarMenuItemBorderActiveD%2CsidebarMenuItemBorderRadiusD%2CsidebarMenuItemPaddingXD%2CsidebarMenuItemPaddingYD%2CsidebarMenuItemMarginD%2CsidebarMenuItemFontWeightD%2CsidebarMenuItemFontWeightActiveD%2CsidebarMenuItemFontSizeD%2CsidebarMenuItemLineHeightD%2CsidebarMenuItemTransitionD%2CsidebarIconSizeL%2CsidebarIconColorL%2CsidebarIconColorHoverL%2CsidebarIconColorActiveL%2CsidebarIconMarginRightL%2CsidebarIconTransitionL%2CsidebarIconSizeD%2CsidebarIconColorD%2CsidebarIconColorHoverD%2CsidebarIconColorActiveD%2CsidebarIconMarginRightD%2CsidebarIconTransitionD%2CsidebarGroupLabelColorL%2CsidebarGroupLabelFontSizeL%2CsidebarGroupLabelFontWeightL%2CsidebarGroupLabelTextTransformL%2CsidebarGroupLabelLetterSpacingL%2CsidebarGroupLabelPaddingL%2CsidebarGroupLabelMarginL%2CsidebarGroupLabelColorD%2CsidebarGroupLabelFontSizeD%2CsidebarGroupLabelFontWeightD%2CsidebarGroupLabelTextTransformD%2CsidebarGroupLabelLetterSpacingD%2CsidebarGroupLabelPaddingD%2CsidebarGroupLabelMarginD 200 in 796ms
 GET /api/settings/system-settings?keys=appName%2CappLogoDataUrl%2CappFaviconDataUrl%2CorganizationLogoDataUrl%2CappThemePreference%2CshowLogoOnly%2CsidebarLogoSize%2CsidebarLogoCollapsedLightMode%2CsidebarLogoExpandedLightMode%2CsidebarLogoCollapsedDarkMode%2CsidebarLogoExpandedDarkMode%2CloginPageLogoLightMode%2CloginPageLogoDarkMode%2CsplashBackgroundColor%2CsplashLogoDataUrl%2CsplashAnimationType%2CpwaEnabled%2CpwaThemeColor%2CpwaBackgroundColor%2CpwaAppleMobileWebAppTitle%2CpwaAppleMobileWebAppStatusBarStyle%2CrightClickProtectionEnabled%2CscreenCaptureProtectionEnabled 200 in 1266ms
 GET /api/user-preferences 200 in 595ms
 GET /api/upload-queue/health 200 in 820ms
 GET /api/broadcast/active 200 in 1186ms
 GET /api/privacy-support/categories 200 in 836ms
 GET /api/settings/platform-setup/status 200 in 776ms
 GET /api/realtime/notifications?limit=50 200 in 588ms
 GET /api/broadcast/active 200 in 954ms
 GET /api/privacy-support/categories 200 in 1008ms
 GET /api/settings/platform-setup/status 200 in 880ms
 GET /api/settings/system-settings?keys=drawerStyle 200 in 547ms
 GET /api/settings/system-settings?keys=broadcastBannerActiveId,broadcastBannerOneTitle,broadcastBannerOneMessage,broadcastBannerOneTone,broadcastBannerTwoTitle,broadcastBannerTwoMessage,broadcastBannerTwoTone,broadcastBannerThreeTitle,broadcastBannerThreeMessage,broadcastBannerThreeTone 200 in 467ms
 GET /api/broadcast/active 200 in 923ms
 GET /api/user-preferences 200 in 526ms
 GET /api/broadcast/active 200 in 830ms
 GET /api/upload-queue/health 200 in 636ms
 GET /api/settings/system-settings?keys=drawerStyle 200 in 700ms
 GET /api/settings/system-settings?keys=broadcastBannerActiveId,broadcastBannerOneTitle,broadcastBannerOneMessage,broadcastBannerOneTone,broadcastBannerTwoTitle,broadcastBannerTwoMessage,broadcastBannerTwoTone,broadcastBannerThreeTitle,broadcastBannerThreeMessage,broadcastBannerThreeTone 200 in 740ms
 GET /api/user-preferences 200 in 1204ms
 GET /api/broadcast/active 200 in 1582ms
 GET /api/settings/system-settings?keys=broadcastBannerActiveId,broadcastBannerOneTitle,broadcastBannerOneMessage,broadcastBannerOneTone,broadcastBannerTwoTitle,broadcastBannerTwoMessage,broadcastBannerTwoTone,broadcastBannerThreeTitle,broadcastBannerThreeMessage,broadcastBannerThreeTone 200 in 657ms
 GET /api/user-preferences 200 in 563ms
 GET /api/settings/system-settings?keys=broadcastBannerActiveId,broadcastBannerOneTitle,broadcastBannerOneMessage,broadcastBannerOneTone,broadcastBannerTwoTitle,broadcastBannerTwoMessage,broadcastBannerTwoTone,broadcastBannerThreeTitle,broadcastBannerThreeMessage,broadcastBannerThreeTone 200 in 501ms
 GET /api/settings/system-settings?keys=broadcastBannerActiveId,broadcastBannerOneTitle,broadcastBannerOneMessage,broadcastBannerOneTone,broadcastBannerTwoTitle,broadcastBannerTwoMessage,broadcastBannerTwoTone,broadcastBannerThreeTitle,broadcastBannerThreeMessage,broadcastBannerThreeTone 200 in 545ms
 GET /api/settings/system-settings?keys=broadcastBannerActiveId,broadcastBannerOneTitle,broadcastBannerOneMessage,broadcastBannerOneTone,broadcastBannerTwoTitle,broadcastBannerTwoMessage,broadcastBannerTwoTone,broadcastBannerThreeTitle,broadcastBannerThreeMessage,broadcastBannerThreeTone 200 in 517ms
 GET /api/settings/system-settings?keys=broadcastBannerActiveId,broadcastBannerOneTitle,broadcastBannerOneMessage,broadcastBannerOneTone,broadcastBannerTwoTitle,broadcastBannerTwoMessage,broadcastBannerTwoTone,broadcastBannerThreeTitle,broadcastBannerThreeMessage,broadcastBannerThreeTone 200 in 532ms
 GET /api/settings/system-settings?keys=broadcastBannerActiveId,broadcastBannerOneTitle,broadcastBannerOneMessage,broadcastBannerOneTone,broadcastBannerTwoTitle,broadcastBannerTwoMessage,broadcastBannerTwoTone,broadcastBannerThreeTitle,broadcastBannerThreeMessage,broadcastBannerThreeTone 200 in 489ms
 GET /api/settings/system-settings?keys=broadcastBannerActiveId,broadcastBannerOneTitle,broadcastBannerOneMessage,broadcastBannerOneTone,broadcastBannerTwoTitle,broadcastBannerTwoMessage,broadcastBannerTwoTone,broadcastBannerThreeTitle,broadcastBannerThreeMessage,broadcastBannerThreeTone 200 in 441ms
 GET /api/settings/system-settings?keys=broadcastBannerActiveId,broadcastBannerOneTitle,broadcastBannerOneMessage,broadcastBannerOneTone,broadcastBannerTwoTitle,broadcastBannerTwoMessage,broadcastBannerTwoTone,broadcastBannerThreeTitle,broadcastBannerThreeMessage,broadcastBannerThreeTone 200 in 495ms
 GET /people/offboarding 200 in 1286ms
 GET /api/auth/session 200 in 825ms
 GET /api/user-preferences 200 in 1010ms
 GET /api/settings/system-settings?keys=appLogoDataUrl%2CappName%2CshowLogoOnly%2CsidebarLogoSize%2CcollapsedSidebarLogoSize%2CsidebarLogoCollapsedLightMode%2CsidebarLogoExpandedLightMode%2CsidebarLogoCollapsedDarkMode%2CsidebarLogoExpandedDarkMode%2CthemePreference%2CprimaryGradient%2CprimaryButtonShadowL%2CprimaryButtonShadowHoverL%2CprimaryButtonShadowD%2CprimaryButtonShadowHoverD%2CsidebarBackgroundType%2CsidebarBackgroundImageUrl%2CsidebarBackgroundImageFit%2CsidebarBackgroundImagePosition%2CsidebarNavigationMode%2CsidebarSecondaryGroupLabels%2CsidebarBgStartL%2CsidebarBgEndL%2CsidebarTextL%2CsidebarActiveBgStartL%2CsidebarActiveBgEndL%2CsidebarActiveTextL%2CsidebarHoverBgL%2CsidebarHoverTextL%2CsidebarBorderL%2CbuttonTextColorL%2CbuttonTextColorD%2CsidebarBgStartD%2CsidebarBgEndD%2CsidebarTextD%2CsidebarActiveBgStartD%2CsidebarActiveBgEndD%2CsidebarActiveTextD%2CsidebarHoverBgD%2CsidebarHoverTextD%2CsidebarBorderD%2CsidebarFontFamilyL%2CsidebarFontSizeL%2CsidebarFontWeightL%2CsidebarLineHeightL%2CsidebarLetterSpacingL%2CsidebarTextTransformL%2CsidebarFontFamilyD%2CsidebarFontSizeD%2CsidebarFontWeightD%2CsidebarLineHeightD%2CsidebarLetterSpacingD%2CsidebarTextTransformD%2CsidebarBorderWidthL%2CsidebarBorderStyleL%2CsidebarBorderRadiusL%2CsidebarShadowL%2CsidebarShadowHoverL%2CsidebarShadowActiveL%2CsidebarBorderWidthD%2CsidebarBorderStyleD%2CsidebarBorderRadiusD%2CsidebarShadowD%2CsidebarShadowHoverD%2CsidebarShadowActiveD%2CsidebarPaddingXL%2CsidebarPaddingYL%2CsidebarMarginL%2CsidebarGapL%2CsidebarWidthL%2CsidebarWidthCollapsedL%2CsidebarTransitionDurationL%2CsidebarTransitionTimingL%2CsidebarPaddingXD%2CsidebarPaddingYD%2CsidebarMarginD%2CsidebarGapD%2CsidebarWidthD%2CsidebarWidthCollapsedD%2CsidebarTransitionDurationD%2CsidebarTransitionTimingD%2CsidebarMenuItemBgL%2CsidebarMenuItemBgHoverL%2CsidebarMenuItemBgActiveL%2CsidebarMenuItemColorL%2CsidebarMenuItemColorHoverL%2CsidebarMenuItemColorActiveL%2CsidebarMenuItemBorderL%2CsidebarMenuItemBorderHoverL%2CsidebarMenuItemBorderActiveL%2CsidebarMenuItemBorderRadiusL%2CsidebarMenuItemPaddingXL%2CsidebarMenuItemPaddingYL%2CsidebarMenuItemMarginL%2CsidebarMenuItemFontWeightL%2CsidebarMenuItemFontWeightActiveL%2CsidebarMenuItemFontSizeL%2CsidebarMenuItemLineHeightL%2CsidebarMenuItemTransitionL%2CsidebarMenuItemBgD%2CsidebarMenuItemBgHoverD%2CsidebarMenuItemBgActiveD%2CsidebarMenuItemColorD%2CsidebarMenuItemColorHoverD%2CsidebarMenuItemColorActiveD%2CsidebarMenuItemBorderD%2CsidebarMenuItemBorderHoverD%2CsidebarMenuItemBorderActiveD%2CsidebarMenuItemBorderRadiusD%2CsidebarMenuItemPaddingXD%2CsidebarMenuItemPaddingYD%2CsidebarMenuItemMarginD%2CsidebarMenuItemFontWeightD%2CsidebarMenuItemFontWeightActiveD%2CsidebarMenuItemFontSizeD%2CsidebarMenuItemLineHeightD%2CsidebarMenuItemTransitionD%2CsidebarIconSizeL%2CsidebarIconColorL%2CsidebarIconColorHoverL%2CsidebarIconColorActiveL%2CsidebarIconMarginRightL%2CsidebarIconTransitionL%2CsidebarIconSizeD%2CsidebarIconColorD%2CsidebarIconColorHoverD%2CsidebarIconColorActiveD%2CsidebarIconMarginRightD%2CsidebarIconTransitionD%2CsidebarGroupLabelColorL%2CsidebarGroupLabelFontSizeL%2CsidebarGroupLabelFontWeightL%2CsidebarGroupLabelTextTransformL%2CsidebarGroupLabelLetterSpacingL%2CsidebarGroupLabelPaddingL%2CsidebarGroupLabelMarginL%2CsidebarGroupLabelColorD%2CsidebarGroupLabelFontSizeD%2CsidebarGroupLabelFontWeightD%2CsidebarGroupLabelTextTransformD%2CsidebarGroupLabelLetterSpacingD%2CsidebarGroupLabelPaddingD%2CsidebarGroupLabelMarginD 200 in 540ms
 GET /api/settings/system-settings?keys=appName%2CappLogoDataUrl%2CappFaviconDataUrl%2CorganizationLogoDataUrl%2CappThemePreference%2CshowLogoOnly%2CsidebarLogoSize%2CsidebarLogoCollapsedLightMode%2CsidebarLogoExpandedLightMode%2CsidebarLogoCollapsedDarkMode%2CsidebarLogoExpandedDarkMode%2CloginPageLogoLightMode%2CloginPageLogoDarkMode%2CsplashBackgroundColor%2CsplashLogoDataUrl%2CsplashAnimationType%2CpwaEnabled%2CpwaThemeColor%2CpwaBackgroundColor%2CpwaAppleMobileWebAppTitle%2CpwaAppleMobileWebAppStatusBarStyle%2CrightClickProtectionEnabled%2CscreenCaptureProtectionEnabled 200 in 1078ms
 GET /api/broadcast/active 200 in 880ms
 ○ Compiling /people/org-chart ...
 GET /api/upload-queue/health 200 in 607ms
 ✓ Compiled /people/org-chart in 1381ms
 HEAD /people/org-chart 200 in 1669ms
 GET /api/settings/system-settings?keys=drawerStyle 200 in 659ms
 GET /api/settings/dropdown-options?key=offboarding_exit_types 200 in 507ms
 GET /api/hr/v1/exits?pageSize=100 200 in 1196ms
 GET /api/hr/employees 200 in 1649ms
 GET /api/privacy-support/categories 200 in 1217ms
 ✓ Compiled in 290ms
 GET /api/settings/platform-setup/status 200 in 1489ms
 GET /api/realtime/notifications?limit=50 200 in 650ms
 GET /api/broadcast/active 200 in 934ms
 GET /api/hr/v1/exits?pageSize=100 200 in 928ms
 GET /api/hr/employees 200 in 831ms
 GET /api/privacy-support/categories 200 in 924ms
 GET /api/settings/platform-setup/status 200 in 780ms
 GET /api/broadcast/active 200 in 858ms
 GET /api/user-preferences 200 in 773ms
 GET /api/broadcast/active 200 in 1763ms
 GET /api/settings/system-settings?keys=broadcastBannerActiveId,broadcastBannerOneTitle,broadcastBannerOneMessage,broadcastBannerOneTone,broadcastBannerTwoTitle,broadcastBannerTwoMessage,broadcastBannerTwoTone,broadcastBannerThreeTitle,broadcastBannerThreeMessage,broadcastBannerThreeTone 200 in 581ms
 GET /api/upload-queue/health 200 in 721ms
 GET /api/settings/system-settings?keys=drawerStyle 200 in 456ms
 GET /api/settings/dropdown-options?key=offboarding_exit_types 200 in 514ms
 GET /api/hr/employee-options 200 in 579ms
 GET /api/user-preferences 200 in 525ms
 GET /api/broadcast/active 200 in 835ms
 GET /api/settings/system-settings?keys=broadcastBannerActiveId,broadcastBannerOneTitle,broadcastBannerOneMessage,broadcastBannerOneTone,broadcastBannerTwoTitle,broadcastBannerTwoMessage,broadcastBannerTwoTone,broadcastBannerThreeTitle,broadcastBannerThreeMessage,broadcastBannerThreeTone 200 in 472ms
 GET /api/upload-queue/health 200 in 681ms
 ✓ Compiled in 308ms
 GET /api/settings/system-settings?keys=drawerStyle 200 in 529ms
 GET /api/settings/system-settings?keys=drawerStyle 200 in 812ms
 ○ Compiling /payroll/runs ...
 ✓ Compiled /payroll/runs in 876ms
 GET /payroll/runs 200 in 1209ms
 GET /api/user-preferences 200 in 595ms
 GET /api/settings/system-settings?keys=broadcastBannerActiveId,broadcastBannerOneTitle,broadcastBannerOneMessage,broadcastBannerOneTone,broadcastBannerTwoTitle,broadcastBannerTwoMessage,broadcastBannerTwoTone,broadcastBannerThreeTitle,broadcastBannerThreeMessage,broadcastBannerThreeTone 200 in 429ms
 GET /api/upload-queue/health 200 in 598ms
 GET /api/settings/system-settings?keys=broadcastBannerActiveId,broadcastBannerOneTitle,broadcastBannerOneMessage,broadcastBannerOneTone,broadcastBannerTwoTitle,broadcastBannerTwoMessage,broadcastBannerTwoTone,broadcastBannerThreeTitle,broadcastBannerThreeMessage,broadcastBannerThreeTone 200 in 428ms
 GET /api/upload-queue/health 200 in 785ms
 GET /api/settings/system-settings?keys=broadcastBannerActiveId,broadcastBannerOneTitle,broadcastBannerOneMessage,broadcastBannerOneTone,broadcastBannerTwoTitle,broadcastBannerTwoMessage,broadcastBannerTwoTone,broadcastBannerThreeTitle,broadcastBannerThreeMessage,broadcastBannerThreeTone 200 in 436ms
 GET /api/upload-queue/health 200 in 580ms
 GET /api/upload-queue/health 200 in 613ms
 GET /api/upload-queue/health 200 in 615ms
 GET /api/upload-queue/health 200 in 914ms
 ✓ Compiled in 411ms
 GET /api/upload-queue/health 200 in 719ms
 GET /api/broadcast/active 200 in 839ms
 ✓ Compiled /api/payroll/workspace/[resource] in 179ms
 GET /api/payroll/workspace/runs 200 in 2144ms
 GET /api/settings/platform-setup/status 200 in 1093ms
 GET /api/payroll/workspace/runs 200 in 973ms
 GET /icon.png?icon.31d034ff.png 200 in 761ms
 GET /api/settings/system-settings?keys=broadcastBannerActiveId,broadcastBannerOneTitle,broadcastBannerOneMessage,broadcastBannerOneTone,broadcastBannerTwoTitle,broadcastBannerTwoMessage,broadcastBannerTwoTone,broadcastBannerThreeTitle,broadcastBannerThreeMessage,broadcastBannerThreeTone 200 in 435ms
 GET /api/auth/session 200 in 508ms
 GET /api/auth/session 200 in 614ms
 GET /api/auth/session 200 in 649ms
 GET /api/auth/session 200 in 621ms
 GET /api/auth/session 200 in 690ms
 GET /api/auth/session 200 in 530ms
 ✓ Compiled in 471ms
 GET /payroll/payslips?preview=1 200 in 1364ms
 GET /api/user-preferences 200 in 1187ms
 GET /api/auth/session 200 in 696ms
 GET /api/settings/system-settings?keys=appLogoDataUrl%2CappName%2CshowLogoOnly%2CsidebarLogoSize%2CcollapsedSidebarLogoSize%2CsidebarLogoCollapsedLightMode%2CsidebarLogoExpandedLightMode%2CsidebarLogoCollapsedDarkMode%2CsidebarLogoExpandedDarkMode%2CthemePreference%2CprimaryGradient%2CprimaryButtonShadowL%2CprimaryButtonShadowHoverL%2CprimaryButtonShadowD%2CprimaryButtonShadowHoverD%2CsidebarBackgroundType%2CsidebarBackgroundImageUrl%2CsidebarBackgroundImageFit%2CsidebarBackgroundImagePosition%2CsidebarNavigationMode%2CsidebarSecondaryGroupLabels%2CsidebarBgStartL%2CsidebarBgEndL%2CsidebarTextL%2CsidebarActiveBgStartL%2CsidebarActiveBgEndL%2CsidebarActiveTextL%2CsidebarHoverBgL%2CsidebarHoverTextL%2CsidebarBorderL%2CbuttonTextColorL%2CbuttonTextColorD%2CsidebarBgStartD%2CsidebarBgEndD%2CsidebarTextD%2CsidebarActiveBgStartD%2CsidebarActiveBgEndD%2CsidebarActiveTextD%2CsidebarHoverBgD%2CsidebarHoverTextD%2CsidebarBorderD%2CsidebarFontFamilyL%2CsidebarFontSizeL%2CsidebarFontWeightL%2CsidebarLineHeightL%2CsidebarLetterSpacingL%2CsidebarTextTransformL%2CsidebarFontFamilyD%2CsidebarFontSizeD%2CsidebarFontWeightD%2CsidebarLineHeightD%2CsidebarLetterSpacingD%2CsidebarTextTransformD%2CsidebarBorderWidthL%2CsidebarBorderStyleL%2CsidebarBorderRadiusL%2CsidebarShadowL%2CsidebarShadowHoverL%2CsidebarShadowActiveL%2CsidebarBorderWidthD%2CsidebarBorderStyleD%2CsidebarBorderRadiusD%2CsidebarShadowD%2CsidebarShadowHoverD%2CsidebarShadowActiveD%2CsidebarPaddingXL%2CsidebarPaddingYL%2CsidebarMarginL%2CsidebarGapL%2CsidebarWidthL%2CsidebarWidthCollapsedL%2CsidebarTransitionDurationL%2CsidebarTransitionTimingL%2CsidebarPaddingXD%2CsidebarPaddingYD%2CsidebarMarginD%2CsidebarGapD%2CsidebarWidthD%2CsidebarWidthCollapsedD%2CsidebarTransitionDurationD%2CsidebarTransitionTimingD%2CsidebarMenuItemBgL%2CsidebarMenuItemBgHoverL%2CsidebarMenuItemBgActiveL%2CsidebarMenuItemColorL%2CsidebarMenuItemColorHoverL%2CsidebarMenuItemColorActiveL%2CsidebarMenuItemBorderL%2CsidebarMenuItemBorderHoverL%2CsidebarMenuItemBorderActiveL%2CsidebarMenuItemBorderRadiusL%2CsidebarMenuItemPaddingXL%2CsidebarMenuItemPaddingYL%2CsidebarMenuItemMarginL%2CsidebarMenuItemFontWeightL%2CsidebarMenuItemFontWeightActiveL%2CsidebarMenuItemFontSizeL%2CsidebarMenuItemLineHeightL%2CsidebarMenuItemTransitionL%2CsidebarMenuItemBgD%2CsidebarMenuItemBgHoverD%2CsidebarMenuItemBgActiveD%2CsidebarMenuItemColorD%2CsidebarMenuItemColorHoverD%2CsidebarMenuItemColorActiveD%2CsidebarMenuItemBorderD%2CsidebarMenuItemBorderHoverD%2CsidebarMenuItemBorderActiveD%2CsidebarMenuItemBorderRadiusD%2CsidebarMenuItemPaddingXD%2CsidebarMenuItemPaddingYD%2CsidebarMenuItemMarginD%2CsidebarMenuItemFontWeightD%2CsidebarMenuItemFontWeightActiveD%2CsidebarMenuItemFontSizeD%2CsidebarMenuItemLineHeightD%2CsidebarMenuItemTransitionD%2CsidebarIconSizeL%2CsidebarIconColorL%2CsidebarIconColorHoverL%2CsidebarIconColorActiveL%2CsidebarIconMarginRightL%2CsidebarIconTransitionL%2CsidebarIconSizeD%2CsidebarIconColorD%2CsidebarIconColorHoverD%2CsidebarIconColorActiveD%2CsidebarIconMarginRightD%2CsidebarIconTransitionD%2CsidebarGroupLabelColorL%2CsidebarGroupLabelFontSizeL%2CsidebarGroupLabelFontWeightL%2CsidebarGroupLabelTextTransformL%2CsidebarGroupLabelLetterSpacingL%2CsidebarGroupLabelPaddingL%2CsidebarGroupLabelMarginL%2CsidebarGroupLabelColorD%2CsidebarGroupLabelFontSizeD%2CsidebarGroupLabelFontWeightD%2CsidebarGroupLabelTextTransformD%2CsidebarGroupLabelLetterSpacingD%2CsidebarGroupLabelPaddingD%2CsidebarGroupLabelMarginD 200 in 580ms
 GET /api/settings/system-settings?keys=appName%2CappLogoDataUrl%2CappFaviconDataUrl%2CorganizationLogoDataUrl%2CappThemePreference%2CshowLogoOnly%2CsidebarLogoSize%2CsidebarLogoCollapsedLightMode%2CsidebarLogoExpandedLightMode%2CsidebarLogoCollapsedDarkMode%2CsidebarLogoExpandedDarkMode%2CloginPageLogoLightMode%2CloginPageLogoDarkMode%2CsplashBackgroundColor%2CsplashLogoDataUrl%2CsplashAnimationType%2CpwaEnabled%2CpwaThemeColor%2CpwaBackgroundColor%2CpwaAppleMobileWebAppTitle%2CpwaAppleMobileWebAppStatusBarStyle%2CrightClickProtectionEnabled%2CscreenCaptureProtectionEnabled 200 in 1038ms
 ✓ Compiled in 456ms
 GET /api/sse 200 in 162823ms
 GET /api/sse 200 in 240712ms
 GET /settings?adminTab=hr-setup&setupView=map 200 in 1374ms
 GET /api/upload-queue/health 200 in 2830ms
 GET /api/broadcast/active 200 in 3254ms
 GET /api/privacy-support/categories 200 in 1559ms
 GET /api/settings/platform-setup/status 200 in 1271ms
 GET /api/realtime/notifications?limit=50 200 in 1041ms
 GET /people/org-chart 200 in 1311ms
 GET /api/broadcast/active 200 in 925ms
 GET /api/privacy-support/categories 200 in 892ms
 GET /api/settings/system-settings?keys=drawerStyle 200 in 471ms
 GET /api/settings/platform-setup/status 200 in 788ms
 GET /api/user-preferences 200 in 547ms
 GET /api/broadcast/active 200 in 950ms
 GET /api/upload-queue/health 200 in 591ms
 GET /api/broadcast/active 200 in 886ms
 GET /api/settings/system-settings?keys=drawerStyle 200 in 527ms
 GET /api/user-preferences 200 in 631ms
 GET /api/settings/system-settings?keys=broadcastBannerActiveId,broadcastBannerOneTitle,broadcastBannerOneMessage,broadcastBannerOneTone,broadcastBannerTwoTitle,broadcastBannerTwoMessage,broadcastBannerTwoTone,broadcastBannerThreeTitle,broadcastBannerThreeMessage,broadcastBannerThreeTone 200 in 499ms
 GET /api/user-preferences 200 in 593ms
 GET /api/settings/system-settings?keys=broadcastBannerActiveId,broadcastBannerOneTitle,broadcastBannerOneMessage,broadcastBannerOneTone,broadcastBannerTwoTitle,broadcastBannerTwoMessage,broadcastBannerTwoTone,broadcastBannerThreeTitle,broadcastBannerThreeMessage,broadcastBannerThreeTone 200 in 424ms
 GET /api/broadcast/active 200 in 879ms
 GET /api/settings/system-settings?keys=broadcastBannerActiveId,broadcastBannerOneTitle,broadcastBannerOneMessage,broadcastBannerOneTone,broadcastBannerTwoTitle,broadcastBannerTwoMessage,broadcastBannerTwoTone,broadcastBannerThreeTitle,broadcastBannerThreeMessage,broadcastBannerThreeTone 200 in 423ms
 GET /api/settings/system-settings?keys=broadcastBannerActiveId,broadcastBannerOneTitle,broadcastBannerOneMessage,broadcastBannerOneTone,broadcastBannerTwoTitle,broadcastBannerTwoMessage,broadcastBannerTwoTone,broadcastBannerThreeTitle,broadcastBannerThreeMessage,broadcastBannerThreeTone 200 in 452ms
 GET /api/auth/session 200 in 565ms
 GET /api/user-preferences 200 in 705ms
 GET /api/settings/system-settings?keys=appLogoDataUrl%2CappName%2CshowLogoOnly%2CsidebarLogoSize%2CcollapsedSidebarLogoSize%2CsidebarLogoCollapsedLightMode%2CsidebarLogoExpandedLightMode%2CsidebarLogoCollapsedDarkMode%2CsidebarLogoExpandedDarkMode%2CthemePreference%2CprimaryGradient%2CprimaryButtonShadowL%2CprimaryButtonShadowHoverL%2CprimaryButtonShadowD%2CprimaryButtonShadowHoverD%2CsidebarBackgroundType%2CsidebarBackgroundImageUrl%2CsidebarBackgroundImageFit%2CsidebarBackgroundImagePosition%2CsidebarNavigationMode%2CsidebarSecondaryGroupLabels%2CsidebarBgStartL%2CsidebarBgEndL%2CsidebarTextL%2CsidebarActiveBgStartL%2CsidebarActiveBgEndL%2CsidebarActiveTextL%2CsidebarHoverBgL%2CsidebarHoverTextL%2CsidebarBorderL%2CbuttonTextColorL%2CbuttonTextColorD%2CsidebarBgStartD%2CsidebarBgEndD%2CsidebarTextD%2CsidebarActiveBgStartD%2CsidebarActiveBgEndD%2CsidebarActiveTextD%2CsidebarHoverBgD%2CsidebarHoverTextD%2CsidebarBorderD%2CsidebarFontFamilyL%2CsidebarFontSizeL%2CsidebarFontWeightL%2CsidebarLineHeightL%2CsidebarLetterSpacingL%2CsidebarTextTransformL%2CsidebarFontFamilyD%2CsidebarFontSizeD%2CsidebarFontWeightD%2CsidebarLineHeightD%2CsidebarLetterSpacingD%2CsidebarTextTransformD%2CsidebarBorderWidthL%2CsidebarBorderStyleL%2CsidebarBorderRadiusL%2CsidebarShadowL%2CsidebarShadowHoverL%2CsidebarShadowActiveL%2CsidebarBorderWidthD%2CsidebarBorderStyleD%2CsidebarBorderRadiusD%2CsidebarShadowD%2CsidebarShadowHoverD%2CsidebarShadowActiveD%2CsidebarPaddingXL%2CsidebarPaddingYL%2CsidebarMarginL%2CsidebarGapL%2CsidebarWidthL%2CsidebarWidthCollapsedL%2CsidebarTransitionDurationL%2CsidebarTransitionTimingL%2CsidebarPaddingXD%2CsidebarPaddingYD%2CsidebarMarginD%2CsidebarGapD%2CsidebarWidthD%2CsidebarWidthCollapsedD%2CsidebarTransitionDurationD%2CsidebarTransitionTimingD%2CsidebarMenuItemBgL%2CsidebarMenuItemBgHoverL%2CsidebarMenuItemBgActiveL%2CsidebarMenuItemColorL%2CsidebarMenuItemColorHoverL%2CsidebarMenuItemColorActiveL%2CsidebarMenuItemBorderL%2CsidebarMenuItemBorderHoverL%2CsidebarMenuItemBorderActiveL%2CsidebarMenuItemBorderRadiusL%2CsidebarMenuItemPaddingXL%2CsidebarMenuItemPaddingYL%2CsidebarMenuItemMarginL%2CsidebarMenuItemFontWeightL%2CsidebarMenuItemFontWeightActiveL%2CsidebarMenuItemFontSizeL%2CsidebarMenuItemLineHeightL%2CsidebarMenuItemTransitionL%2CsidebarMenuItemBgD%2CsidebarMenuItemBgHoverD%2CsidebarMenuItemBgActiveD%2CsidebarMenuItemColorD%2CsidebarMenuItemColorHoverD%2CsidebarMenuItemColorActiveD%2CsidebarMenuItemBorderD%2CsidebarMenuItemBorderHoverD%2CsidebarMenuItemBorderActiveD%2CsidebarMenuItemBorderRadiusD%2CsidebarMenuItemPaddingXD%2CsidebarMenuItemPaddingYD%2CsidebarMenuItemMarginD%2CsidebarMenuItemFontWeightD%2CsidebarMenuItemFontWeightActiveD%2CsidebarMenuItemFontSizeD%2CsidebarMenuItemLineHeightD%2CsidebarMenuItemTransitionD%2CsidebarIconSizeL%2CsidebarIconColorL%2CsidebarIconColorHoverL%2CsidebarIconColorActiveL%2CsidebarIconMarginRightL%2CsidebarIconTransitionL%2CsidebarIconSizeD%2CsidebarIconColorD%2CsidebarIconColorHoverD%2CsidebarIconColorActiveD%2CsidebarIconMarginRightD%2CsidebarIconTransitionD%2CsidebarGroupLabelColorL%2CsidebarGroupLabelFontSizeL%2CsidebarGroupLabelFontWeightL%2CsidebarGroupLabelTextTransformL%2CsidebarGroupLabelLetterSpacingL%2CsidebarGroupLabelPaddingL%2CsidebarGroupLabelMarginL%2CsidebarGroupLabelColorD%2CsidebarGroupLabelFontSizeD%2CsidebarGroupLabelFontWeightD%2CsidebarGroupLabelTextTransformD%2CsidebarGroupLabelLetterSpacingD%2CsidebarGroupLabelPaddingD%2CsidebarGroupLabelMarginD 200 in 595ms
 GET /api/settings/system-settings?keys=appName%2CappLogoDataUrl%2CappFaviconDataUrl%2CorganizationLogoDataUrl%2CappThemePreference%2CshowLogoOnly%2CsidebarLogoSize%2CsidebarLogoCollapsedLightMode%2CsidebarLogoExpandedLightMode%2CsidebarLogoCollapsedDarkMode%2CsidebarLogoExpandedDarkMode%2CloginPageLogoLightMode%2CloginPageLogoDarkMode%2CsplashBackgroundColor%2CsplashLogoDataUrl%2CsplashAnimationType%2CpwaEnabled%2CpwaThemeColor%2CpwaBackgroundColor%2CpwaAppleMobileWebAppTitle%2CpwaAppleMobileWebAppStatusBarStyle%2CrightClickProtectionEnabled%2CscreenCaptureProtectionEnabled 200 in 1122ms
 GET /api/settings/system-settings?keys=broadcastBannerActiveId,broadcastBannerOneTitle,broadcastBannerOneMessage,broadcastBannerOneTone,broadcastBannerTwoTitle,broadcastBannerTwoMessage,broadcastBannerTwoTone,broadcastBannerThreeTitle,broadcastBannerThreeMessage,broadcastBannerThreeTone 200 in 437ms
 GET /api/broadcast/active 200 in 1208ms
 GET /api/upload-queue/health 200 in 866ms
 GET /api/privacy-support/categories 200 in 1763ms
 GET /api/settings/platform-setup/status 200 in 1051ms
 GET /api/realtime/notifications?limit=50 200 in 529ms
 ✓ Compiled in 343ms
 GET /api/broadcast/active 200 in 900ms
 GET /api/privacy-support/categories 200 in 874ms
 GET /api/settings/platform-setup/status 200 in 762ms
 GET /api/settings/system-settings?keys=drawerStyle 200 in 434ms
 GET /api/broadcast/active 200 in 875ms
 GET /api/settings/platform-setup/status 200 in 748ms
 GET /api/settings/platform-setup/status 200 in 743ms
 GET /api/user-preferences 200 in 531ms
 GET /api/broadcast/active 200 in 879ms
 GET /api/settings/system-settings?keys=broadcastBannerActiveId,broadcastBannerOneTitle,broadcastBannerOneMessage,broadcastBannerOneTone,broadcastBannerTwoTitle,broadcastBannerTwoMessage,broadcastBannerTwoTone,broadcastBannerThreeTitle,broadcastBannerThreeMessage,broadcastBannerThreeTone 200 in 546ms
 GET /api/upload-queue/health 200 in 1052ms
 GET /api/settings/system-settings?keys=drawerStyle 200 in 607ms
 GET /api/user-preferences 200 in 828ms
 GET /api/broadcast/active 200 in 1578ms
 GET /api/settings/system-settings?keys=broadcastBannerActiveId,broadcastBannerOneTitle,broadcastBannerOneMessage,broadcastBannerOneTone,broadcastBannerTwoTitle,broadcastBannerTwoMessage,broadcastBannerTwoTone,broadcastBannerThreeTitle,broadcastBannerThreeMessage,broadcastBannerThreeTone 200 in 489ms
 GET /api/upload-queue/health 200 in 605ms
 GET /api/settings/system-settings?keys=drawerStyle 200 in 446ms
 GET /api/user-preferences 200 in 518ms
 GET /api/settings/system-settings?keys=broadcastBannerActiveId,broadcastBannerOneTitle,broadcastBannerOneMessage,broadcastBannerOneTone,broadcastBannerTwoTitle,broadcastBannerTwoMessage,broadcastBannerTwoTone,broadcastBannerThreeTitle,broadcastBannerThreeMessage,broadcastBannerThreeTone 200 in 440ms
 GET /api/upload-queue/health 200 in 598ms
 GET /api/settings/system-settings?keys=drawerStyle 200 in 423ms
 GET /api/settings/system-settings?keys=broadcastBannerActiveId,broadcastBannerOneTitle,broadcastBannerOneMessage,broadcastBannerOneTone,broadcastBannerTwoTitle,broadcastBannerTwoMessage,broadcastBannerTwoTone,broadcastBannerThreeTitle,broadcastBannerThreeMessage,broadcastBannerThreeTone 200 in 553ms
 GET /api/settings/system-settings?keys=broadcastBannerActiveId,broadcastBannerOneTitle,broadcastBannerOneMessage,broadcastBannerOneTone,broadcastBannerTwoTitle,broadcastBannerTwoMessage,broadcastBannerTwoTone,broadcastBannerThreeTitle,broadcastBannerThreeMessage,broadcastBannerThreeTone 200 in 590ms
 GET /icon.png?icon.31d034ff.png 200 in 431ms
 GET /api/user-preferences 200 in 724ms
 GET /api/auth/session 200 in 484ms
 GET /api/settings/system-settings?keys=appLogoDataUrl%2CappName%2CshowLogoOnly%2CsidebarLogoSize%2CcollapsedSidebarLogoSize%2CsidebarLogoCollapsedLightMode%2CsidebarLogoExpandedLightMode%2CsidebarLogoCollapsedDarkMode%2CsidebarLogoExpandedDarkMode%2CthemePreference%2CprimaryGradient%2CprimaryButtonShadowL%2CprimaryButtonShadowHoverL%2CprimaryButtonShadowD%2CprimaryButtonShadowHoverD%2CsidebarBackgroundType%2CsidebarBackgroundImageUrl%2CsidebarBackgroundImageFit%2CsidebarBackgroundImagePosition%2CsidebarNavigationMode%2CsidebarSecondaryGroupLabels%2CsidebarBgStartL%2CsidebarBgEndL%2CsidebarTextL%2CsidebarActiveBgStartL%2CsidebarActiveBgEndL%2CsidebarActiveTextL%2CsidebarHoverBgL%2CsidebarHoverTextL%2CsidebarBorderL%2CbuttonTextColorL%2CbuttonTextColorD%2CsidebarBgStartD%2CsidebarBgEndD%2CsidebarTextD%2CsidebarActiveBgStartD%2CsidebarActiveBgEndD%2CsidebarActiveTextD%2CsidebarHoverBgD%2CsidebarHoverTextD%2CsidebarBorderD%2CsidebarFontFamilyL%2CsidebarFontSizeL%2CsidebarFontWeightL%2CsidebarLineHeightL%2CsidebarLetterSpacingL%2CsidebarTextTransformL%2CsidebarFontFamilyD%2CsidebarFontSizeD%2CsidebarFontWeightD%2CsidebarLineHeightD%2CsidebarLetterSpacingD%2CsidebarTextTransformD%2CsidebarBorderWidthL%2CsidebarBorderStyleL%2CsidebarBorderRadiusL%2CsidebarShadowL%2CsidebarShadowHoverL%2CsidebarShadowActiveL%2CsidebarBorderWidthD%2CsidebarBorderStyleD%2CsidebarBorderRadiusD%2CsidebarShadowD%2CsidebarShadowHoverD%2CsidebarShadowActiveD%2CsidebarPaddingXL%2CsidebarPaddingYL%2CsidebarMarginL%2CsidebarGapL%2CsidebarWidthL%2CsidebarWidthCollapsedL%2CsidebarTransitionDurationL%2CsidebarTransitionTimingL%2CsidebarPaddingXD%2CsidebarPaddingYD%2CsidebarMarginD%2CsidebarGapD%2CsidebarWidthD%2CsidebarWidthCollapsedD%2CsidebarTransitionDurationD%2CsidebarTransitionTimingD%2CsidebarMenuItemBgL%2CsidebarMenuItemBgHoverL%2CsidebarMenuItemBgActiveL%2CsidebarMenuItemColorL%2CsidebarMenuItemColorHoverL%2CsidebarMenuItemColorActiveL%2CsidebarMenuItemBorderL%2CsidebarMenuItemBorderHoverL%2CsidebarMenuItemBorderActiveL%2CsidebarMenuItemBorderRadiusL%2CsidebarMenuItemPaddingXL%2CsidebarMenuItemPaddingYL%2CsidebarMenuItemMarginL%2CsidebarMenuItemFontWeightL%2CsidebarMenuItemFontWeightActiveL%2CsidebarMenuItemFontSizeL%2CsidebarMenuItemLineHeightL%2CsidebarMenuItemTransitionL%2CsidebarMenuItemBgD%2CsidebarMenuItemBgHoverD%2CsidebarMenuItemBgActiveD%2CsidebarMenuItemColorD%2CsidebarMenuItemColorHoverD%2CsidebarMenuItemColorActiveD%2CsidebarMenuItemBorderD%2CsidebarMenuItemBorderHoverD%2CsidebarMenuItemBorderActiveD%2CsidebarMenuItemBorderRadiusD%2CsidebarMenuItemPaddingXD%2CsidebarMenuItemPaddingYD%2CsidebarMenuItemMarginD%2CsidebarMenuItemFontWeightD%2CsidebarMenuItemFontWeightActiveD%2CsidebarMenuItemFontSizeD%2CsidebarMenuItemLineHeightD%2CsidebarMenuItemTransitionD%2CsidebarIconSizeL%2CsidebarIconColorL%2CsidebarIconColorHoverL%2CsidebarIconColorActiveL%2CsidebarIconMarginRightL%2CsidebarIconTransitionL%2CsidebarIconSizeD%2CsidebarIconColorD%2CsidebarIconColorHoverD%2CsidebarIconColorActiveD%2CsidebarIconMarginRightD%2CsidebarIconTransitionD%2CsidebarGroupLabelColorL%2CsidebarGroupLabelFontSizeL%2CsidebarGroupLabelFontWeightL%2CsidebarGroupLabelTextTransformL%2CsidebarGroupLabelLetterSpacingL%2CsidebarGroupLabelPaddingL%2CsidebarGroupLabelMarginL%2CsidebarGroupLabelColorD%2CsidebarGroupLabelFontSizeD%2CsidebarGroupLabelFontWeightD%2CsidebarGroupLabelTextTransformD%2CsidebarGroupLabelLetterSpacingD%2CsidebarGroupLabelPaddingD%2CsidebarGroupLabelMarginD 200 in 454ms
 GET /api/settings/system-settings?keys=appName%2CappLogoDataUrl%2CappFaviconDataUrl%2CorganizationLogoDataUrl%2CappThemePreference%2CshowLogoOnly%2CsidebarLogoSize%2CsidebarLogoCollapsedLightMode%2CsidebarLogoExpandedLightMode%2CsidebarLogoCollapsedDarkMode%2CsidebarLogoExpandedDarkMode%2CloginPageLogoLightMode%2CloginPageLogoDarkMode%2CsplashBackgroundColor%2CsplashLogoDataUrl%2CsplashAnimationType%2CpwaEnabled%2CpwaThemeColor%2CpwaBackgroundColor%2CpwaAppleMobileWebAppTitle%2CpwaAppleMobileWebAppStatusBarStyle%2CrightClickProtectionEnabled%2CscreenCaptureProtectionEnabled 200 in 1259ms
 ✓ Compiled in 315ms
 ✓ Compiled in 373ms
 ✓ Compiled in 566ms
 ✓ Compiled in 445ms
 ✓ Compiled in 615ms
 ✓ Compiled in 548ms
 ✓ Compiled in 572ms
 ✓ Compiled in 1048ms
 ✓ Compiled in 307ms
 ✓ Compiled in 450ms
 ✓ Compiled instrumentation Node.js in 1ms
 ✓ Compiled instrumentation Edge in 0ms
 ✓ Compiled middleware in 2ms
 HEAD /people/probation 200 in 898ms
 ✓ Compiled in 543ms
[?25h
